SEQN,cycle,diabetes_risk,hypertension_risk,ckd_risk,dyslipidemia_risk,cvd_risk,metabolic_syndrome_risk,liver_disease_risk
130378.0,3,0.08550245421999919,0.9335953234507111,0.012291035796874884,0.9104444664320321,0.02898693,0.6197126145171755,0.5796248
130379.0,3,0.3045721642946397,0.6633298334857168,0.3617534331796253,0.4628854734826366,0.067261755,0.8457871643166534,0.35501403
130380.0,3,0.8515115664080053,0.6094651853072761,0.012317821025179625,0.9968793041369631,0.032083947,0.7449292978295625,0.2754303
130386.0,3,0.017521514463826826,0.2098966741715169,0.026982709045708844,0.47145886540783843,0.0075938073,0.24008777726608246,0.2774597
130394.0,3,0.0906319402345904,0.1272340130404443,0.01741956604943621,0.4087937536461491,0.017674921,0.0808153273501513,0.04900017
130395.0,3,0.040717708745201996,0.7407493124488599,0.016903610131350947,0.32905397304055195,0.028862627,0.31804801833833046,0.02130989
130396.0,3,0.14575651265283232,0.3501837166978409,0.060914607680533,0.6870058391875996,0.041341506,0.13909573574320122,0.03881636
130397.0,3,0.13614565954395716,0.9935890420942852,0.07391245568228764,0.2852203760046829,0.07658175,0.7075407088666005,0.012302229
130398.0,3,0.17007261043949753,0.23018199786326057,0.06540475029799978,0.5681511407682955,0.01975268,0.42143163251538224,0.30882204
130402.0,3,0.02440496395787782,0.024455431242118866,0.012524839501548769,0.2844231764447658,0.0065581016,0.07280699527968514,0.01773586
130404.0,3,0.1683246407211451,0.9136263642613089,0.06793929293479568,0.995906797493215,0.10098379,0.35490254544791716,0.18836719
130408.0,3,0.175789637439124,0.9704754457252532,0.9455929569677376,0.3641650078599858,0.25139642,0.037955919643760064,0.010519522
130413.0,3,0.13548084151807627,0.2688340510430543,0.0724934082259709,0.3765052827062265,0.03187447,0.4951860946576763,0.14424539
130416.0,3,0.06793632015055662,0.8760966617790258,0.08839923735564084,0.9271522346574702,0.03597407,0.3177275569421634,0.04503692
130418.0,3,0.25268957460645064,0.22229704025412114,0.05795085750642614,0.37091700857087895,0.08422046,0.5094748866244513,0.053411406
130422.0,3,0.15509943748571078,0.9245057818674175,0.0691928035174403,0.5192538753910778,0.11667778,0.15293623019222735,0.07437126
130436.0,3,0.3307501107813583,0.9236389766466575,0.02827904151047977,0.6019463622065199,0.019283492,0.2751005448680704,0.33766046
130437.0,3,0.04956695600817464,0.19872778113447917,0.056942703194202686,0.990167104404977,0.024008153,0.8530062953606122,0.40919894
130441.0,3,0.04107952844441783,0.06168503876385828,0.007023808203635784,0.36847148598862006,0.0022543492,0.02145964795803643,0.0063937986
130442.0,3,0.5333295611985716,0.9771133406766761,0.02772093469044329,0.9309824931004788,0.02633318,0.87218830727621,0.69540936
130443.0,3,0.032266542609210906,0.07586412460309615,0.020827707380915973,0.16595004094444601,0.0060340683,0.030558804499963912,0.09975091
130444.0,3,0.12502617614836503,0.6209160139687692,0.08591276534603819,0.49189802129807436,0.034944694,0.5448267733336596,0.11550993
130457.0,3,0.030065313066002623,0.1470274450728561,0.08547115760857184,0.5180128186650028,0.009975744,0.04470378428788728,0.007610485
130465.0,3,0.9178560819412053,0.895964320153662,0.47656683470852845,0.20101326542299155,0.5335409,0.8176221573137422,0.18747813
130473.0,3,0.006917048149047176,0.020458067520732644,0.00940493973074933,0.22004058396870407,0.0009827665,0.022776981445171682,0.008203814
130475.0,3,0.9479558686712263,0.6253593641605347,0.025354457770492438,0.9459904162174134,0.080215044,0.8982897850214805,0.4515272
130478.0,3,0.05814003725877556,0.3151590465387605,0.2056418016049241,0.38327649093829486,0.032479405,0.04074905953728874,0.0071439254
130484.0,3,0.009151799448808005,0.08816914143318008,0.013049883032729548,0.28062899840485517,0.010273847,0.09277793443870326,0.007423266
130489.0,3,0.8327681983039206,0.5275292205851715,0.07698123651945853,0.31428341537369253,0.05708432,0.7014944874658168,0.48451704
130494.0,3,0.13366749360603553,0.47083543489015667,0.18997279932649944,0.4767994599557795,0.08827096,0.3374689987260778,0.027659386
130495.0,3,0.21376969479011293,0.6980885719871206,0.0420287169642061,0.4694319839227973,0.1171257,0.7967336238860223,0.15490252
130502.0,3,0.2825674937273828,0.8732413995122469,0.08290258423776782,0.31729117022050096,0.0589365,0.17769147930008164,0.029057292
130504.0,3,0.2200362760230324,0.9881026695336796,0.12584207212809118,0.2967071248060808,0.20048031,0.7680444556041333,0.06227557
130517.0,3,0.01454037035792023,0.02250648088155207,0.008796675401494897,0.4281806683638429,0.0038357838,0.06275707518362188,0.025631057
130520.0,3,0.006739809629785066,0.054258220193678326,0.009474758124735146,0.23669801561328951,0.003790402,0.0199139379226536,0.016913017
130522.0,3,0.4793453016493738,0.3197497879068387,0.018686968581549855,0.9410915183974359,0.21171863,0.5067638266837151,0.26051614
130523.0,3,0.009373925717530065,0.4275338244924919,0.02564928763159921,0.871860539372284,0.049983367,0.02710475921568357,0.009860009
130525.0,3,0.12664770741902615,0.8901424865095204,0.25973444300610343,0.5108771497440263,0.05470563,0.11366433580776547,0.017406914
130527.0,3,0.9851129100508205,0.907529957446066,0.5117390350552454,0.39228587365916573,0.25428528,0.4566363085576167,0.019951079
130530.0,3,0.22539130461096915,0.12862291809363868,0.14244109038863895,0.43099694786185233,0.019876018,0.08803344244866303,0.00869513
130533.0,3,0.9423692124901256,0.5277005579742294,0.23318457397067563,0.9661894478206748,0.76959,0.8891167571871332,0.15489177
130537.0,3,0.19224525862459632,0.632308092069694,0.10538638461165574,0.47136650706585903,0.09649428,0.5371595110332167,0.08920208
130540.0,3,0.05391538284195409,0.9493385276718603,0.023432851699056432,0.7598889754826955,0.021208877,0.15682416077817046,0.0060230335
130541.0,3,0.024034045612705727,0.02635695132918742,0.009329639878513632,0.4568245755007005,0.0018379575,0.050101248417971235,0.0059222593
130545.0,3,0.043227868737468804,0.7360141550399136,0.03260903599447196,0.25137018449383225,0.010012488,0.056263252769352595,0.01862079
130547.0,3,0.19616426232809864,0.2628846439920804,0.26207164886721385,0.32859800607641915,0.112118185,0.03165554665225499,0.03019278
130550.0,3,0.182306205796825,0.7770671901121299,0.053999671124128595,0.5726451918959342,0.0126314005,0.1383942754253172,0.0099771535
130553.0,3,0.005726125147268838,0.7926064929384685,0.011600881787901135,0.6476743759512527,0.013260204,0.1676746600334723,0.12888455
130555.0,3,0.06531671310043992,0.1981160410731963,0.03549789536900929,0.547365772680982,0.05887935,0.23535115579782742,0.093203306
130558.0,3,0.40272754692678625,0.5843947483693193,0.07124586472830455,0.9961956965972849,0.11803407,0.7549338747856876,0.25423226
130559.0,3,0.05708499201027297,0.5536071880864308,0.1116753631759216,0.5155446874397773,0.025332965,0.11231406982678337,0.033445213
130562.0,3,0.5581209708102356,0.9529554448103994,0.07645134805987108,0.597376093061237,0.054581534,0.9301542999334228,0.37852776
130563.0,3,0.33472014063114697,0.6470274863400596,0.11106515755760192,0.6870777262063427,0.17099816,0.4176778085886863,0.094132125
130566.0,3,0.7044109584149483,0.6645865675438428,0.12269560857094503,0.9732592193305601,0.053050876,0.7846529266615198,0.42700243
130569.0,3,0.9723978635850387,0.23934121202138278,0.017603934731872897,0.9855850871907602,0.027867464,0.25705391580520986,0.0917976
130570.0,3,0.013270921072252546,0.986111310644215,0.05161008180473271,0.7497865974563803,0.026155362,0.6181854204247192,0.02485606
130571.0,3,0.19292389258455467,0.922478298218807,0.19252379237215583,0.9957384090154258,0.06885748,0.7452973335284013,0.10208362
130576.0,3,0.16795310441821393,0.5216102032591448,0.02922572349499594,0.9955772278035528,0.08708638,0.541155993667076,0.45962104
130577.0,3,0.02004454924644935,0.7313113016450795,0.14538759379858762,0.3476646458788423,0.15963441,0.3810023163140885,0.11008181
130578.0,3,0.03282510078817963,0.7903852948299651,0.046012355567886826,0.47931047555345974,0.032828543,0.24452962673953677,0.007890864
130579.0,3,0.5505260214381434,0.5882880883968696,0.3910762330711901,0.314192753864722,0.63633525,0.5704905668734275,0.033291347
130582.0,3,0.020226631983557394,0.33893767482198095,0.005834827752534316,0.4683598917903112,0.011993901,0.3519600077391211,0.43035358
130585.0,3,0.08382879828887228,0.9828883283049222,0.02817329591481367,0.7518037532954085,0.26830137,0.7630042232926637,0.055863846
130588.0,3,0.011013346677275694,0.3772240593176259,0.02215545171279316,0.3755767297779878,0.005637462,0.23439702799317266,0.0039825877
130599.0,3,0.16095838645731245,0.7530581560844221,0.10386790745169573,0.8689867191401196,0.14334497,0.9111295051628043,0.3636512
130603.0,3,0.3087209793871088,0.6685291917807544,0.09108828552996329,0.4183475065084151,0.17573299,0.2816995088472853,0.05149939
130607.0,3,0.08697045004192502,0.5731596326453472,0.015668848623373224,0.9968691430614215,0.013642776,0.9321101803155467,0.5096257
130609.0,3,0.013376240283003342,0.7276839581089983,0.0371902261958158,0.4404788050295793,0.009276485,0.06036046926245569,0.009669079
130611.0,3,0.1816405124267174,0.9557740338079314,0.12938651699770204,0.9960270461922629,0.12421246,0.8097341196628257,0.08972551
130619.0,3,0.038472970479802436,0.0416546878607373,0.012504497946162315,0.17444367008490558,0.007586326,0.034580459300574365,0.057919115
130621.0,3,0.5839097375633702,0.6027748690141245,0.04730074101331108,0.22450491535553255,0.22717348,0.6890238361330855,0.14947692
130627.0,3,0.9816555202836322,0.9601456852567728,0.06479986141779569,0.9953948394654853,0.4302062,0.9293388563922288,0.43151265
130628.0,3,0.060350071870254283,0.29545554914368377,0.01632547708553145,0.15731908345977383,0.00463083,0.016922888858048452,0.007264263
130629.0,3,0.15830373285638205,0.32521883282756064,0.12248074894183257,0.25995490508286906,0.14212544,0.11506505861958774,0.12816574
130640.0,3,0.0257136746323513,0.18526171676612546,0.008164258462720656,0.6712914003476718,0.01379275,0.2669983334657883,0.013684881
130642.0,3,0.11799619498059402,0.9507435261571706,0.021065204634518317,0.9966043773233337,0.033533234,0.7286841012902212,0.29087803
130643.0,3,0.4686886898332302,0.7508551975361601,0.0800198472922439,0.4784135657524142,0.22695148,0.2158494349442298,0.037504077
130644.0,3,0.021324139814740274,0.17487673253148206,0.006687824549226544,0.46745185120657834,0.0048762737,0.3529082317434405,0.044663876
130645.0,3,0.013945101641199702,0.038121693413754744,0.02203988763395236,0.2567645243051648,0.010322563,0.021409149456044548,0.006139701
130651.0,3,0.10446430310273017,0.7132761249979025,0.3453055758975438,0.3508993319234254,0.6695805,0.41845773468340725,0.13224316
130655.0,3,0.0735538411857651,0.12057563969177776,0.06794516533741113,0.5859717965907034,0.04257682,0.055597042484122144,0.03451792
130656.0,3,0.021562959983586226,0.7994007481226174,0.2102490580977929,0.3303467249115218,0.07413083,0.6878530016384987,0.03640357
130658.0,3,0.6150160377210903,0.5954941863053897,0.33278518487034037,0.2426038030941246,0.6131502,0.8578132197275471,0.15312959
130662.0,3,0.034383589088793735,0.7712089408970311,0.08836679044599358,0.45702127896961536,0.107736014,0.3680079815362807,0.03030914
130663.0,3,0.1080131777971811,0.9007745385689643,0.07699448434292393,0.9478622392678421,0.07463988,0.44094191522981824,0.05614106
130667.0,3,0.016012256771846974,0.10817668784896356,0.021416559775178156,0.2850255004038038,0.00914516,0.08307446342653166,0.003056644
130668.0,3,0.021847422733188886,0.09759957347828212,0.011108050225774902,0.26176323846138577,0.016703168,0.24185651660405783,0.06107647
130670.0,3,0.7934261719469927,0.9302339498728518,0.10531017464251065,0.9712799523023397,0.22718738,0.8359046740585748,0.25916797
130671.0,3,0.008931241081696217,0.2469592337988118,0.004763897016902193,0.9484348544023617,0.013921499,0.2402218060078515,0.1872114
130683.0,3,0.07328331078401788,0.31525884672572957,0.059842562376184225,0.9707668672068889,0.029161124,0.2808430932476712,0.015518888
130687.0,3,0.8433154250324755,0.6733598493001112,0.07639683600387119,0.948193311650544,0.34780502,0.7554287080083941,0.14103867
130688.0,3,0.2643698979829012,0.9305100862852241,0.09771412688132115,0.9962923240270943,0.045408864,0.43684062836158033,0.09648012
130697.0,3,0.011356660564903068,0.0248796966564611,0.005846412056275389,0.17037050982490695,0.005342369,0.03156354977675573,0.015289324
130703.0,3,0.42986309283608454,0.9189956971738309,0.1395830460509524,0.9969556174995092,0.3693674,0.8559758583860356,0.49439856
130705.0,3,0.12492165256447248,0.9739444433226178,0.04676277453435203,0.5232918758461712,0.034614637,0.28737879268243227,0.16991666
130707.0,3,0.0028171028647216664,0.013194229559369518,0.012114904562498191,0.15597834683756065,0.0054356884,0.01864713706231905,0.0069860355
130711.0,3,0.0051304088141054,0.019090252048284725,0.0047537996932253525,0.27440260326303956,0.0038777422,0.020851460358932095,0.0041997284
130713.0,3,0.7956863506824836,0.8295141362025994,0.12650986488564753,0.25448714941806677,0.36622727,0.30416609961606345,0.087529086
130717.0,3,0.6993579220885275,0.8019058437304767,0.056827071473854324,0.9961395343127398,0.20821111,0.7070981133303725,0.35534078
130720.0,3,0.037430782094385905,0.04056745482335463,0.02367047167493031,0.3646104872715039,0.0032047525,0.028091267283387258,0.006513496
130723.0,3,0.33594977340990545,0.9548194008784125,0.12865645520662913,0.3591480142420576,0.14339724,0.6377132612264842,0.01444137
130730.0,3,0.45683794256072424,0.7362326500260254,0.19381306347731794,0.661842846141132,0.03136586,0.3187867157428122,0.036589347
130739.0,3,0.9628223928121962,0.6233626877002151,0.1002413993771628,0.25338540681395366,0.33439487,0.5863052406200135,0.08595458
130743.0,3,0.7725590840676918,0.96406832423852,0.8514486923220079,0.20703251000821596,0.7005112,0.23091169584390564,0.0132886665
130744.0,3,0.01946670858028342,0.3641201415399221,0.009662192573515428,0.8168326017853743,0.014588232,0.4135101191388715,0.365813
130760.0,3,0.06612109349584558,0.0987528085714705,0.007596388930771744,0.4795237288461839,0.0066441963,0.021584023005746255,0.0144622605
130761.0,3,0.02961890530872929,0.1750293024794244,0.020025183227516487,0.5918042622848697,0.0039087073,0.0502411910383321,0.013356687
130762.0,3,0.004212177489016329,0.05865048252841418,0.01369444026296252,0.2748675652751751,0.0023257723,0.034924172652383956,0.017054148
130766.0,3,0.2421394659510779,0.9045407353249807,0.15501478718688266,0.4291121970798801,0.14537041,0.6639364994171371,0.004598556
130767.0,3,0.41836207462073527,0.9763867748347007,0.08196203671428615,0.26160381473639166,0.1181927,0.4117879221916858,0.09555787
130768.0,3,0.03652234259015486,0.18562737871196563,0.14280280968024162,0.31289453903014536,0.024971489,0.15967763458711495,0.01590393
130769.0,3,0.012520062746459355,0.08978649863672906,0.016894312834434908,0.3167220654688114,0.007534391,0.03201000050694491,0.0960526
130771.0,3,0.06843015793952263,0.9061924603240358,0.030372119201574326,0.920611630536463,0.048143916,0.15949922990286008,0.00896629
130776.0,3,0.016838219082196498,0.06917715579092015,0.04484166827714255,0.32882001030702124,0.0037929402,0.14165484692782235,0.04665577
130781.0,3,0.45652204803702895,0.9696819037145844,0.03219030069543056,0.23346799149201808,0.21589133,0.5893378513821669,0.155591
130782.0,3,0.016064822273888623,0.0666942987975887,0.014687990092555907,0.42532869694447845,0.004326808,0.028880997189140452,0.0075206286
130786.0,3,0.3480290212065223,0.9762067072832257,0.20784215385161123,0.4871361243039624,0.09057555,0.2534471751233776,0.04022963
130791.0,3,0.17874954787437422,0.9699081871301861,0.08075790529413038,0.9956104398057499,0.036060266,0.6518770314581503,0.07203787
130793.0,3,0.2342658078578697,0.8138024318398522,0.08744814919891535,0.2754803352629665,0.12671643,0.6148136589938018,0.018139284
130796.0,3,0.28801251060992716,0.720855242228686,0.030846957284698474,0.997080829592876,0.034019236,0.38926757426003955,0.48405147
130797.0,3,0.4174719361452691,0.9653518577586235,0.3142231719157091,0.33553471288367515,0.20241465,0.7086512455700625,0.11151257
130801.0,3,0.292018825386614,0.47700385240252335,0.10633851688394746,0.3989999881257827,0.13599713,0.12312470569509165,0.008728486
130802.0,3,0.10948738592479804,0.9244414306842517,0.054401523085698844,0.9967021311483081,0.075579576,0.13612239840329504,0.05384671
130806.0,3,0.21181449621933537,0.8703106599201664,0.14234201308746147,0.5475183556826569,0.06565368,0.48483316296655893,0.007156254
130807.0,3,0.0984934230416427,0.8992245012989295,0.06145339436712658,0.4831255142096085,0.081746325,0.025230409467810237,0.011863184
130811.0,3,0.9050903688102657,0.4419695008345287,0.3078648462136811,0.9781210200224852,0.43375373,0.6405757225509615,0.2082419
130818.0,3,0.04988340932767654,0.2554550657982595,0.030205731332937375,0.5580390558707696,0.011554081,0.4583971225666795,0.07859263
130826.0,3,0.8520739543501854,0.7982870075813134,0.11284534766893052,0.14093471529661408,0.1906245,0.8463049656344802,0.13854517
130827.0,3,0.06306134056261443,0.30645949926208216,0.025803347777373805,0.4646447038630745,0.0066286484,0.3883933771413162,0.48329237
130829.0,3,0.15814386440391706,0.7741752060038201,0.2739810495007177,0.401113511417004,0.26536813,0.48126841384118485,0.09960197
130832.0,3,0.19746281080604663,0.26766710736158167,0.03590740401363906,0.9230334124183384,0.12430349,0.595666343442997,0.2248554
130833.0,3,0.03614360592562997,0.09689699478527099,0.011937305338819395,0.47854969121559754,0.0030850412,0.08114503366271195,0.016388046
130834.0,3,0.007274672750559281,0.3506664460975825,0.014512161825149219,0.4239486514833888,0.026734395,0.27509058941874015,0.07235091
130836.0,3,0.8912137454138436,0.52181850632477,0.05598969502384466,0.9629327450004751,0.208933,0.5730490585637337,0.16124149
130843.0,3,0.0300085433387809,0.1964203203673614,0.008308357074462907,0.338419307341008,0.021320354,0.019978663172107704,0.035011943
130845.0,3,0.5508901626102153,0.9793220915314648,0.13599676265120345,0.5058365248676443,0.0560051,0.8251335316866256,0.4585218
130847.0,3,0.6070996243624648,0.5990624237691023,0.37139694321097916,0.2960635890405174,0.13026527,0.547535516834214,0.07957072
130848.0,3,0.034195870832220115,0.12215471303127778,0.024000683515357352,0.8048169178533618,0.0029434396,0.06404124049724862,0.005946431
130854.0,3,0.42154837011699287,0.9581838063312448,0.22118752928457694,0.8790811314234177,0.18686795,0.23345184991128023,0.016368862
130856.0,3,0.16100131966137357,0.5960995512466526,0.4887691528654828,0.4023020332444733,0.19368517,0.26568627899883224,0.024993999
130861.0,3,0.9874416966671097,0.9863176530172804,0.5878010309365458,0.8652119942553674,0.23797022,0.5357859807906439,0.029955301
130864.0,3,0.022589388392961922,0.5977582560526639,0.07525336286518149,0.6629541384300541,0.06808883,0.3718097332597007,0.18545596
130868.0,3,0.007828820254834966,0.11255463243546442,0.010878564530455073,0.3218269929024588,0.0033843524,0.050495658146660224,0.0108906105
130875.0,3,0.5237172163180905,0.833757420671792,0.0698701833457589,0.44162144256240876,0.17038336,0.5671232193778307,0.20130879
130879.0,3,0.02550634976348284,0.16970025612208256,0.016963921081612682,0.6162292855539275,0.01741056,0.7924974689131099,0.45541903
130880.0,3,0.2944092957262349,0.9532364047564456,0.27222584154298457,0.16770799256287525,0.16610108,0.8160575043873977,0.19826677
130881.0,3,0.07307208304941974,0.3746098409139831,0.039117661525810525,0.9808265358840272,0.0053566815,0.12159790698589093,0.032317974
130882.0,3,0.40695577251635834,0.5445404796292149,0.0335995518339427,0.9688721545784732,0.06349526,0.33259544249781486,0.589734
130884.0,3,0.03475146370736019,0.5032632270902809,0.040570297769793755,0.9782280101495082,0.0737427,0.4771518550726706,0.26294836
130890.0,3,0.012926069269309297,0.3346670301531711,0.01829363215594176,0.9888094940838876,0.013304919,0.5574570463083461,0.55378455
130893.0,3,0.01018942455920622,0.21296799814209288,0.018912349802720035,0.3846281774058866,0.0184857,0.05454441396673875,0.01186883
130899.0,3,0.10527587712424553,0.5605701662971934,0.02261552239178859,0.3162740274873806,0.011890151,0.594273986706618,0.0835421
130904.0,3,0.008525612592368784,0.43230180614838154,0.048642996119953034,0.5968144243018593,0.006713014,0.061995972673223466,0.019717515
130908.0,3,0.4241235823584488,0.7667434216095005,0.13036915554548098,0.4419857680792008,0.02568744,0.40187508437517605,0.06645735
130910.0,3,0.08219017965016849,0.17380862055733864,0.01798390421133047,0.5534984135803338,0.013190185,0.12801029620786367,0.06061084
130912.0,3,0.5462958580373045,0.2993235273911685,0.026684610898881685,0.44874900274603385,0.050283533,0.746883664523547,0.20629382
130922.0,3,0.09486370316483095,0.06465808770611102,0.017428652144570334,0.4567684584072915,0.0038527055,0.6469969515697985,0.081335254
130923.0,3,0.45668980521453373,0.9779018206206976,0.1056333078125055,0.558898892719923,0.072613284,0.7539833911856549,0.092120916
130924.0,3,0.07696577037832537,0.19175385993354752,0.02579945140703115,0.9333243475852646,0.012833019,0.23178475972051218,0.048342157
130926.0,3,0.26031122350128605,0.8506943998192128,0.1654764131931276,0.8251278993120474,0.058675356,0.8341006923814602,0.2900477
130930.0,3,0.1313645888355143,0.9686072556785433,0.16575347146952685,0.6281488046638173,0.17620389,0.23985465230203484,0.019957913
130933.0,3,0.07858486325111325,0.11532489082448773,0.01722339504870386,0.4874640328963842,0.012439469,0.22616607572847228,0.14683421
130935.0,3,0.014803954757683506,0.12887437091386958,0.025643708215757573,0.33939743519646365,0.02610151,0.03693772879019876,0.0061563933
130936.0,3,0.04803984709790563,0.17676370957527426,0.04263514201833705,0.5460116075300889,0.045537103,0.06537167222651843,0.22275274
130942.0,3,0.11426916895848939,0.8560497285464409,0.06372571466739166,0.47997868049427456,0.10765086,0.23938456403832703,0.0066681886
130943.0,3,0.06307291897534444,0.745380810923962,0.08771389411359673,0.5763823327073763,0.17757164,0.47719198347267333,0.013507638
130944.0,3,0.02258005463943695,0.44560969675098966,0.025089115545975538,0.5624641566040032,0.030321172,0.17696444849885853,0.10991114
130947.0,3,0.714765404363557,0.9731801212823951,0.040632227320741024,0.6475285763170581,0.07569281,0.5575553931446235,0.08417948
130948.0,3,0.27348304000354884,0.9020050504384303,0.40391001647044295,0.995822519085113,0.088563845,0.8337151330142174,0.17998394
130951.0,3,0.006294080661043597,0.08075684079434726,0.013512562065688238,0.39931701000204184,0.002900662,0.13081942448727316,0.08661798
130952.0,3,0.02438819785575437,0.0866858518786479,0.023280631575258885,0.49781616452892696,0.0088902,0.4375048795919333,0.24830209
130956.0,3,0.020421919764205525,0.1757544981116849,0.008008737636764384,0.35451129097737943,0.0069816676,0.32166059259147234,0.325216
130960.0,3,0.10392177449611918,0.7525824936130436,0.08972130410172714,0.5809293109015752,0.0533356,0.5737513699700287,0.1459917
130961.0,3,0.008585173207637823,0.10206645448370404,0.009844058029376523,0.2853884464722894,0.013785461,0.016288702282268936,0.012765953
130964.0,3,0.021026163218010666,0.43939595888366834,0.01989272852376971,0.7743939512510243,0.014558472,0.5455190919094205,0.22884092
130966.0,3,0.055113474433099975,0.04645589197570156,0.010287717811420108,0.6281265057580455,0.009244855,0.025618832629096623,0.008620498
130968.0,3,0.037530104673999566,0.30841076901624276,0.01023481190239894,0.9240623397808508,0.0070225806,0.5170705344999648,0.09352494
130972.0,3,0.370285680453747,0.46430813233334783,0.03382687880260054,0.3462248929416293,0.027801326,0.8750939054892195,0.112712055
130974.0,3,0.2341449002238051,0.7465183148628841,0.07322813109638605,0.9955161639525048,0.05954623,0.8397421278986542,0.74109167
130978.0,3,0.6644971576134542,0.7752828231399299,0.10748440284098679,0.9682965609567008,0.2523384,0.7839747120422528,0.119530305
130980.0,3,0.13841087042470032,0.9808192797907258,0.19402431826635955,0.384505098942672,0.22111906,0.3616980513857202,0.060916632
130981.0,3,0.04995697936643771,0.783335125596911,0.028277522075751394,0.9965152894326744,0.009995997,0.3816123812996084,0.1840545
130982.0,3,0.8177579633863176,0.8382038194130363,0.31591262602520614,0.9963085329851662,0.32473308,0.9015277058611438,0.30757564
130983.0,3,0.11641780726702593,0.7345112296321916,0.036433699951506034,0.34273399725617065,0.10278217,0.7057742472625951,0.009228006
130986.0,3,0.1508591177040685,0.948960293980624,0.11933638883818418,0.42448064770000776,0.34163582,0.4404767460189886,0.27401793
130995.0,3,0.08037907290385812,0.31063443845685573,0.0076645012323563666,0.3781394810167847,0.01121471,0.6043076177505388,0.045693044
131000.0,3,0.9999340177412724,0.360782823893028,0.016555412581583762,0.8972780032649632,0.018676072,0.13238579039552933,0.06948043
131006.0,3,0.016830881770879113,0.84178954816485,0.015858271854590232,0.7128376847832902,0.00815326,0.36409190733262803,0.039680745
131010.0,3,0.040277377330856345,0.7947233132841884,0.1077225706959509,0.35910221307684753,0.01472263,0.053787456613631546,0.010455214
131012.0,3,0.9990378093460102,0.8980093320064799,0.4087691348660435,0.2989951516805297,0.19557717,0.8588651248552367,0.20666721
131013.0,3,0.12850045623319067,0.9898751285518318,0.06277715330878435,0.16523625500069664,0.068314075,0.501474384208501,0.043154556
131017.0,3,0.005836049458315642,0.0990513077987375,0.008323003841175005,0.6941225515138559,0.0016958403,0.028148984548744274,0.008969265
131019.0,3,0.06709876564624427,0.5197769937240506,0.05473979923455211,0.5373057011459438,0.047130045,0.3370697085035547,0.05095663
131031.0,3,0.003767735353598818,0.024102390605178065,0.01429546341487132,0.08876246465274981,0.0039300816,0.038854298533282185,0.016754394
131034.0,3,0.13849621686707353,0.10058238704882037,0.013557802264894244,0.32451785212898066,0.012285901,0.2911729349894124,0.028851189
131038.0,3,0.02347705663244713,0.1094371743794482,0.023409888009322446,0.41837211553189596,0.007133975,0.1471285962664501,0.006019238
131044.0,3,0.18429485093165912,0.6249555582914749,0.15917087968224283,0.8717127962274462,0.3927883,0.06864295847362233,0.021384872
131046.0,3,0.040744658010584835,0.6987998130418774,0.014553587038304875,0.6976684628925554,0.015047597,0.05581778832733288,0.06186568
131051.0,3,0.07695482955066132,0.9755739056363485,0.08050146287184536,0.5247257142198744,0.14032803,0.13741547603245985,0.01653503
131059.0,3,0.2527779217766547,0.4322162003981064,0.0535498768063731,0.5654851392581378,0.04781822,0.11050345273392544,0.08260168
131065.0,3,0.4126967950621593,0.27252450439945747,0.15845406123421207,0.5133402963366724,0.13023955,0.38224661149671907,0.015355873
131073.0,3,0.9978811975681601,0.803544976522036,0.08717099478683525,0.41886046117230247,0.18166268,0.752846312005444,0.48363698
131075.0,3,0.09351679914482526,0.7807553885689759,0.055520847126636505,0.3129347912544085,0.1261487,0.1663350035105565,0.0034415494
131076.0,3,0.7029372292243485,0.6373010877262052,0.10099679322719562,0.5185769249881877,0.1581895,0.3821806224263125,0.13878725
131077.0,3,0.4880520807012834,0.9852464251767704,0.033968783220939845,0.6465012070690921,0.03170946,0.8971496060365008,0.33148488
131083.0,3,0.5456138028608961,0.9709004913233883,0.06949346136560551,0.997238641121766,0.15841876,0.9075271187579833,0.6678107
131085.0,3,0.08041153819277116,0.9495840378880847,0.19155988210775787,0.7543837115659716,0.0868465,0.4953830240653174,0.26811934
131095.0,3,0.029219811339866814,0.44986014385773265,0.039133047176248166,0.9532827800940918,0.044077363,0.2271470055039849,0.16855012
131099.0,3,0.27579290350798275,0.6244286289571598,0.041934789139380216,0.47295187528286875,0.12018643,0.6842711593265745,0.042763393
131100.0,3,0.07606240113947133,0.7059718549979593,0.08552498987501625,0.7103421528731032,0.047989946,0.4171159256315432,0.0141021265
131108.0,3,0.06501598560998129,0.7520527129719488,0.039257854376126576,0.4927040795942405,0.023424957,0.08100723401255469,0.0051157917
131117.0,3,0.10321893408111844,0.9890733922743608,0.042657148084838094,0.43832833584978687,0.04137545,0.17617821529664734,0.01726269
131120.0,3,0.05071970374719912,0.7907149395374979,0.10034977098676241,0.6034202569670126,0.02021549,0.03199498197396836,0.00883246
131121.0,3,0.7906512459510198,0.9280688197449957,0.14862235169883165,0.5415097671679584,0.07067268,0.23215280058838877,0.00937053
131124.0,3,0.34374684227971214,0.595873864201044,0.16873243700439847,0.3399213766955583,0.08020645,0.24983478222492395,0.01804996
131126.0,3,0.27099590151095077,0.8143343318394942,0.21137029596367785,0.6421979043315719,0.072578765,0.6234344809983651,0.29501384
131129.0,3,0.22784094330778507,0.9733916424627279,0.05703358392851022,0.9966678299241674,0.17333996,0.8338297674080997,0.4193283
131130.0,3,0.3292297564581872,0.9257052305606693,0.7737220758771908,0.9948428952768262,0.35601974,0.6505241445710647,0.07380963
131131.0,3,0.021304376255589966,0.10567947464559543,0.010532009934262603,0.5586338222064268,0.02043437,0.2039668463398473,0.061334122
131137.0,3,0.20381664120937293,0.9431263048916216,0.16874331645153517,0.5786412498803882,0.024225948,0.17991705698309934,0.010000943
131153.0,3,0.16928746822157273,0.9323491928858406,0.03198859578837024,0.9643409975533257,0.15576518,0.6386554602729915,0.16694316
131156.0,3,0.9999366697118287,0.7807423846000182,0.013355593503280265,0.997820176942215,0.02872099,0.8772645953381791,0.8603173
131157.0,3,0.16762391068405721,0.9552140880300135,0.1614229205527253,0.9953978519004113,0.091365516,0.7373547708390211,0.07754352
131177.0,3,0.7945118092959209,0.8204485422765985,0.22500537494377432,0.9641475439889807,0.20449735,0.7933637308955505,0.017956572
131180.0,3,0.9998296935976095,0.9895523051358194,0.6247043763632187,0.9963635802393669,0.53144825,0.8970168972126695,0.15107495
131183.0,3,0.8980197322944924,0.9924291308986167,0.8675083710840502,0.9957250344938159,0.80221015,0.9200535829215549,0.04015703
131187.0,3,0.26940128728116797,0.33276716702177367,0.04951529919783873,0.4698797040729179,0.062721185,0.8173971412628316,0.5227744
131193.0,3,0.4705136536799882,0.5026701743590991,0.2688457527246655,0.17652823086393135,0.07980787,0.5773921745364163,0.015328527
131194.0,3,0.033137632745940476,0.9204274994529693,0.03512908874981237,0.5116672431241196,0.047582958,0.36358155736240083,0.30803436
131195.0,3,0.2053679589865771,0.828551486861569,0.09316768968397528,0.9967661585149337,0.0914869,0.5466010586184161,0.53168786
131197.0,3,0.4373529832554381,0.9272180019478904,0.09579533746681117,0.949333478417163,0.14853813,0.6903095057113335,0.14397702
131202.0,3,0.6594575680579445,0.9238031683146157,0.1804245736582515,0.28648608440916196,0.097759955,0.022902325613566556,0.029921336
131203.0,3,0.16199265635675483,0.7504219243850377,0.14753885781189738,0.99660545426897,0.06953389,0.7961478309397655,0.10331617
131205.0,3,0.12937027673998236,0.7681070587312585,0.23272522144569513,0.5281113918251757,0.0780897,0.4052483572476118,0.10361677
131208.0,3,0.1365501660954296,0.988221620058547,0.06283984439488685,0.6443452344632462,0.05365289,0.3917456208461911,0.07617312
131209.0,3,0.033445676371818014,0.32204704291508934,0.007748841492815488,0.9966983857370488,0.0086259805,0.4236247628289752,0.1621813
131211.0,3,0.027308999978392055,0.0986700289452472,0.016922087241117784,0.3299507015334547,0.0034798922,0.17054810285714986,0.017957589
131220.0,3,0.1237376773576087,0.14421216617994662,0.04871453990368038,0.20198540067875467,0.0059229108,0.05454688884389153,0.060593292
131225.0,3,0.025953388796879133,0.12018971131428402,0.009371778575790283,0.8961909701750427,0.002358094,0.16134709096013264,0.014876027
131240.0,3,0.011889214048315475,0.1191366966014667,0.027403133790148186,0.3274423439214622,0.0039415895,0.029608584040711882,0.033569917
131241.0,3,0.2416773135605208,0.34408825810182225,0.024169524668202186,0.34726950990165684,0.01937621,0.6107493148708161,0.057047527
131242.0,3,0.05945876842193661,0.9076200249772604,0.011767761981444403,0.9968872780778972,0.028870653,0.45441752349510933,0.2420463
131244.0,3,0.3751725766401639,0.981603542602404,0.4408401499894492,0.9946331605068668,0.6549503,0.7453524047854644,0.09260608
131245.0,3,0.7686154642857915,0.9516035865600807,0.04937448307865136,0.9967841742649043,0.110864155,0.8308632707787736,0.5157588
131249.0,3,0.010246774722386371,0.03774886035181753,0.014723866152399413,0.49166121176790345,0.01171091,0.02446366878803291,0.0062959883
131251.0,3,0.11845449297774432,0.8713053847519558,0.09653135068892503,0.8281909621857938,0.0743482,0.6162419443118494,0.14094613
131254.0,3,0.18709219981451156,0.9693134054805358,0.11124614291280632,0.9570913083041465,0.15335166,0.9012574697777034,0.4477075
131258.0,3,0.03671728333800682,0.086469246888953,0.058760183292025085,0.19621976696344376,0.006600081,0.01628270003293517,0.0063196267
131263.0,3,0.035924845485775236,0.6581720700233837,0.0065568422408058425,0.48861452867034166,0.011236579,0.02457583585657784,0.021903189
131264.0,3,0.02111614869451572,0.12791717809815903,0.023384561450312855,0.37089547666758943,0.0093856985,0.23246664723943497,0.012493493
131268.0,3,0.23060147724335547,0.48939993158332823,0.01511646680479334,0.6427248433946211,0.028226264,0.5074623503024913,0.05351598
131271.0,3,0.06572707348987925,0.5294849774172189,0.052427897675511856,0.45646816132123214,0.05137642,0.1863760584086261,0.020129476
131273.0,3,0.12290790257908421,0.42925512458116594,0.10771631441007141,0.611260431108241,0.012373321,0.26475701782931693,0.11198433
131284.0,3,0.10602782454465913,0.48318051795542205,0.10875766626551614,0.7270632284698032,0.07271589,0.31558768903640816,0.064499356
131290.0,3,0.08757776575296056,0.7399846607068752,0.03067870557696631,0.9841058044282445,0.011361548,0.5005450258515648,0.55294555
131291.0,3,0.036529188753537396,0.08655143821335413,0.04057725853718676,0.4758218178801713,0.020429956,0.070918798736825,0.008516403
131296.0,3,0.24061001396355253,0.42099600679548554,0.02049543562895867,0.7057386426844587,0.0146415755,0.4774559571661014,0.4743579
131300.0,3,0.015832183387391084,0.12138887031877277,0.03899032082048003,0.44488505003351253,0.0035725897,0.277947815844337,0.044053048
131301.0,3,0.02735789705141335,0.07195182177482436,0.08683345254388192,0.23047424482851447,0.024534907,0.023533464510826874,0.019029697
131302.0,3,0.023661856881443122,0.23806361513830998,0.09271450228720642,0.9879147117997239,0.062345915,0.3500911995232215,0.1307202
131307.0,3,0.39543620951816155,0.8203998944392156,0.08462210076616762,0.3769693919408481,0.13216875,0.8146308179659332,0.17637075
131308.0,3,0.09639295151572146,0.06187003268565327,0.007629206446049038,0.27629815340278946,0.0067678373,0.011857755944556972,0.04061754
131309.0,3,0.010859461905784816,0.06902104743475104,0.0033333776087505836,0.44102099533793154,0.0036346014,0.0953120980765088,0.09731549
131310.0,3,0.05398799100156854,0.6482155703114941,0.028349102582484537,0.11749884697520233,0.008950077,0.31522930982092456,0.17485121
131315.0,3,0.12277949540726323,0.9237832683964808,0.039447631138983905,0.9966356935213768,0.01970521,0.8818110862625593,0.28558776
131318.0,3,0.14266089663393577,0.802484156393372,0.07012816388323725,0.9373485828801699,0.17999963,0.5216215331263668,0.11898089
131323.0,3,0.014676295479673255,0.18906291589691596,0.013328696919838835,0.7423144259662586,0.008203751,0.12269315934170205,0.052857284
131331.0,3,0.9999998343144084,0.9619457293479415,0.8523279572713597,0.9960205520618459,0.68252426,0.9421043721451325,0.3462381
131333.0,3,0.9788045014426869,0.8337796148172141,0.27183287964899827,0.17836340667666753,0.46443647,0.640141575048504,0.11688711
131334.0,3,0.012132119725001849,0.19180816349483956,0.007656972219154924,0.36011692880063445,0.0028658856,0.26203510113153555,0.26934445
131339.0,3,0.8806729438877672,0.9651306249872749,0.09296316162895069,0.17937163067779888,0.26766706,0.44215310165373983,0.066696875
131340.0,3,0.882914549254298,0.9173243272401719,0.0889101164537489,0.7956927793487344,0.055670884,0.6253853085232973,0.21974272
131341.0,3,0.11534603136476693,0.9461754625925584,0.013269470071939102,0.996908628148422,0.03406233,0.5559088233433019,0.38600224
131342.0,3,0.040281171362848284,0.08481057327019156,0.1151383498763222,0.4524811805663703,0.022369213,0.05953054709111276,0.011697744
131350.0,3,0.5490338048665031,0.5721160251508495,0.13666875161470163,0.4779887131952894,0.25387606,0.5431440881356904,0.06895881
131351.0,3,0.2678166432051856,0.9068324437185573,0.04983984719198152,0.9951014261954023,0.11952337,0.6239830022997592,0.12506537
131352.0,3,0.04285763343754441,0.11580474340776958,0.022309172985314117,0.9907680949384381,0.011175112,0.4319460903694481,0.10583044
131359.0,3,0.01769462959144003,0.044470333455320685,0.007496728451052844,0.4399565535152232,0.0022991432,0.049940626059308074,0.029100807
131363.0,3,0.005638438022436778,0.05685720192749574,0.01492425011071283,0.45156541879089207,0.004795008,0.07001295102407877,0.009608309
131368.0,3,0.13531591447553837,0.7235625297140295,0.16493056148624552,0.3897760306414228,0.02767678,0.434980448801278,0.10925351
131369.0,3,0.12521427577078914,0.9873752460900561,0.07189412856291763,0.908439430782337,0.051721476,0.15561938318602808,0.044996604
131383.0,3,0.061868613195222334,0.4074851664560706,0.06903880250287649,0.4735381495360172,0.06476461,0.48634806911605905,0.010512239
131387.0,3,0.3268104700787635,0.530338122973241,0.07633639364459409,0.3827322667561059,0.07286917,0.12631387737016603,0.048120596
131392.0,3,0.04550228510231522,0.5725988886738845,0.024306876315914067,0.4669907391298109,0.011833629,0.10581106405511001,0.04782609
131393.0,3,0.03752586684186421,0.1296574381484363,0.03169311124489594,0.5116521187966365,0.01424269,0.12432503672044581,0.031675767
131397.0,3,0.6477904604793077,0.43144037072123514,0.09058039029879279,0.3305366661437592,0.06630855,0.6204358014732596,0.0756794
131401.0,3,0.06752007723098477,0.17793566445386888,0.011902140509661246,0.6686954666561228,0.004591396,0.24228457141408388,0.038706228
131403.0,3,0.12841068067666592,0.3588325478634866,0.08982615188291503,0.5144346633158081,0.06963515,0.41587469708595015,0.22661257
131410.0,3,0.030090468352902324,0.2655450329731467,0.0709134605097645,0.6815997640825587,0.023433335,0.20888141342228053,0.028905017
131412.0,3,0.025094166983485544,0.06453811128900674,0.0038108194162193567,0.9681083724464334,0.004981788,0.04546851610489251,0.025181523
131414.0,3,0.10345373202916706,0.2762492225764341,0.042834420340501396,0.9819434124300443,0.026687302,0.24516465862525577,0.33225623
131416.0,3,0.010093065396391127,0.06597334738545202,0.049303005635054194,0.5808241048732851,0.013267312,0.037121457089571444,0.00999243
131419.0,3,0.9921918740146773,0.6186313783644463,0.06409459241337376,0.26410335086522296,0.23226199,0.8905191390622192,0.13545395
131423.0,3,0.9654603156499381,0.546536727651661,0.2079482028928261,0.17486901145933428,0.3321261,0.4653629662243246,0.038758565
131427.0,3,0.9702304090073327,0.9726643000741988,0.35718783256868825,0.9959723595111984,0.20670515,0.8711739267998322,0.2931541
131428.0,3,0.21796944507001326,0.22424664456497206,0.20604068847156196,0.4646037337186176,0.042965706,0.091631327296097,0.03473899
131431.0,3,0.06900637437584123,0.28093711788224524,0.03607943642333211,0.4665478695926625,0.008986843,0.27099975735266596,0.040588323
131442.0,3,0.008463775598644644,0.052795411024078566,0.025220031814911902,0.21167805246989205,0.0021184606,0.025151321735905664,0.043490477
131447.0,3,0.8650066694541078,0.22269911754704821,0.39512532314813703,0.2605297129713425,0.16970637,0.366481047370371,0.015509303
131450.0,3,0.7957215150441228,0.7490275069483626,0.2004508545525689,0.931574583476166,0.12934202,0.9285701977413552,0.45970115
131453.0,3,0.009748018555663688,0.044941824512558244,0.014105468684025128,0.2849585664565138,0.005322922,0.13669401721552882,0.022941912
131456.0,3,0.12384549441735761,0.21739921080205568,0.24634810795926362,0.43901137040512245,0.30082494,0.21164014756097446,0.064366095
131459.0,3,0.07881397588260347,0.6583354243934765,0.15337033509229092,0.5595895867199314,0.10739795,0.19162584784286935,0.15890792
131461.0,3,0.01611750523273661,0.36270914273570026,0.014664193747109151,0.22932153952692547,0.010799686,0.06984566218277406,0.015041267
131462.0,3,0.09447802932683852,0.7121856851736189,0.052918756289942026,0.5335858862422067,0.050901055,0.30764695403858905,0.011639997
131469.0,3,0.013209585958655455,0.10464069599528115,0.0071338226087470265,0.18775801559495287,0.008960509,0.16951246990928434,0.24236776
131476.0,3,0.039206272209679593,0.1813604946301867,0.03738956700561333,0.98524441852247,0.008087251,0.4538679961695957,0.19990505
131479.0,3,0.011286126256703671,0.5859046134890143,0.01410772029803144,0.4597588313224416,0.021918686,0.048286957686045455,0.050547197
131483.0,3,0.027613129013326847,0.20518646329834944,0.05924912192800447,0.8079834740159015,0.014642505,0.11275400636308798,0.010641475
131491.0,3,0.06811750202402687,0.7233337864192757,0.07119499076365601,0.6809571251364936,0.044062737,0.11124182989409595,0.06786123
131495.0,3,0.21803901617130497,0.8787895177592895,0.10668715540088511,0.6796258444662606,0.027966788,0.2495078858830323,0.014335124
131499.0,3,0.46676403896876184,0.5175191109387095,0.05891435554551817,0.7216827750568647,0.014213183,0.2282808426512838,0.03364532
131501.0,3,0.015201587686829788,0.3558665195934984,0.006707908028997624,0.8009086176122882,0.011496503,0.13540598756784045,0.16673328
131507.0,3,0.9489487198123983,0.48314351410318096,0.07356987366679296,0.24199634122134944,0.09149591,0.8943169077102789,0.24716295
131510.0,3,0.04741820546856958,0.47818815007286164,0.09505622862828356,0.9485801576060922,0.27008942,0.053944966617005395,0.030703124
131514.0,3,0.30739506455845056,0.5753390936903524,0.07512645273946282,0.896006488742373,0.07598128,0.34372222645321404,0.056368876
131519.0,3,0.2150780092112069,0.3657002064729436,0.04598099035201239,0.24536645342892321,0.044407956,0.103666841950679,0.008347197
131520.0,3,0.13988449781991066,0.9921394618367688,0.030613496877243594,0.49262510088314027,0.058528893,0.5854003760960668,0.042676374
131523.0,3,0.05146131470741337,0.9025446188478221,0.34141290008196334,0.2940994082127397,0.06899154,0.2271281707565229,0.23592071
131528.0,3,0.9998913891311294,0.8446065932413432,0.7810277358169653,0.9958267190544343,0.75508076,0.8765891144912831,0.19410932
131540.0,3,0.11188794014939098,0.839946138641915,0.12460766032271463,0.6288274247341076,0.051889043,0.12904826375461798,0.016859593
131541.0,3,0.01981970243309124,0.6264301665070717,0.02128876923217752,0.5153125770720842,0.029260127,0.1154472493036367,0.037677128
131544.0,3,0.014581239355988455,0.18394702171650978,0.021576048209822465,0.9316794566228122,0.008931832,0.12697108295757428,0.06513177
131546.0,3,0.3745350453516976,0.7704440391666333,0.08066254437501379,0.8021270610751692,0.05152192,0.7019059306318323,0.18565972
131548.0,3,0.17644241658115534,0.2924541249176502,0.021122252121622755,0.5551000405487386,0.029206764,0.38756442252360584,0.03520996
131550.0,3,0.5102958064894831,0.5420287755111676,0.08614439223269957,0.21311308461095443,0.060124524,0.41469197483624415,0.12885423
131551.0,3,0.1969567382226551,0.8622083873558657,0.08926123638926495,0.5909387658795648,0.052027088,0.6102775282827094,0.055210374
131554.0,3,0.1495572128681376,0.9288511235970345,0.08423239552086755,0.5144125296896479,0.16551843,0.567968718958433,0.099128164
131557.0,3,0.02657756122027053,0.9526670150646432,0.0838563879502844,0.6386270554585715,0.04502262,0.21948477801789507,0.27589244
131565.0,3,0.14986967214480532,0.9736606177378359,0.054962475817954826,0.9952959948949169,0.08213314,0.7319908501799843,0.085739665
131567.0,3,0.08061035635136,0.3315124287450309,0.07814535523735372,0.6886070419398154,0.02279284,0.030254499177871732,0.014646068
131569.0,3,0.017465074175535576,0.11722671346405321,0.009753178571439093,0.9880044584406339,0.02287096,0.4494018093557092,0.38903537
131583.0,3,0.3685434724790887,0.6564617338391767,0.07259314985476314,0.9950904901340037,0.19015948,0.6729041076561091,0.15533377
131584.0,3,0.004945380254038172,0.038130396414022875,0.0351973906125624,0.6145900650690014,0.005754463,0.07195203792594539,0.009599198
131586.0,3,0.2570858141658373,0.3503933034862162,0.03791794117461241,0.24524010812110072,0.022586526,0.6293282123370803,0.32973668
131588.0,3,0.053437668792553385,0.027868086933021577,0.006450238344178394,0.356684630090398,0.0014096454,0.0982346194229383,0.0069813933
131592.0,3,0.18614828401214784,0.7930110713257499,0.08682102082642404,0.984477144766817,0.035916448,0.7012543551114487,0.9084792
131597.0,3,0.049420787635089655,0.9333359179436131,0.01092091496563982,0.9082323027957373,0.0069788382,0.23167231912946418,0.111022234
131600.0,3,0.9479012782774358,0.9385139948568585,0.08122140731052785,0.10346059940773002,0.1018204,0.12370305670006085,0.041609753
131602.0,3,0.019824196417853015,0.8610407764886906,0.23759990315162913,0.6578254652816512,0.033877004,0.04261985427081186,0.016896915
131605.0,3,0.13430982961828392,0.7377111308292331,0.033848613561029806,0.5057088041793513,0.03602969,0.5711880381666258,0.090693206
131610.0,3,0.1275274783701199,0.9273802574233831,0.09649090512633655,0.519049516595745,0.07967849,0.053735777264556105,0.0042888555
131615.0,3,0.12954717619178618,0.13874587806956784,0.020858802508346548,0.9850937826336175,0.00995146,0.3641678252867714,0.05907032
131616.0,3,0.07603831038386227,0.06420532064585353,0.03111137851944028,0.28036634643870484,0.025374772,0.03087183829271045,0.008569991
131617.0,3,0.9209115123741535,0.9819628547711867,0.10926242730155697,0.6362156306888612,0.12146666,0.8971961512413644,0.45279294
131626.0,3,0.022765953116294757,0.16581527589572975,0.025606540750550577,0.7886454587107632,0.010345201,0.021118968695059123,0.009028945
131627.0,3,0.0494647661155697,0.5024252117358692,0.04803093705563106,0.542057601088072,0.03905092,0.06481422786955571,0.0037214858
131629.0,3,0.03667980466885087,0.829810524508302,0.023511261928830192,0.9944821986334017,0.04982085,0.23208402329971445,0.1289485
131630.0,3,0.8270681267566065,0.890075616770055,0.050837448246737825,0.23720291391088033,0.029882524,0.7623545832063567,0.5227993
131631.0,3,0.23118760525536752,0.8900702818339747,0.04190962076606042,0.9760578748776606,0.14634733,0.26075735147278223,0.316277
131638.0,3,0.01830513144192059,0.07803145717843618,0.004295770118363782,0.768234937028157,0.019453151,0.09745368365122509,0.07004073
131639.0,3,0.06551923370781716,0.33969173376880735,0.051096546000388245,0.219450869053845,0.14805774,0.1796154668731379,0.024496319
131648.0,3,0.39910437534800736,0.500632956361925,0.02394129294161897,0.6073522685872306,0.034539502,0.5705666210990017,0.275482
131650.0,3,0.05339277202004714,0.0543242120661894,0.011044281044019406,0.2769838100885027,0.009315987,0.06283253693302773,0.06997172
131656.0,3,0.07462252363601485,0.057127287183896605,0.009739682165674677,0.4578494904547162,0.0048614736,0.08649135722046754,0.0069921184
131657.0,3,0.00817332627932594,0.09412066020882576,0.02925685555657083,0.21241167349112555,0.0051152455,0.016271886175482125,0.03195398
131658.0,3,0.08846819138525477,0.1322974974002887,0.0280794685348987,0.47395335424009416,0.0592593,0.034645928127566186,0.008441271
131664.0,3,0.18288380472173266,0.9839821576924195,0.023162784970216104,0.9689035120671404,0.017850302,0.8792592221018142,0.7012842
131672.0,3,0.9999988810410081,0.1983297335990533,0.004631800635465827,0.5098909393851234,0.01020946,0.22940448459048687,0.021939546
131680.0,3,0.018530332681694205,0.20418863131240408,0.0630366929597135,0.7515026247614154,0.0067901793,0.2648065774544939,0.5417041
131690.0,3,0.05272463487413157,0.34176657954837375,0.12042221701837262,0.40172599148677096,0.017389314,0.422161047716734,0.14695589
131694.0,3,0.6408586179350251,0.7579403307062449,0.1214449673946909,0.16422979438699664,0.3702949,0.6219707973109554,0.08009526
131696.0,3,0.22672838891357702,0.9181484631725989,0.09545490344070397,0.31684983414157125,0.044384386,0.338069287414625,0.02174034
131697.0,3,0.03799585683093034,0.24089528161936752,0.013693569004291355,0.730035591675836,0.012777028,0.05524630000695995,0.005335742
131699.0,3,0.06126860766833547,0.17423242497945374,0.005079362670684473,0.48152390001982354,0.003624693,0.3583540616481204,0.10410412
131700.0,3,0.09909365317523852,0.9671725309799744,0.09402299888410523,0.615714679723336,0.059554346,0.057255767475339725,0.018898979
131701.0,3,0.03596015557548588,0.8057172883760353,0.03195048946374776,0.9967233013356437,0.03610585,0.4770333531767138,0.29829115
131707.0,3,0.9670921631762361,0.3903919194172236,0.017985019355630644,0.723684859043189,0.035147335,0.8685806486137332,0.13296054
131711.0,3,0.1736048361065806,0.3361208335384819,0.16852299662825018,0.34655372429206904,0.042762145,0.6994749270238678,0.08578014
131712.0,3,0.017248685406548774,0.16098449979014062,0.016818532816182882,0.22839508883967774,0.0059336815,0.13057072636048556,0.00669312
131713.0,3,0.3429857174631322,0.9448277980643847,0.09441234931734106,0.6026314850543912,0.107096136,0.48175881909867163,0.21055345
131718.0,3,0.9995784912171565,0.8792539960491805,0.026116071473733637,0.9961134041893355,0.08054152,0.8226538731261838,0.41393572
131721.0,3,0.022534774949454717,0.44126217017410213,0.006702800637324505,0.847066715141772,0.01820288,0.03172777436590212,0.030939441
131725.0,3,0.054183792716331614,0.9172675359520692,0.06433268760553856,0.7232181349482028,0.06132062,0.42600904730532296,0.0071293833
131729.0,3,0.5682746094025003,0.9892573357597915,0.0336793267233012,0.24822561299209392,0.11452269,0.21891541521155256,0.049026065
131733.0,3,0.8261672370523016,0.9042836955320074,0.03597478825929883,0.981053841408641,0.17888695,0.8409543622584227,0.038492486
131739.0,3,0.3264877461633558,0.6496344977597209,0.1881004281829065,0.7042597129307379,0.09171421,0.044345360855863686,0.0030367654
131740.0,3,0.1364410050377186,0.6343670732815346,0.07182670687767816,0.3136102178021399,0.08788064,0.6030018036467835,0.0065219803
131745.0,3,0.03307569262947872,0.6696273519589443,0.017681219045192736,0.5346035164331706,0.07846287,0.1024327188406995,0.039264567
131746.0,3,0.06016986602972263,0.909634216783343,0.155598482604503,0.48195232108028513,0.03817177,0.4754582617998671,0.17331642
131755.0,3,0.05226519901806428,0.6937877417437464,0.0744562751556995,0.330571927421192,0.039990287,0.42117655635885803,0.008877525
131756.0,3,0.13756186285085925,0.8800052108893435,0.012890171148500783,0.4063402512454086,0.02605571,0.7185120042428257,0.096268736
131759.0,3,0.029509504404324132,0.06452440473962041,0.016593082435293144,0.22033927313197976,0.0057104025,0.044760304481274396,0.09652465
131760.0,3,0.3326195580329111,0.9601912518247867,0.3866881435761773,0.9957951280389592,0.17453462,0.5528086150068983,0.06989251
131769.0,3,0.022047760164750654,0.08096187518505482,0.018199643102200312,0.560161416868132,0.008770229,0.014659472114741655,0.028020207
131783.0,3,0.06570063790016142,0.21049707923175764,0.02259214358381197,0.7795728466542211,0.005784501,0.274701879416979,0.037326828
131786.0,3,0.026365244841356,0.31202078697958674,0.012785124770061766,0.39748569690682106,0.0070282123,0.19985120352662925,0.013796844
131789.0,3,0.10252956952437357,0.55731646225226,0.03360190396283166,0.9823625001076055,0.01621725,0.7816966423241679,0.43528807
131790.0,3,0.07709373935124351,0.43617832474311463,0.03651304772586019,0.4817119043386029,0.0057684174,0.2060232676522551,0.41866708
131796.0,3,0.22561821539303384,0.7566900739613507,0.061842515627429366,0.6018180472382855,0.053340632,0.524267503243545,0.010602108
131797.0,3,0.21453942569645465,0.25607730072043,0.012098330133636195,0.42049469560723546,0.019712612,0.029754690476078913,0.01135865
131799.0,3,0.004676506149934759,0.3743620855497747,0.020183629520736854,0.5797344326151695,0.063000806,0.19979752254331232,0.042146496
131804.0,3,0.00407540649565426,0.05535794214372839,0.07190759478369932,0.5142197949929145,0.009422286,0.016483122034538937,0.012892407
131805.0,3,0.03645329380734835,0.43690540674395567,0.026585681983068994,0.9134282869706624,0.008901198,0.21665766798516253,0.052554358
131808.0,3,0.5463807407896752,0.814456495497527,0.06759763003641225,0.17682421247144728,0.18040064,0.7768086509026041,0.24394639
131812.0,3,0.007816471611076771,0.7842330439421574,0.013175082821270346,0.3246644634037668,0.013165319,0.09611915482420724,0.038286675
131816.0,3,0.005306987953183005,0.031769082879903134,0.011586467720431388,0.3854569398609101,0.0041212454,0.048871455786535234,0.010959355
131822.0,3,0.287951303730759,0.9805484234760296,0.04567166237210341,0.23515789027438827,0.39497158,0.033613596659853945,0.0055586873
131824.0,3,0.05565162693549742,0.8954658600867695,0.22585991240410766,0.6766912490782158,0.057795927,0.40798519036909964,0.072136424
131826.0,3,0.005121355602776675,0.08165987696203625,0.012981631346010627,0.2916795202287926,0.0068171453,0.035094055910752216,0.0031845055
131831.0,3,0.10516261264678758,0.7209852459797096,0.047289383105472114,0.857054947134551,0.25601527,0.4136068658103243,0.3362861
131835.0,3,0.047571176774299034,0.08312159246841067,0.021999870313774896,0.32060782623718176,0.008690656,0.05794977094912705,0.036739442
131837.0,3,0.07188640310411325,0.9900491844153904,0.04075993968588379,0.916063212435918,0.041380025,0.21066411966065318,0.03449491
131841.0,3,0.3816031807327349,0.9675320397788764,0.0436603871763743,0.9960373546576975,0.0876614,0.4074265580713432,0.10986198
131844.0,3,0.03585668503131249,0.26828026813707556,0.018358669448608124,0.9728841900686526,0.0050652823,0.716810238856073,0.1682687
131849.0,3,0.079141679973141,0.6911478344155341,0.06767060822359322,0.530558924447743,0.119640335,0.6096647438798845,0.38886932
131850.0,3,0.047920465791090314,0.7503583294953791,0.10337057208892689,0.37686291473259004,0.07383108,0.10164262531886355,0.0021160115
131851.0,3,0.03967228338187107,0.2629776325968721,0.039528496930706,0.9871182150619858,0.03138473,0.44882996714691986,0.11819243
131862.0,3,0.013785529643426947,0.06907391270243365,0.006036319736074186,0.34456711629442477,0.0034028713,0.14729609147319964,0.02985621
131867.0,3,0.014599075988742658,0.08519723306432796,0.00580670577172223,0.5142027223396043,0.004978132,0.2719528752660039,0.07834147
131875.0,3,0.03322040014043472,0.2355148194093018,0.009997767563305287,0.9863714152933192,0.0050099846,0.1235184542631992,0.041145373
131876.0,3,0.36498217680381323,0.9544816695708016,0.023346045527891494,0.9967241269206971,0.048019167,0.7639068210701171,0.1680666
131877.0,3,0.08724343304925525,0.653235837037078,0.06972411858525888,0.6592117857985352,0.033796538,0.1367533260988401,0.003706552
131880.0,3,0.05237158179984959,0.1453403325292818,0.012945756984894842,0.36629291016880006,0.010616259,0.13072133688108759,0.03381264
131883.0,3,0.9983255680039217,0.4357163219169491,0.21575546177029592,0.2160654508461366,0.49594557,0.6194125133298449,0.0808857
131890.0,3,0.9583812113310829,0.6736334648096227,0.2450272769603907,0.36793859409546237,0.25399327,0.8892629821154941,0.25519723
131891.0,3,0.05158056492458919,0.13557246633618872,0.012444655782199446,0.6034953157661695,0.0031799115,0.09759290035337179,0.02000489
131892.0,3,0.9999694042534889,0.9869060062172995,0.37623200726078265,0.3206506801880224,0.68744445,0.9175418521037944,0.43279037
131901.0,3,0.07858338284496967,0.701785752905991,0.020690679065389152,0.9759202493144004,0.021947706,0.788766485173526,0.31572282
131902.0,3,0.10668313130206329,0.8707779332198583,0.029339972911157627,0.4819927749780459,0.053840205,0.22395351390800966,0.022192199
131903.0,3,0.023322142859510547,0.7069419941400157,0.03602615607023806,0.996316692815331,0.26124063,0.23316218922175397,0.059249803
131904.0,3,0.013859117855972202,0.020147158398842322,0.006168909858372697,0.17531620506913562,0.008826923,0.011425310439779086,0.009310809
131912.0,3,0.14921103481293677,0.5626613696445919,0.05748980960071935,0.987602414774178,0.025536329,0.33351171868185364,0.2611436
131913.0,3,0.32458144202179484,0.8348091953817028,0.13993400200227007,0.1326748477051557,0.2418205,0.5143228109253669,0.027472695
131922.0,3,0.05186307774736436,0.27277325957866405,0.05761347099014211,0.37454753344333697,0.01413219,0.10158125617254073,0.28864458
131924.0,3,0.014018455794407116,0.15748984236564226,0.01818758772471468,0.34178868969797677,0.005045433,0.17317624923949035,0.006679651
131926.0,3,0.30402424853796844,0.5071462368735878,0.053818030665164836,0.5822269767217226,0.030573197,0.1718006966885085,0.25282225
131928.0,3,0.07471256305178385,0.5421765240588824,0.09057468359708519,0.8302286701651146,0.08816848,0.10500831272333325,0.041128125
131929.0,3,0.2894785753869408,0.7628881157512998,0.08614245987360881,0.4410529955816185,0.15947771,0.5267523448852202,0.122316994
131930.0,3,0.023671541219274297,0.08801682030245399,0.012973258719866607,0.3239809406510389,0.009633557,0.14687222906330086,0.06133454
131932.0,3,0.30923251928801465,0.8849933233372616,0.1563123141092469,0.2941344708871689,0.18815313,0.1976375558391067,0.008773446
131936.0,3,0.18459390324398284,0.750507549215175,0.1246190485916349,0.5027052277484964,0.22478981,0.4229487116402128,0.019419916
131938.0,3,0.03599600426378684,0.02151717898439103,0.007846857909134985,0.9869970976744322,0.009470967,0.41841790726719424,0.38903856
131939.0,3,0.06859643580478399,0.43746910856229615,0.054704034393722074,0.5480176484844084,0.11849946,0.018892557457051155,0.019724494
131944.0,3,0.09845317453080893,0.15770733325280814,0.022563941507997513,0.44717148561363634,0.021193594,0.024198971319502882,0.0045379363
131951.0,3,0.995226215926154,0.42376596944037076,0.15805481134287688,0.22839445895558147,0.41354948,0.7863430722861728,0.18380426
131954.0,3,0.027831613074349584,0.24017725348525323,0.04004333710936291,0.38208160550679116,0.020738218,0.03504396780695658,0.0033154401
131955.0,3,0.014796424695744223,0.044943588219793176,0.016251415705073758,0.5671537891224439,0.0039569535,0.324953620395557,0.013945045
131959.0,3,0.9999995122653936,0.9802055488549086,0.4713524239230894,0.34493363523080284,0.54952914,0.9257537642184432,0.08706552
131962.0,3,0.05855395210388391,0.153077752241908,0.014537158638291843,0.43633275490817325,0.010783311,0.12062055622862165,0.010640782
131967.0,3,0.04889374047944413,0.3387922245051232,0.15270858753890795,0.43841339806292734,0.111703984,0.18526001262204228,0.103661686
131972.0,3,0.05376155150527642,0.2638777803521614,0.04980610431869554,0.27804817354684247,0.024644697,0.5146293706891271,0.15327257
131974.0,3,0.011835696597733123,0.06399518983222864,0.008355425331120367,0.5629771661365048,0.0026482467,0.07821146453574361,0.01640164
131976.0,3,0.08280219442044588,0.6161394033859284,0.14889336996178362,0.3275298172129819,0.1495824,0.20799630183852327,0.013011485
131985.0,3,0.01754946591054116,0.15094749156668302,0.009738370026666493,0.8872731695501662,0.009551132,0.1026748076238947,0.040711507
131988.0,3,0.20599932493864684,0.9739230076097558,0.0841518735736616,0.7405280478727136,0.05232142,0.4395165778290406,0.024126273
131991.0,3,0.02164622989925576,0.9042575174734264,0.11965036478276207,0.922993155039762,0.23308578,0.1119529168312021,0.042459685
131992.0,3,0.08699457257349168,0.4118269594039219,0.1313906462112373,0.4140697213882152,0.058199618,0.3970849975307062,0.08292721
131997.0,3,0.1518357018795637,0.9307243591399283,0.05649171219364296,0.5023527533914381,0.21188858,0.3303169976220893,0.17292243
131998.0,3,0.04779486626976448,0.6088539617533077,0.061598771472792926,0.9890494554330505,0.037885986,0.5420850281526746,0.043211628
132000.0,3,0.18970987556986976,0.5702349218100826,0.09854654756549529,0.4331147690534457,0.027065404,0.49278197608580065,0.36201414
132001.0,3,0.1321516963494042,0.9692138864822547,0.03417172599326201,0.6400749827610346,0.12740746,0.14937670041911974,0.02083959
132007.0,3,0.021803535872130943,0.4457836293114238,0.048917621746815215,0.4732575834134047,0.06023056,0.2545806066608833,0.20101915
132010.0,3,0.07653955584908127,0.15550160910928842,0.023727712622146076,0.37520111644643356,0.004925875,0.6075081785285527,0.22154218
132014.0,3,0.055816790980287224,0.3280965294477384,0.07884662869190522,0.3679955467512427,0.09701817,0.61149990763662,0.15280142
132017.0,3,0.038065392404042935,0.4600084803263833,0.04560775162231966,0.36172255883034615,0.02263328,0.4317315142218784,0.012667198
132030.0,3,0.14862614680014788,0.9608129669995235,0.07077645867761403,0.4593673885592129,0.06484389,0.14921561535055405,0.100316495
132031.0,3,0.05259050472177963,0.9488885624395328,0.09783485685701807,0.6225873373843103,0.123614684,0.5655889624520345,0.080253966
132032.0,3,0.10884463278570534,0.832777321582081,0.03198417908592396,0.18930542622890403,0.018313296,0.2925291988440502,0.06854527
132033.0,3,0.013328571857791342,0.11884966807682018,0.042197712929885785,0.31767984132799726,0.002546116,0.05061287230165525,0.03677932
132037.0,3,0.9999983919833793,0.9795138421506825,0.049754028616679824,0.35559761458961503,0.13550569,0.9156056140109157,0.4828884
132038.0,3,0.31101216815978944,0.8497444263893756,0.2758744489441717,0.9957719696621311,0.03299799,0.49387764162874176,0.04738154
132041.0,3,0.04834307329683544,0.11379320038137308,0.030133368642112215,0.5012694382257333,0.008154852,0.35941768225842496,0.30572993
132046.0,3,0.04567396917500416,0.4266756566340836,0.5590031593202647,0.5118031870676942,0.3273414,0.28434395526456074,0.049688585
132056.0,3,0.43582628910660526,0.5887165189130972,0.06753803654502494,0.40680265860172227,0.05553686,0.8050968688431306,0.31652805
132063.0,3,0.8913032317861491,0.8623945502427223,0.48484790120298793,0.15379325020328533,0.5775188,0.8244433002119339,0.041897636
132065.0,3,0.9490327986686135,0.9696628623449475,0.1704024138730442,0.9967361116873545,0.084756285,0.19958774353366987,0.0930059
132073.0,3,0.6247139998291837,0.4320355884840162,0.08819761482715875,0.32059681789762273,0.20696244,0.37944244753163314,0.06594729
132075.0,3,0.44093406555190856,0.9705178262499018,0.05878947313344619,0.3826615320451194,0.07527489,0.030384553260349775,0.014977783
132077.0,3,0.5067543480660064,0.38642969788484166,0.24374471819513013,0.3962044794591274,0.171108,0.2757665055498085,0.030313032
132085.0,3,0.02510840762602271,0.5936353057949542,0.11974656848901608,0.3523541830008899,0.045570333,0.10789685640419212,0.00888403
132087.0,3,0.09556347789160106,0.9732753268444363,0.059057819362685095,0.7600062143073523,0.062652536,0.39457075344994547,0.013222163
132088.0,3,0.5539842827154373,0.9277821659920379,0.07098025453431572,0.2798063540125139,0.04738265,0.5817699549806955,0.19351241
132092.0,3,0.016132712050805485,0.11019416340714,0.042075756608966154,0.4740370737299393,0.10973088,0.15123986302109516,0.03832764
132097.0,3,0.13628782944638576,0.22018117124044198,0.032310377626404374,0.9772066981165839,0.029025448,0.5825220845025213,0.21686062
132098.0,3,0.09917008977474187,0.37714691924716787,0.03599570003762479,0.9761615579183877,0.050621014,0.8241171744560161,0.67614543
132099.0,3,0.08875796120259367,0.0869530565878685,0.06258363171004835,0.38745723129902465,0.04423958,0.023454696412238758,0.04018293
132101.0,3,0.19628315605771368,0.8976439430038057,0.023321160203241962,0.4159812608575516,0.026775686,0.09179213915639353,0.2852789
132107.0,3,0.6282434669848426,0.8884693649002768,0.0388147552842621,0.99645101772411,0.050393954,0.8301674382925265,0.76683265
132109.0,3,0.3335546147009156,0.6390913464431088,0.25690498149676794,0.9442661186275515,0.18667318,0.6892559734635161,0.118084334
132112.0,3,0.049119552745102116,0.33224475793346536,0.01610536552501489,0.9910630674780847,0.0043063215,0.27788061826381744,0.22712757
132116.0,3,0.02842512876153678,0.02201205903065229,0.009770068505533455,0.2439845881463479,0.0029421188,0.016639391495189046,0.0039589386
132118.0,3,0.9085505714813993,0.8606606808466254,0.23221927097367298,0.9959605559457144,0.3676535,0.7922495383654229,0.14212827
132122.0,3,0.49515012621353316,0.9502740033827376,0.10535457263550131,0.9947645595838,0.20305996,0.699236416581798,0.082126886
132124.0,3,0.3796120790208975,0.3484023972194842,0.07247458578371889,0.41322894767171164,0.031790227,0.6382983325185267,0.17582731
132125.0,3,0.04400592140787436,0.17973664003901085,0.051206041085894834,0.6569962333421409,0.019697875,0.15265508947334552,0.007529557
132126.0,3,0.057999684967823116,0.9072033968637755,0.014470469837117318,0.8382663680661133,0.0082391165,0.240959609754432,0.39111948
132127.0,3,0.009144900116175103,0.08347694489060245,0.01811010337175714,0.17172442654017026,0.0068423385,0.06935550007757792,0.014026003
132132.0,3,0.011139735449973376,0.036801319493000605,0.0065470604545208744,0.24797088005273066,0.003048771,0.03771274375111033,0.012852931
132134.0,3,0.15196184913219807,0.43741053771936855,0.046259074019866155,0.5726828897324812,0.01991335,0.2828038495143142,0.022196265
132137.0,3,0.09788745176699652,0.9808845606504433,0.024480510247840658,0.9952628847715346,0.047972348,0.45742500453500734,0.024466306
132141.0,3,0.04331796919252518,0.47736164668129755,0.027506964987866048,0.2889775433341269,0.021037957,0.3421477520021228,0.04352951
132147.0,3,0.9303386833482926,0.6530254520831179,0.024831536925382994,0.35698716607665865,0.1208994,0.855350796071377,0.45793134
132149.0,3,0.9995842514211112,0.9881626329734886,0.24931623732853528,0.3332904400973493,0.12629217,0.9059510815377947,0.36192402
132150.0,3,0.0314191147506692,0.21462171855226309,0.022211398404554248,0.509233012947372,0.021460855,0.19248692149453306,0.038213458
132153.0,3,0.022471728011705466,0.06273848181558896,0.02192035313090513,0.3365613422539785,0.0191436,0.05653463531789678,0.007147528
132159.0,3,0.08758205752335609,0.9345571022949978,0.06146814904067479,0.47685991585956966,0.051566504,0.11010217847420993,0.010466626
132167.0,3,0.05331648754877795,0.20909711856391325,0.03526532727513041,0.4269067446989506,0.019638127,0.24732752049150822,0.080868475
132169.0,3,0.9904648255438548,0.6649087630315695,0.842957347458476,0.11262542700254925,0.5896145,0.5750971709849152,0.024940172
132180.0,3,0.02450439684100631,0.3136480707253469,0.028677299005298452,0.7641602040271606,0.043581624,0.5716154684755029,0.16968542
132181.0,3,0.9696147977815631,0.9800741818627293,0.04305505592995073,0.7062756954886973,0.048132814,0.6359763484660954,0.3451739
132182.0,3,0.14454302768420266,0.9930121413727092,0.07080208640919856,0.9824270873366776,0.040221363,0.2964559469035588,0.030764753
132186.0,3,0.2531016419840741,0.9795265383834336,0.4681063098064679,0.38862284388488405,0.15539923,0.2952873464090227,0.08912414
132188.0,3,0.1670522372097443,0.48069979061472334,0.05354182346606291,0.9975941232781412,0.010708852,0.7432670409775255,0.8864941
132189.0,3,0.46032511870959225,0.9627025785083566,0.09327702528623838,0.9957995337040176,0.07693073,0.8264955366713059,0.601756
132197.0,3,0.34015591182293303,0.7718689929743499,0.20367320361651184,0.3977955183659511,0.2940466,0.6726511629261552,0.029031474
132198.0,3,0.2592770981222719,0.3041245673719224,0.07337739834338755,0.3254237694334414,0.032271486,0.3666213565854741,0.20092444
132201.0,3,0.30042124322948704,0.969932583050348,0.10037036252039752,0.5813272410044255,0.033867415,0.8483405073050314,0.08089522
132202.0,3,0.014497343565115697,0.056410272921990565,0.04261075424797633,0.542889279668336,0.0012929714,0.09201855062016019,0.016609853
132207.0,3,0.01736496675197815,0.097051213152404,0.011585350429418275,0.23216361774825361,0.008932566,0.01056488026081592,0.0076253624
132214.0,3,0.9189811467378347,0.9581761556524525,0.11397898512350227,0.1350596280954347,0.2845755,0.33983170895280457,0.17971084
132215.0,3,0.038322475154166404,0.42997918765745174,0.021639593344994355,0.33461018523785535,0.014286614,0.5271622526461854,0.047800843
132219.0,3,0.11623636013091838,0.7624369486129754,0.03935881822991207,0.5476070470504443,0.019828063,0.47275276257094434,0.19056547
132220.0,3,0.06893880898347171,0.1510573946397264,0.04480495879177548,0.44015433085081196,0.008910284,0.03154920579946335,0.003296689
132222.0,3,0.14888229690233273,0.32710691667463,0.039212336908357785,0.15579687403176873,0.016807318,0.25168051743743447,0.14995146
132226.0,3,0.05885015050396448,0.12557596880473607,0.019196300141186923,0.9537226209598454,0.010854744,0.1800990052787582,0.32761642
132231.0,3,0.9999998663380473,0.4842434844911533,0.013942937363762835,0.5975358288064455,0.044795252,0.11988362731397476,0.03589911
132233.0,3,0.06315413758493829,0.4230498279675729,0.023066677806668538,0.3213503083153506,0.013703192,0.4019243190910249,0.2332299
132235.0,3,0.5165055468434842,0.9206099296497712,0.5184507671071472,0.9953095866160852,0.15295313,0.46583355285254896,0.11941
132239.0,3,0.03756049707124377,0.1517967925207803,0.02555355626626489,0.862023444056423,0.031380653,0.3653833169251319,0.28235498
132245.0,3,0.19769278968612947,0.7852865048952355,0.1011869711029462,0.8813404977487105,0.052501578,0.12305928428663186,0.018436791
132250.0,3,0.016599619046310136,0.0784657492294526,0.010219069911397176,0.3456745825980359,0.0064069713,0.12671803063365947,0.18103331
132251.0,3,0.012029935641191068,0.7542632111984193,0.019404142228849407,0.5673520636494556,0.009273689,0.25606823703760606,0.34560412
132252.0,3,0.0069609659871368796,0.1447980696477408,0.015371040397802212,0.3033521995776605,0.012268622,0.01982535945713169,0.004386735
132258.0,3,0.3849698291008065,0.9146055126664051,0.056918594130456114,0.42553679036146336,0.18359138,0.8085505677820131,0.28200814
132262.0,3,0.07540720184717516,0.5651900447371951,0.03604752948918363,0.6067802137686827,0.08361564,0.3261473905214402,0.06593053
132267.0,3,0.045314126914549675,0.9775039456764832,0.34129341001103153,0.5842005062109282,0.08524518,0.2347153380172492,0.03529829
132269.0,3,0.02363287213657063,0.16205365771855004,0.00915176705111692,0.91599261629275,0.003631312,0.36230465241872317,0.4133823
132271.0,3,0.4795041759135529,0.925717980762417,0.07048347830805367,0.9957565986320243,0.29123828,0.7857240802479699,0.066586524
132272.0,3,0.11550172950646971,0.7538010893017696,0.22415956894130082,0.40644367006295906,0.16076663,0.2846485498333712,0.046314232
132278.0,3,0.11257814744955667,0.8273259214963515,0.06142441299978605,0.5129710819555462,0.1052866,0.17245111594656726,0.00792935
132283.0,3,0.8518380054919863,0.5215855677122141,0.08527394314202381,0.2849499449097847,0.14323547,0.25162751617702855,0.029328942
132286.0,3,0.03815257153389506,0.24228237430121655,0.013573970526147361,0.7067651630761949,0.01519293,0.37005760625243983,0.7268214
132288.0,3,0.8381250269301691,0.987873645382381,0.44812421037254746,0.25646940495700343,0.32485026,0.1462120653964971,0.015250033
132289.0,3,0.21277110853755313,0.5558953507360769,0.04827601033733907,0.4324980774637848,0.3053908,0.34472314753638034,0.018254286
132291.0,3,0.13938719536633332,0.49164666444659255,0.10848298212086954,0.39798944547718335,0.24424644,0.405677058617335,0.04851375
132296.0,3,0.26907110952429825,0.8865304975838988,0.2006885840305313,0.9549445198725395,0.17642486,0.6650697080932295,0.06149987
132297.0,3,0.09847285975463316,0.20175635048430685,0.08898165570225715,0.8664979245097673,0.1487517,0.25117693305166927,0.0418055
132302.0,3,0.244494545293498,0.6255132698960036,0.09967473213999539,0.5534023307934827,0.12668496,0.49491875045212175,0.022407655
132303.0,3,0.6909963165671286,0.8874627431867016,0.05525901726452818,0.992944801040061,0.16290769,0.50311649646715,0.11459067
132310.0,3,0.11636676318545072,0.9666266164328898,0.03084917316503378,0.9968052380177123,0.054153904,0.7076086285475478,0.2167258
132311.0,3,0.1515648104722142,0.35617029366589376,0.04429406520293707,0.3592840832694503,0.13625915,0.24038878573820793,0.057781033
132312.0,3,0.007975717457799014,0.020924254536303012,0.009280103671256212,0.358592933001426,0.008967023,0.00972789889114115,0.009909098
132315.0,3,0.6443248122889536,0.941541101571116,0.06764816601523563,0.9112741373604575,0.11688437,0.3366862508138051,0.023564132
132318.0,3,0.2774537279966561,0.9673394703639405,0.0405106257802637,0.6452539763475907,0.028108057,0.7485716937433401,0.7733791
132325.0,3,0.16900836275451778,0.8093685981264738,0.05084540557476924,0.9800300262898107,0.015084,0.6527943603671531,0.25222012
132331.0,3,0.028324699138322508,0.13950831218919274,0.0610287773384815,0.3583930786661057,0.006713433,0.06322295428195039,0.084055826
132337.0,3,0.034106584806132656,0.2694661986658616,0.02710313802598415,0.5477408761120509,0.0117895035,0.24758361674913457,0.05000906
132338.0,3,0.31521924850301897,0.9393509470629292,0.1302866315951159,0.29935261972841476,0.20380856,0.7053759307934239,0.031293973
132341.0,3,0.038775230204569154,0.18211866921934416,0.010808578815345913,0.9875899107097186,0.008957444,0.38800329105714854,0.169123
132342.0,3,0.0516557358383902,0.5064775413500376,0.1389796508041968,0.9254666815630277,0.09510877,0.39023693124118347,0.029882766
132350.0,3,0.2850222606699959,0.9929914010400033,0.17426642804713466,0.1803599623764408,0.34109035,0.7491387049263485,0.011078741
132353.0,3,0.022250048047139252,0.8870374859139174,0.027390236004567706,0.994697033179324,0.013357164,0.4494136199050773,0.13183534
132354.0,3,0.2207640860605023,0.9727381611035711,0.047905557548805114,0.9965704401351119,0.10165958,0.7364201107908512,0.54472774
132356.0,3,0.05515219901848788,0.16151766776748153,0.050784511854858924,0.5053680866118567,0.0076970453,0.06925264730348608,0.019110352
132358.0,3,0.6254031370681572,0.3302471146449216,0.011212364111211476,0.45678807860732246,0.03673946,0.3691741980523705,0.54415476
132359.0,3,0.014420627334885978,0.04232561161056924,0.018508615527120326,0.21861142860993582,0.004310296,0.02606819508752156,0.054713324
132361.0,3,0.08499548338639032,0.4559011971793506,0.03515958461619152,0.2520167651220946,0.08821084,0.07326139943515901,0.010695231
132363.0,3,0.18918290508479485,0.937830437559261,0.135965091913706,0.5916658886491711,0.055634145,0.10605872308289414,0.0031283754
132366.0,3,0.32826582353085587,0.9795612932273227,0.06493387999332717,0.42813645993339045,0.13951181,0.5297728449103715,0.026396204
132373.0,3,0.16179232021419293,0.9825503545544051,0.15008032984828235,0.6301024824429098,0.23361932,0.15959191709002452,0.0037359616
132375.0,3,0.0571393134305425,0.43929322967405526,0.08719616661818723,0.4933593487748153,0.088261336,0.03247924249583387,0.030900283
132378.0,3,0.07580478372635377,0.9528186530937782,0.45899825329780425,0.8460539658469884,0.41559887,0.6316742344726805,0.0157137
132380.0,3,0.6548437514875741,0.968336403717928,0.10753066911966659,0.9970783248763198,0.2298134,0.6881346708774825,0.13428566
132382.0,3,0.030188897655498773,0.1439615717137983,0.03584848040637725,0.09639562553614471,0.023489347,0.056288702798666684,0.038060818
132391.0,3,0.01133331508391054,0.24735016942396204,0.008101541579889609,0.40199927346111597,0.006469899,0.019585513146556096,0.021637358
132393.0,3,0.1551957530443226,0.6214024518946318,0.014332461107906546,0.9750580401218826,0.009403657,0.2275151488583763,0.08626984
132398.0,3,0.008010190826418549,0.13546135249798544,0.00956879180329347,0.7395290488969198,0.016905552,0.04228977745855567,0.041653004
132407.0,3,0.016046012489853632,0.5320085779693499,0.014141965668312557,0.9967725032886484,0.0054744855,0.2625106586288508,0.23246042
132408.0,3,0.039520871668144164,0.22019573466763775,0.01630651993154876,0.16255741173793442,0.003682335,0.09369439360234967,0.1584136
132411.0,3,0.033745617361707954,0.22961643178835334,0.029466201598364702,0.5878227781518137,0.0076383487,0.173311213852297,0.0073183393
132417.0,3,0.08179730917308864,0.486879106416166,0.06599519110224393,0.5414721522080601,0.080568165,0.652053366582953,0.04756499
132419.0,3,0.029305177603567312,0.13273514019587745,0.00969625096982889,0.45897788405453166,0.016863229,0.4097928147614486,0.21066128
132421.0,3,0.03980996642893646,0.14443625865613072,0.04750680076870819,0.40633713095026625,0.009731825,0.07397192545686541,0.096251495
132422.0,3,0.01582990912101737,0.11180158787561947,0.033508072811172004,0.6143637240030592,0.011781439,0.05571456368316107,0.0161274
132425.0,3,0.0343120592057239,0.6629511808731458,0.03745062298858696,0.7588557618071826,0.1467074,0.44335205759588675,0.08564832
132428.0,3,0.015009814345798473,0.09185259368227586,0.01608578060224401,0.23498326438257025,0.011981386,0.022635562097606515,0.0036995627
132432.0,3,0.009247975444233152,0.10270066928973069,0.004343954990208331,0.2660382059713374,0.008676655,0.056902349053242735,0.013727994
132434.0,3,0.8554299470973598,0.7801305937030346,0.17880277446843185,0.3187496660121278,0.48010787,0.43650519537660726,0.030400887
132437.0,3,0.1338501767730651,0.7568280019529163,0.07353197592368671,0.3985090519236613,0.076413184,0.573687943200305,0.008864058
132438.0,3,0.9999944132931631,0.9656716627015366,0.7672174591020703,0.9951541202780305,0.16808996,0.9147613545035026,0.33296612
132439.0,3,0.25583237449730845,0.9288845019763853,0.08334172566763878,0.4765996365194278,0.1881458,0.1826406091582951,0.050843943
132445.0,3,0.12452108638893915,0.8341543541022797,0.21182378866506624,0.4078895533867451,0.048328623,0.4074032861984032,0.021421023
132446.0,3,0.3507711215214998,0.9850137102083397,0.1996437979647368,0.6118671008159313,0.19759732,0.7218653076010103,0.0734837
132450.0,3,0.03677458803813624,0.24532670016576516,0.02509345357093833,0.4946591162523143,0.006761772,0.09819259722122263,0.16184132
132451.0,3,0.053840270546143675,0.8037166136027886,0.09232138992158344,0.5298707099094069,0.076922685,0.04936233576102189,0.06437987
132457.0,3,0.21711126130179617,0.7846979509982568,0.11827814361204131,0.47340829015064995,0.092745975,0.18879084311165498,0.009069682
132459.0,3,0.8912587507117209,0.9791791014101421,0.4194027421644009,0.9930060239353358,0.34129563,0.6257908683043987,0.24603689
132462.0,3,0.01770717907557258,0.3938814674308279,0.01445301345753699,0.7407513160537407,0.0034112677,0.19442464633152573,0.022999577
132468.0,3,0.42607635475062094,0.8055862431069055,0.3035259184549236,0.5063975173740829,0.08383558,0.5404688616134679,0.020957846
132469.0,3,0.11261025842117578,0.7360708696925269,0.02232441930167988,0.9706478736262334,0.003676582,0.5357072879131164,0.19209862
132472.0,3,0.15131661613718908,0.9418188082353259,0.3280937420829475,0.9966434382924809,0.2751697,0.8893376387644061,0.13203797
132477.0,3,0.08341440721146454,0.964862134021129,0.026754559369864584,0.5316739434148596,0.0312545,0.16771248619805204,0.4765993
132481.0,3,0.27902719379491814,0.2594616743909471,0.2108924862362339,0.3328528786590862,0.4343552,0.11949531279534518,0.051869076
132486.0,3,0.10850684895747324,0.6839253039860543,0.05100993550006999,0.8827827155199236,0.02788383,0.5590187533807967,0.14499722
132491.0,3,0.012790955848727139,0.6159529725861295,0.03337343909269974,0.336925623194002,0.03349621,0.3491287229008352,0.42062932
132492.0,3,0.3139091360603095,0.2305056634055218,0.036474824978896876,0.6097082870671316,0.040072817,0.49739283938145074,0.16534416
132493.0,3,0.8654701229402885,0.6219471443605409,0.08877952633388385,0.9785622339918456,0.1880608,0.07044046865593005,0.006227318
132505.0,3,0.016971681538977275,0.103248919971892,0.010104457377638515,0.9903790262553384,0.02208194,0.5275365520072128,0.14358094
132507.0,3,0.10857127819999556,0.741056326232475,0.08949821029926175,0.770100544708658,0.09349406,0.10723443898459897,0.024103723
132508.0,3,0.030462505829368516,0.05868255170828279,0.015240032772517502,0.3772360846112657,0.0047577485,0.016583422519263924,0.013916878
132510.0,3,0.12489137595792221,0.9190281879697105,0.0729882590920206,0.6591552296526058,0.22145109,0.42379773158996636,0.27396664
132513.0,3,0.12761365788391751,0.43047215641646625,0.02171970852716654,0.9968077247146087,0.015544954,0.8375754359464186,0.66629755
132516.0,3,0.4800151761967134,0.3749916787680449,0.03637026730610922,0.3140768599790319,0.031018164,0.28228499094714676,0.14178519
132518.0,3,0.009807221097548582,0.09825892104042247,0.005887659658579506,0.8947296037285548,0.012856502,0.2382699423541857,0.10742007
132520.0,3,0.01778702973584823,0.1995705217628125,0.01868760131190861,0.34873601030625756,0.004643946,0.25912181571290793,0.010518555
132522.0,3,0.1303765550412514,0.9876683424636652,0.07194792785602663,0.8760629050450751,0.046287037,0.41281143274632537,0.041288756
132523.0,3,0.025166517876618246,0.606874637165539,0.01732049914095232,0.5700357911736136,0.012388043,0.37198560906550626,0.06406735
132524.0,3,0.015456591592953674,0.13845085728389958,0.010327514334484086,0.6533728372834601,0.0052108113,0.1363107149033172,0.26230812
132525.0,3,0.1802265533913174,0.8941575162545154,0.04576533357898296,0.6260593681664774,0.042162932,0.5824029341946,0.16633424
132526.0,3,0.018458199816791823,0.013065182227997662,0.00394459017851629,0.09240371238437095,0.005751569,0.05768474417364747,0.02350318
132533.0,3,0.19753490690799483,0.6774061936042978,0.10367301982573658,0.23258521490752515,0.046491913,0.15628962402456076,0.10272383
132534.0,3,0.02734211887714476,0.028159755628307602,0.014611360082512681,0.42114089921534703,0.005227101,0.012182533332067865,0.009700182
132539.0,3,0.8863343661235737,0.7903448101652865,0.1748198353525762,0.32489824631000425,0.35530663,0.882675480743187,0.05149002
132540.0,3,0.22857945045793335,0.5725118254127725,0.03636923602938247,0.5771528677058795,0.06501273,0.2966188966705431,0.092163265
132545.0,3,0.0892952931170917,0.8067860476495767,0.04472790391831599,0.2174825420652597,0.030016342,0.46443060164572125,0.0262285
132546.0,3,0.1091051163293121,0.37574674258250573,0.027454618795336606,0.9679988780421442,0.02913063,0.24591121997815457,0.119821414
132547.0,3,0.34758956611369674,0.948371557425576,0.2206355293813853,0.5460820968512907,0.11606341,0.29557967238231975,0.10188011
132548.0,3,0.18592892065288144,0.9645277755045406,0.04882361335259979,0.996397781845891,0.05280702,0.7620101501549987,0.0730536
132549.0,3,0.22305390458714586,0.73702958075959,0.14619929057178474,0.31628508230638375,0.041369557,0.7381129515309204,0.18367803
132550.0,3,0.03311126996601964,0.8830270685091816,0.043456984780967704,0.7689186135264428,0.013696413,0.027693933638337758,0.013666595
132552.0,3,0.007564544027668594,0.1834234963782056,0.011254291618688371,0.20324269306277698,0.008120179,0.09848899534863938,0.087531
132553.0,3,0.013199022416801792,0.05138952715976073,0.02180813659202447,0.2573237318323361,0.0032352665,0.03996443413332591,0.00818796
132554.0,3,0.018380531832880912,0.054383604153770485,0.00895271560355191,0.3142761418105503,0.0038024075,0.10222869830190066,0.019656956
132558.0,3,0.3300085210307974,0.9879761295111062,0.059626078639939586,0.6217954560680927,0.27017102,0.6202950696230721,0.21503995
132560.0,3,0.011288620768796753,0.1173476778596532,0.015027596919936846,0.49853553608904144,0.0040029557,0.5231453911451446,0.29869965
132562.0,3,0.03133997754833927,0.15346684037155814,0.03550253836340225,0.5945723441703971,0.03455448,0.06869823647226958,0.0028587624
132564.0,3,0.2247894492290091,0.9552005726851948,0.9811133294345087,0.32311191449022,0.5906582,0.37711528774167824,0.016515996
132566.0,3,0.3534535182090494,0.5202064563310135,0.061093542690017044,0.295504878112562,0.18963872,0.31496655580284894,0.0503518
132567.0,3,0.4596147365813948,0.2602624221390655,0.04822542468839057,0.4784029247643028,0.05264004,0.06534908522869928,0.015006767
132571.0,3,0.9669746029424316,0.8698461060015104,0.1520139986436298,0.955142503052034,0.28702545,0.9157453114068346,0.17551836
132572.0,3,0.04349994963474416,0.4583197728112902,0.050634138114869824,0.8516334450860502,0.026912596,0.415484048313235,0.26541302
132573.0,3,0.07110598001019379,0.2749067951960373,0.06799220719618203,0.39239429991407526,0.037840847,0.08469543085822034,0.0031211046
132583.0,3,0.06542727208757372,0.9358918227773233,0.024867305197201244,0.9965875540557586,0.026995312,0.7954971370008577,0.73769677
132584.0,3,0.011095977506533506,0.08774909672409678,0.0054508653570649315,0.727127794708467,0.008369139,0.04469214820111238,0.009517
132585.0,3,0.3358086433566494,0.9474606192517079,0.09426971388741219,0.9956811408820992,0.3921947,0.42218381104331854,0.09033162
132586.0,3,0.14931312903185506,0.9553556595779901,0.08330355174412823,0.7019895373309983,0.07356533,0.3411686042338042,0.0039115115
132587.0,3,0.015259258139573136,0.08037820523225338,0.029668004749222633,0.24637326361846124,0.00677868,0.09500422843705654,0.12203316
132610.0,3,0.01864121534505756,0.09374273907653609,0.022310653258913335,0.4303834077256386,0.0053057666,0.03845853211490108,0.00648055
132612.0,3,0.021058712004259704,0.9039980984196684,0.014647157127558397,0.9573240086218052,0.020072702,0.5530532703134078,0.7240433
132617.0,3,0.9999983893954426,0.881819100516216,0.011128395418781018,0.9960151152238893,0.04104172,0.6684343366114526,0.57090735
132625.0,3,0.998787728661632,0.7613162448911216,0.2371305793318099,0.9958319418661811,0.22424142,0.7740989085793408,0.15112889
132631.0,3,0.012626119508662013,0.08323312831892173,0.010405831666193893,0.9876114750848619,0.0071006967,0.15341022119825232,0.08281543
132633.0,3,0.18406777530166646,0.6323203776025239,0.05121182171126781,0.6745162168407427,0.034600962,0.6690799618767728,0.11788691
132635.0,3,0.16858323545801007,0.44024647531903655,0.04601137604785132,0.5489260530661212,0.069860384,0.05192356294380684,0.04905924
132638.0,3,0.0026519229840552922,0.019803196445345898,0.008470895659752758,0.08796570641519393,0.004069778,0.012787060732255684,0.0123988055
132639.0,3,0.02023736219797726,0.20324309409396268,0.021871910379795273,0.30658405324437255,0.011563064,0.20316714007271552,0.06492154
132641.0,3,0.034907627538866594,0.11717176618043237,0.032627737097141826,0.22515353939286228,0.008897808,0.010890190140471231,0.013702805
132647.0,3,0.009701730470169525,0.29773556627433606,0.017417662780531848,0.460548223722726,0.005414853,0.15436073273062778,0.029470604
132652.0,3,0.35320357077745584,0.5987124615994749,0.06901222211114612,0.3587169863478419,0.024563322,0.2485465697674795,0.038994435
132653.0,3,0.02661821314016402,0.5691443646819696,0.01643460096093108,0.3966250734651367,0.005687511,0.15447666272207433,0.015571669
132655.0,3,0.0530021339818543,0.2690983840153376,0.03836208995686243,0.5051953011641582,0.012777604,0.12835435075949703,0.048101336
132661.0,3,0.03970235830111323,0.8832368858431738,0.17195345840952794,0.5092955966563028,0.16234279,0.7129169583593841,0.31391662
132663.0,3,0.9253302741673364,0.4428639157976852,0.06130403866040839,0.32015532508810407,0.12916487,0.2771091419758223,0.056466438
132666.0,3,0.07583196700663483,0.866976276434363,0.0387330918809183,0.908057758311623,0.030422686,0.10009348653926449,0.12302165
132667.0,3,0.012830082543652952,0.06178507367761975,0.018771756876131324,0.3953405747674387,0.0071043153,0.15655775014875895,0.16369402
132672.0,3,0.5817066017686752,0.9398062704005756,0.2583686107097776,0.9954221052436506,0.666504,0.6431897979009148,0.042983297
132678.0,3,0.12733886298238192,0.9848685377252226,0.0915086949481863,0.5078863860692778,0.14127038,0.779518509302109,0.4249386
132684.0,3,0.026454852319026525,0.6276934570990521,0.012627155802671357,0.9025255743390111,0.015909579,0.19567508086861352,0.03833418
132687.0,3,0.7030276723137682,0.8415528911834497,0.9553685076757072,0.15233822677515724,0.39374086,0.47300255524570556,0.08651425
132690.0,3,0.10033911778110374,0.2576299047721394,0.011543274061014106,0.51286804720948,0.0511574,0.7376241683368548,0.37792736
132692.0,3,0.9989924211226802,0.8123595188044324,0.009837729377090996,0.9979385614890499,0.04860359,0.7491434270800909,0.632616
132693.0,3,0.021940472064099662,0.6557749583003226,0.018873363190685534,0.6619002881608214,0.0037992478,0.17515959257936817,0.020331874
132696.0,3,0.12992976637383508,0.3774420805258038,0.03560912850018576,0.9968959543003942,0.03401737,0.40155770275624236,0.09599561
132699.0,3,0.12563115848386847,0.6690343382964703,0.03582133679041817,0.9851204113203105,0.026498388,0.6510233737122116,0.048652045
132706.0,3,0.0703061824582166,0.12495658213957743,0.012824898222155764,0.8795065040613833,0.010039143,0.3900945282195861,0.1638637
132711.0,3,0.13646230811139978,0.2334447571606338,0.12797516602144912,0.35517043001095194,0.043938838,0.026162882918838223,0.010613139
132721.0,3,0.09810058664842204,0.11108526857927307,0.007506936948287454,0.9747174870017693,0.027019247,0.64668092890432,0.7832532
132727.0,3,0.02799605323976658,0.1443689865954603,0.05181293617722484,0.40794783935207357,0.041831084,0.022628612053362716,0.0066712787
132730.0,3,0.9999875998901285,0.8414594667366836,0.2663900195277546,0.9970390528154855,0.6335254,0.8551393712632668,0.3948706
132739.0,3,0.31366557539074064,0.7879278207300132,0.04036154946258973,0.18657757996845145,0.051626153,0.3884941688675077,0.051607646
132740.0,3,0.3938416795326941,0.9885115872507932,0.05159218043725113,0.49640907690479497,0.08461735,0.45593128513798925,0.3007589
132741.0,3,0.13238446922583663,0.1875476461777109,0.10649162589934542,0.38601611164206684,0.11368441,0.4268494918588147,0.18849352
132745.0,3,0.07094246100971044,0.8047027658608357,0.07346320968308231,0.9349531102398726,0.061876003,0.2988979837891135,0.08729274
132755.0,3,0.9681050794178301,0.8269182922152677,0.04814498301391105,0.9969589540115904,0.081077226,0.9098652734507557,0.2532734
132756.0,3,0.20848133825351903,0.9725869007239144,0.055198299021091114,0.4518420494764743,0.04017766,0.32907831343546984,0.15196799
132757.0,3,0.06804305778379245,0.2980381778376676,0.04790885315644339,0.36055906905734797,0.01825445,0.1690393765786789,0.12448099
132761.0,3,0.05073639319188989,0.6991284671065815,0.03746442561841537,0.42675877215131164,0.025741903,0.4131069260348944,0.017955402
132762.0,3,0.11161375493728304,0.977580905686547,0.023221539810295372,0.976442697684868,0.07210953,0.36827355333535416,0.06686352
132763.0,3,0.024686291451201228,0.042625028820737695,0.01152401451836922,0.21098463792359737,0.00637906,0.03072500259524945,0.042035736
132770.0,3,0.10564049447168286,0.8012712233645187,0.6749639677298928,0.62112024883764,0.2706433,0.1906770611783786,0.07511024
132771.0,3,0.07469310818940963,0.6906536708618406,0.22944408085037404,0.12961223207888628,0.06473741,0.025239601276787624,0.01847844
132782.0,3,0.1309922646168618,0.8603295760434572,0.2637932403559985,0.5772964171399887,0.062803365,0.06959704933718897,0.009148803
132785.0,3,0.02145240687332574,0.053405173346657744,0.00781733221778164,0.9281893990226406,0.0042203884,0.20638641993155893,0.026918272
132787.0,3,0.059361474941716855,0.3573546743142836,0.026158978212646886,0.9814439430951655,0.009397219,0.29966630264442307,0.5087215
132788.0,3,0.035459352383589916,0.354940958607149,0.07940648519820162,0.3833548756869639,0.015571582,0.0764240395927368,0.062038746
132793.0,3,0.6958164940712935,0.9171518171302437,0.10070280051796532,0.9959489132242506,0.1995148,0.6984879929728302,0.23543723
132801.0,3,0.011920832014918134,0.11477802727489995,0.020093091208832677,0.3396561327691612,0.017565731,0.08414654748513924,0.061555296
132803.0,3,0.9860896497810479,0.6039918391451553,0.037848008634797266,0.9964602130323132,0.2511226,0.8382319780632294,0.62738216
132804.0,3,0.21480166376074272,0.7199551742833333,0.07974863356945312,0.979303509833105,0.09084139,0.5006761519382734,0.08616554
132805.0,3,0.006169261410750993,0.19423260820942329,0.007418826013236229,0.6172301975561316,0.0028793116,0.027430066826862793,0.009727786
132810.0,3,0.010480463420034279,0.09712579181198872,0.01575279237500837,0.6169442692900349,0.008473789,0.037233535672563316,0.0082858605
132811.0,3,0.24445936887263592,0.9590648767897002,0.16661317245858992,0.33302203263515656,0.2209065,0.5037824999919296,0.005655058
132814.0,3,0.21165910046627853,0.3929112515234015,0.1050523800576479,0.552374148994246,0.022203378,0.04360626324284871,0.0066507487
132815.0,3,0.035791060798885124,0.6143242391227752,0.018979087570475794,0.9676991541617141,0.0098679215,0.48649401603256837,0.3617356
132817.0,3,0.01899645884421897,0.05168616926699319,0.03203284349280641,0.34847447518451474,0.017386284,0.038813531944639226,0.012872076
132818.0,3,0.10345203946976032,0.09645268700105546,0.015981456081118308,0.436237815383256,0.017137686,0.22830766307217648,0.068408825
132819.0,3,0.9947466866115533,0.9558349059619301,0.27191902579459415,0.3254019593692184,0.35388628,0.7780023008282182,0.08561791
132820.0,3,0.6238981159815005,0.9296906475240908,0.08121039937545546,0.9964648963459027,0.19416116,0.8621796912848728,0.56791556
132825.0,3,0.0664597692449786,0.7996383951880431,0.011593579730191577,0.9961973651820344,0.009000034,0.5050045014532522,0.5740417
132827.0,3,0.5366362460669818,0.7106623695931915,0.26224420547536037,0.2670327055324985,0.10302405,0.6073437196556767,0.059852935
132829.0,3,0.23766174943530524,0.5982205928508335,0.0675679273752883,0.2922495497233535,0.032248106,0.166128787452406,0.13284235
132832.0,3,0.0710521803075836,0.4050506485602308,0.05825337153174305,0.43432308764349375,0.09706097,0.504222136533953,0.095677696
132835.0,3,0.13964361252301657,0.760555569620699,0.06984028962207521,0.6982749407911831,0.04182132,0.5359603081567561,0.010160259
132837.0,3,0.7015001063963994,0.6580089934764104,0.13212953738126537,0.25064521691827607,0.31743577,0.4238453820489876,0.06523288
132838.0,3,0.005535265957183914,0.1010412235911491,0.013711812592496906,0.3723188913546184,0.006328784,0.0931203498632648,0.03431675
132840.0,3,0.5150907840179939,0.18300011371885624,0.09461186276041962,0.34249018649280816,0.1311201,0.45355488344016104,0.08278695
132847.0,3,0.4012889332195191,0.9442822813829767,0.05799417651969158,0.9909613231866268,0.18447058,0.6217427830835058,0.18160883
132850.0,3,0.6440310968889066,0.5095121870070467,0.024382650561783913,0.9970181003226767,0.036948714,0.7934836427010011,0.14495511
132851.0,3,0.04792918297402664,0.2951279602194133,0.061736346587938994,0.9119621730248907,0.01995486,0.25162339283912444,0.027258484
132855.0,3,0.009007256287847508,0.042057669566744775,0.003441894106462393,0.5946337093448857,0.0012326257,0.018970958732250888,0.008742731
132862.0,3,0.012917566044305764,0.029499705495745057,0.006018954292461763,0.2715056596881937,0.0029379197,0.01919852263836068,0.008393909
132868.0,3,0.29618780458364946,0.8413186831596061,0.032119792543696006,0.6525993441221842,0.03058977,0.3485427206890022,0.049385276
132869.0,3,0.21150975016901477,0.9777453830958301,0.4059887838324388,0.9953852900620954,0.24648939,0.7618458428846071,0.20057711
132870.0,3,0.27278389022762706,0.9578213718920734,0.09547219136134959,0.47633154470623507,0.104829445,0.47401639211603225,0.12425573
132872.0,3,0.01103934582294617,0.039647829930883595,0.02669987170289683,0.4023551026497058,0.0039587207,0.1551510600708707,0.11577671
132873.0,3,0.14923645358380516,0.6198486942990676,0.10569499101532526,0.48266715103699287,0.036724646,0.45181783700004585,0.13170947
132876.0,3,0.019480022554715804,0.05465349478601865,0.017450206593059847,0.14839435803006204,0.007579027,0.008263702527513794,0.011111073
132877.0,3,0.6453607423655157,0.7490520582191595,0.20745030418008248,0.18722607256791385,0.16653064,0.22714039698984076,0.07035185
132878.0,3,0.008982732198121221,0.03197402949238799,0.005964338498018329,0.3897969892751564,0.0034135883,0.01712958196894104,0.013817789
132881.0,3,0.4347272287884641,0.718811240793872,0.09973775987024898,0.9569053725032941,0.1337304,0.2994964396811804,0.026888845
132883.0,3,0.01683978692411139,0.23651588757292863,0.013531813701672456,0.2572326679207161,0.008485355,0.10589440208189732,0.00805978
132885.0,3,0.11233124400536679,0.9689884798753443,0.07064063195356364,0.9963434919946793,0.24302317,0.727068758173047,0.15060116
132891.0,3,0.01783952517601151,0.18397667792437017,0.012009093933057893,0.9379238389555689,0.0036244155,0.19138021301356603,0.052010264
132895.0,3,0.26659802105710856,0.8131717535648859,0.2119776508141469,0.2856683227519891,0.033282686,0.359160209232413,0.05862732
132899.0,3,0.2708869546117611,0.5845633744276414,0.11498592310687847,0.9718390508469253,0.058231015,0.8158541760034822,0.509098
132904.0,3,0.49889345553878184,0.9789888478100215,0.0673751892335583,0.556220218820532,0.22633474,0.1949779135223442,0.032048397
132916.0,3,0.162601866550935,0.9198089349615375,0.04837629586582465,0.6581306962415534,0.032154784,0.12198379872892352,0.007033722
132921.0,3,0.04598861694348201,0.1358724410243398,0.0123723390110515,0.3798274094938985,0.0020348886,0.040603193566336425,0.012666888
132924.0,3,0.139547458296762,0.7684429139905227,0.08785492149752568,0.5132153075367601,0.15530026,0.028252487323313494,0.028514596
132926.0,3,0.11467527294405551,0.8882898586275269,0.20377425328486398,0.9821474428622063,0.058070622,0.8221249022557464,0.13488546
132927.0,3,0.04818028723011995,0.7828109722270742,0.039112920948331596,0.7282448132117563,0.041635755,0.2572491294888156,0.034287427
132928.0,3,0.33131236097471517,0.7382649293448378,0.1696614746228553,0.23180071599999097,0.25237137,0.18696479550921105,0.06678639
132929.0,3,0.16977981542570977,0.827554450419938,0.6762807977067984,0.9957053251250338,0.44332772,0.06880930126775517,0.02394987
132932.0,3,0.07427026982289585,0.3218873797583798,0.03625790607902804,0.6330279283017832,0.016188946,0.5224569643654557,0.42463058
132937.0,3,0.19571382118406638,0.9845227037824134,0.1636506150835201,0.6400362555474478,0.09015984,0.3647100785103494,0.0061471164
132938.0,3,0.08588634885731056,0.8787154960998312,0.12359251064974706,0.5600451741359367,0.043642405,0.032950419971708396,0.1033835
132941.0,3,0.44741074654245183,0.9585098560253134,0.030472632891465175,0.9094283189294134,0.15400891,0.8107013205621627,0.3311862
132942.0,3,0.039702375019565764,0.04928118892813646,0.021159047705692893,0.30939612818040374,0.006150485,0.01219160038168702,0.011153922
132945.0,3,0.10093483297249105,0.4184237059916437,0.1740984875239794,0.5414321243181223,0.08864733,0.39694521440859026,0.19742675
132952.0,3,0.03020144853354002,0.10061058081251882,0.0072098356850289,0.33789165842966234,0.008390703,0.049033712166710035,0.007847587
132956.0,3,0.15519512840028726,0.657778192974896,0.011997133025505015,0.590274522935312,0.08066033,0.49657266985920573,0.52882826
132959.0,3,0.24370274046663315,0.9868051681860419,0.07316807685749578,0.9958817196592783,0.019516893,0.351650742636867,0.37286466
132964.0,3,0.006842973192040231,0.16245159104537918,0.0294323365154915,0.5206446781546721,0.04731852,0.1280864807887984,0.033572536
132971.0,3,0.007871694247650529,0.030672458628846586,0.011976145198399256,0.2735500453204994,0.0020069582,0.018792938089444936,0.010119964
132972.0,3,0.016824950295214386,0.7803200733752966,0.024628831722622386,0.7658571620678772,0.020808745,0.13333328045890383,0.0740872
132977.0,3,0.02649456708547598,0.5781345465776933,0.044610870590423506,0.6101835763126019,0.038660806,0.0246535586222053,0.011140257
132978.0,3,0.01912510823956804,0.34098508801668,0.017662395797533717,0.3161952605331514,0.0056076986,0.04885462867217069,0.03597607
132979.0,3,0.20667464941140493,0.6559381395032935,0.06915947338526571,0.33947573486457533,0.06932221,0.48296170788711756,0.17725797
132983.0,3,0.05428140879194917,0.6013042564297392,0.009562725865150749,0.9776803966802052,0.017423708,0.09188722378588941,0.06117304
132992.0,3,0.10750473638506636,0.7985162488234597,0.141488738599261,0.8462353868509647,0.18515132,0.6809666656453335,0.13181138
132994.0,3,0.5113807295621715,0.9592665297093804,0.07249562227726668,0.9970770353216197,0.03686232,0.8069703885610786,0.6562588
132996.0,3,0.9999661013078047,0.9691665572876856,0.011514417069220975,0.9955972154131505,0.10875651,0.8461702572051407,0.2860038
133010.0,3,0.05818907667146462,0.9479231489426103,0.17711067390417531,0.9870222054732705,0.25399902,0.20148334091062206,0.062359247
133013.0,3,0.0066601782730438255,0.02610013400853095,0.009625549353545041,0.3053641812735267,0.0030820756,0.03057476750938303,0.011837114
133015.0,3,0.012872631702523635,0.1539348426559263,0.012396089057259045,0.9150882591454675,0.00686525,0.3291961084911797,0.18068735
133022.0,3,0.03435952414380553,0.6050292272131875,0.025126492441958005,0.5905465676367371,0.013704262,0.2075226245258989,0.044915695
133023.0,3,0.9937492131479099,0.7722677992575607,0.06115537049534859,0.9977414021254745,0.08078756,0.8757693730685802,0.21448356
133024.0,3,0.08209513023940011,0.324589889410115,0.07740678113785791,0.5548388698283544,0.030999783,0.13040269024220735,0.0021444592
133028.0,3,0.30436102768158607,0.9734888649186877,0.28150255329392737,0.9965545112948518,0.18282309,0.6726421701106062,0.05695825
133031.0,3,0.3265991525337372,0.5821595196574667,0.11540133201690982,0.9845887246395757,0.028570252,0.4203685393423185,0.04722764
133033.0,3,0.07396626687877479,0.587616894862018,0.04746048098534621,0.472967910888784,0.06909313,0.44625221674782384,0.009214675
133041.0,3,0.023800516182539082,0.1401910472869561,0.02713293499684402,0.8860136247993406,0.018349396,0.39271583798379367,0.039731443
133042.0,3,0.11292176919375468,0.8433152209526413,0.07291260608517368,0.7703839595580273,0.052721664,0.2963224002158712,0.047936372
133044.0,3,0.014185809835276862,0.023316784475851636,0.015787960291432077,0.3325613552287401,0.0039160303,0.14389923758237919,0.04810321
133058.0,3,0.014750758303413101,0.01971521753858384,0.020075094197428405,0.22028819973246194,0.003013657,0.03700451038043113,0.003419059
133068.0,3,0.08367101840644131,0.11698563771537562,0.13244537549864074,0.555297640736465,0.09103831,0.6377681359419332,0.25128147
133069.0,3,0.24045146951169705,0.29606525819385193,0.10762059491182548,0.381751907068072,0.03229853,0.39879429997461224,0.02507684
133071.0,3,0.0756087962243017,0.4298865725069321,0.0744584020721488,0.5719395556692511,0.014618795,0.33456635975257737,0.094501734
133077.0,3,0.14442590187105328,0.4876813984600929,0.22354527029469956,0.9958915603769519,0.07544345,0.39671337536923207,0.39184627
133078.0,3,0.5604544778177998,0.9688525054581218,0.03753573466984822,0.9965298954883728,0.16792876,0.5095190920698465,0.26321274
133080.0,3,0.03167065015424725,0.17899473509303163,0.013748169937616047,0.45688537548070046,0.0054692538,0.2754527197450424,0.13151833
133082.0,3,0.023705309260941686,0.04287335535499379,0.009070457148318757,0.3270965451993316,0.0020666262,0.041641812993525255,0.015283324
133084.0,3,0.02379505962946234,0.9293798410004451,0.10503727119156235,0.41626845659058587,0.15858965,0.3193365432779107,0.11524688
133093.0,3,0.05424854522619469,0.7374216975782913,0.04552864146218448,0.6521329886721174,0.047164395,0.04132161666753788,0.012095045
133098.0,3,0.23771492917630416,0.7251729267524146,0.22234358745972774,0.2105723772667585,0.0508546,0.44991348051886193,0.053760227
133101.0,3,0.7966655026978161,0.6170961762690113,0.13092413298345745,0.40871440640019624,0.12948176,0.844803915068456,0.34048262
133104.0,3,0.05931856329346332,0.985025770951694,0.07516809122376895,0.7709605186748483,0.09710881,0.3138342472150294,0.07793527
133106.0,3,0.0632167016291691,0.6184330666831631,0.03827229616876533,0.7336960910305531,0.03213482,0.2564718586372193,0.1917503
133109.0,3,0.017377574099488473,0.8734115479170433,0.09965852628471213,0.5550607580312938,0.07642372,0.04223708378990466,0.019283555
133112.0,3,0.05273627505155709,0.08995680734641513,0.019821116188263026,0.14535415892079406,0.0017722809,0.13990407568175725,0.082529895
133113.0,3,0.05672586071784131,0.06564793697164255,0.014853992071735048,0.8979726222963673,0.008382435,0.6062692963571503,0.06981812
133125.0,3,0.04161698785241601,0.9215806063407704,0.0071685301827017385,0.9474853077952076,0.014503736,0.7536868646005717,0.49959448
133127.0,3,0.2748844292237256,0.024121388391157565,0.009890185632927066,0.2828426857800358,0.0030153869,0.05337137636246807,0.03576308
133130.0,3,0.39287281800051743,0.6060441445778013,0.028845817512888443,0.9867631054098239,0.02922751,0.3222684124051718,0.07557416
133131.0,3,0.026918186793459312,0.11817096758194731,0.04198324052914667,0.6566047888776774,0.0054191994,0.08725501853185967,0.0060666124
133134.0,3,0.11826200459285244,0.16509458810317332,0.009585666278262635,0.40307552304119976,0.006396186,0.4829383615424729,0.44203344
133135.0,3,0.06404158447243326,0.9680000388896547,0.169555900313867,0.5641883486407799,0.2282157,0.755917861081217,0.19948609
133139.0,3,0.244565766038408,0.7470084217504585,0.8789102865015038,0.2509387964240178,0.663601,0.4133745368027136,0.18254267
133143.0,3,0.00494091973550683,0.10800997309354055,0.022569852587551755,0.2976684202521239,0.004256159,0.1235717200080982,0.08630826
133144.0,3,0.13646000507151199,0.3073877302485797,0.014661623457978484,0.5156849614420271,0.013956859,0.5467597371057444,0.096877396
133147.0,3,0.42342987295760304,0.616336581245014,0.08911233634685875,0.5915742645408955,0.02866467,0.24870536793181705,0.0042519676
133153.0,3,0.023353386016152486,0.13496149453250503,0.019283621000206957,0.19508951002726468,0.008816175,0.009680836585338592,0.019269142
133156.0,3,0.869114036769241,0.9309000789851076,0.3496727413161178,0.995138508449754,0.48960385,0.8863369467189095,0.30797973
133159.0,3,0.08707320218090153,0.5854762723941729,0.021942447795781486,0.43074570285980796,0.021346508,0.08155467159019793,0.03229064
133160.0,3,0.9983505108746878,0.9761685201631948,0.14779471824850085,0.42694855028663997,0.04075915,0.6647770501217186,0.17848668
133161.0,3,0.0230491278094877,0.3394872213260402,0.021995195531607028,0.9534181302766356,0.05307941,0.08208479007286867,0.019820243
133169.0,3,0.02019959143710177,0.04616181910567585,0.054205952475940906,0.6973189665521407,0.011622379,0.050307431967360414,0.033707265
133170.0,3,0.7936769331990716,0.9682953469915184,0.15413787142723165,0.42553265979574717,0.042813897,0.8193223334445003,0.03286286
133171.0,3,0.32110900848688845,0.6503401493491372,0.10925168464643914,0.3954482488407793,0.07484714,0.7601319093590879,0.38296738
133177.0,3,0.04626808054604335,0.1319881036381784,0.04479694269193654,0.4951697007917454,0.062499076,0.13221289789464774,0.021796893
133179.0,3,0.05496456903422848,0.3629610802500762,0.027205625444013226,0.9138613448444883,0.015878933,0.46718749681958555,0.32284468
133181.0,3,0.031042492586711934,0.1348189162954927,0.018261559129181693,0.378211170807288,0.005533598,0.22702435107793859,0.013545025
133183.0,3,0.02987350586446452,0.9385282541318266,0.5722370759819769,0.3934651904130002,0.30588844,0.7293891373403015,0.036705866
133188.0,3,0.8853486990405013,0.9207362701195477,0.30976385804645035,0.9959330740437489,0.66279435,0.8723730885415537,0.18387045
133191.0,3,0.9974302096733798,0.9605476781552876,0.03775204427201304,0.9931697607160964,0.11878404,0.8652753073490524,0.36425924
133192.0,3,0.21638206900357804,0.9079471341073583,0.08934572126968382,0.5733305318321443,0.034800313,0.28826172421820623,0.018417997
133193.0,3,0.14620738107572664,0.9239169477724382,0.2714126746598373,0.4222621102375677,0.59727323,0.11883559281804107,0.0070962436
133195.0,3,0.027709108383564156,0.40685131840919414,0.019363984223250804,0.43743152867581164,0.014495173,0.19421140072127846,0.024469366
133202.0,3,0.03347161956780956,0.1527789362117911,0.012641500243399436,0.267430167916733,0.002864981,0.14541399567538604,0.016008455
133209.0,3,0.03184738574779136,0.653492574347565,0.28016443451827416,0.8874036204730479,0.078306824,0.09135656484399665,0.040258657
133210.0,3,0.03961207345157748,0.8370525039651281,0.024524166948656136,0.15852816815966098,0.010940098,0.2566124546614295,0.011880832
133215.0,3,0.5272921358780125,0.8691811881997509,0.12157337472914612,0.3988210854459158,0.18486015,0.029220809353819592,0.00866227
133218.0,3,0.1822611386727383,0.8160811334687561,0.08764888522570233,0.8580476423847511,0.49583367,0.4342822165769328,0.10922783
133221.0,3,0.32264751959535337,0.9160898881241128,0.319719587487244,0.9923553851834716,0.17045864,0.3796649229746413,0.042384025
133222.0,3,0.07798536201434449,0.11232050527757535,0.0445861823699443,0.37404875948785254,0.011124415,0.16198882014157906,0.035868872
133230.0,3,0.0437274035609361,0.10522074340111688,0.02508082986095668,0.2673665206038411,0.021947445,0.13495829265912399,0.071093164
133233.0,3,0.07424246443558341,0.9163801402058207,0.26606568339696224,0.4796601829590149,0.052550595,0.24825032975305944,0.053918697
133235.0,3,0.09732075675410673,0.11085652771560121,0.009268009233757328,0.22076462320966247,0.0051216073,0.050006408173799435,0.014878228
133246.0,3,0.019131519750629503,0.6591077820768948,0.021259336956746897,0.7814723844211159,0.022510927,0.14438908275602316,0.028580273
133249.0,3,0.01300961611790709,0.257819972873864,0.03965255488496058,0.19538285773421663,0.05362864,0.03908411997003317,0.028868549
133250.0,3,0.12114511394457864,0.16441643390977212,0.030464227996642,0.9901384280760188,0.03496934,0.6689195806917106,0.32919538
133261.0,3,0.24575710482296342,0.6555364646987651,0.29582800083946453,0.5131964788261566,0.20202938,0.34091651322085564,0.065305375
133262.0,3,0.039614899458154156,0.07587352283318162,0.008715442057375115,0.27605117235223564,0.0024994644,0.02734246429166891,0.0053534177
133263.0,3,0.17838681379398952,0.9317135365021938,0.008330433250951926,0.9967630841937491,0.019317135,0.7884385364788573,0.27781022
133265.0,3,0.062487466944789946,0.35197867369719466,0.05872730178042529,0.4821709451113847,0.09769274,0.34410693440399204,0.032372735
133266.0,3,0.0997577071468233,0.9926691267237059,0.04613369614115347,0.34800369735887315,0.08940153,0.6079859490795518,0.03100209
133270.0,3,0.8138361862293644,0.9887006846641379,0.22839296450031726,0.3483054027856946,0.17492016,0.8007098051535242,0.2246197
133277.0,3,0.03256852627181754,0.20717559353285214,0.04327281156254551,0.5531980920282482,0.01614969,0.12078078656067164,0.0757531
133278.0,3,0.49371709755195475,0.7693282727789275,0.2498232927432449,0.5689654260165139,0.098093964,0.21627285454888975,0.06052611
133279.0,3,0.37585507834307647,0.9838117012264483,0.056360644630389894,0.42437325546769533,0.086071,0.664856156369894,0.47989506
133283.0,3,0.007057228940256868,0.33759806266355596,0.06807875627119764,0.4879124935230441,0.028928632,0.04168667894754017,0.005863473
133287.0,3,0.44420763971913935,0.6741739171005772,0.07114367973699481,0.9763722148053875,0.23113106,0.8632250401303316,0.11145735
133291.0,3,0.2435274098064274,0.8705156968793882,0.10189637588589325,0.878517331734031,0.031807646,0.7565028745967622,0.546782
133292.0,3,0.14298105319124071,0.25357898921408273,0.0685706627417322,0.3847653423245778,0.04394869,0.1553671326372267,0.0038035184
133293.0,3,0.19506627960254666,0.3511836046308518,0.10873184126963553,0.3813390250446299,0.13979115,0.2613849847678014,0.027198903
133296.0,3,0.6024679553588259,0.939209610135242,0.12646813985170127,0.44508555206463873,0.25330627,0.5567210920066945,0.0076408717
133298.0,3,0.8043389860494113,0.14218039241580632,0.025404166046873677,0.4218878339109796,0.0029663634,0.028224701361116062,0.012892917
133300.0,3,0.10175912802029335,0.5255537857115771,0.012216430363116986,0.636577986697858,0.013895582,0.0865087419010223,0.19134612
133302.0,3,0.15215660595413213,0.7627038606584411,0.09664173377461155,0.6921545607798701,0.01731953,0.0902012076707701,0.015293818
133311.0,3,0.055811816344998634,0.05077348697032167,0.015962695922507302,0.3695847889379891,0.005477607,0.012152011388206067,0.002963777
133314.0,3,0.019915737037242778,0.5115178638618074,0.01763790250149341,0.592193736390901,0.009974775,0.11745232699755699,0.023847874
133317.0,3,0.03584107112272673,0.5059714158599169,0.03758446113285937,0.3993763895285319,0.01873543,0.21147111596525456,0.3279031
133318.0,3,0.34271158021428555,0.5560188301175237,0.03575737751462946,0.5180907267238716,0.14611885,0.10077987470500899,0.05708985
133320.0,3,0.03287411516776486,0.9322941519380233,0.01640728703138651,0.25576063150162676,0.009030779,0.2465544406703346,0.08321219
133322.0,3,0.539424507324152,0.9454669335384556,0.6005533118465808,0.5499546904620339,0.26529095,0.34730862822945613,0.02332532
133324.0,3,0.11295383891068658,0.3013775708654369,0.12250154787276712,0.3166200841508975,0.062552735,0.11058984330100131,0.0066403295
133325.0,3,0.12405260455518237,0.22545823964887976,0.030643963273644072,0.26486713301058656,0.0012669228,0.18533760472487862,0.13403428
133334.0,3,0.17178955531134774,0.5890867513047401,0.34342409031118976,0.39826209144439423,0.087149486,0.5284237074589896,0.008965265
133340.0,3,0.39206934699514734,0.6235818591731865,0.27207273556037687,0.21524750290622752,0.18066216,0.10572548163856595,0.007311255
133342.0,3,0.03617240685513977,0.7377264370303452,0.020396981636735673,0.9776725883004814,0.04264939,0.2566944739383801,0.031112187
133344.0,3,0.10125593365665822,0.9779583580408531,0.0850986444219991,0.7245954940334769,0.047746897,0.44066151858537744,0.009791215
133346.0,3,0.03887190107065748,0.642648883943842,0.020797585856176557,0.6037342370799631,0.045884255,0.8569593259388776,0.6746905
133348.0,3,0.253483936824022,0.5614231438930675,0.040164270136067715,0.3229546070964275,0.038555514,0.8811553977965967,0.28653312
133350.0,3,0.38219681388957066,0.7345019323151087,0.18269741170596962,0.3900135245973942,0.08142433,0.21715002067973818,0.24394137
133352.0,3,0.048563697641784136,0.3528159801044527,0.014598958197315732,0.9082464560111566,0.021112218,0.4026124518520608,0.5405208
133357.0,3,0.2730601529604377,0.8350092517982051,0.3778413529813134,0.9949285553020799,0.30521157,0.756424161936343,0.15857664
133360.0,3,0.023191854471177435,0.0839898889703984,0.04130892451215374,0.6128774996304315,0.01399994,0.030359975207798557,0.027719943
133361.0,3,0.04129341674058577,0.16396812468085306,0.025050841607462123,0.4964939103885861,0.01544683,0.46145864539503734,0.01066165
133362.0,3,0.6640790365243004,0.9371539979533587,0.1303891657466693,0.4184514412909463,0.31451917,0.6244246278687163,0.006945847
133369.0,3,0.06338771885871143,0.5147114869136109,0.042268844663594075,0.5074377200395881,0.015688894,0.10264231941667488,0.03248974
133370.0,3,0.0064635379729476835,0.015146547539821899,0.007392902561478698,0.23935233098160422,0.004394197,0.07514569550398152,0.012497989
133373.0,3,0.001113769605372225,0.015134509551672623,0.00495455783119483,0.1995622055838594,0.0043284884,0.028078596287195338,0.009187493
133374.0,3,0.6137083484147603,0.9196608490626799,0.4254520319799542,0.48234286452558844,0.22313318,0.5285898053573261,0.028179012
133380.0,3,0.18608805431720565,0.9653640154008445,0.21963061808247653,0.6483673968667792,0.059832223,0.38019405479532337,0.035718396
133388.0,3,0.031887009006394004,0.3299462040013627,0.0040403722671948205,0.9228975108196416,0.018034445,0.1838955944147044,0.30161265
133389.0,3,0.49823680812676885,0.9386625318502951,0.11332081658211524,0.2926400479644939,0.3901801,0.2305377793122983,0.15945889
133390.0,3,0.0873998367079387,0.2014108421448532,0.03698260289799914,0.8791833934296458,0.016708879,0.5927349132308107,0.04522076
133393.0,3,0.15736956556042084,0.21804088567938665,0.037948321685416044,0.8722269179568228,0.012292418,0.10120437028428396,0.030209716
133396.0,3,0.03201172764668829,0.1889225791372701,0.02079676777730786,0.361514809353404,0.01187223,0.09167580309984258,0.039875142
133399.0,3,0.023958698345065504,0.09282436629415747,0.03981895545650863,0.4146496422527693,0.013538248,0.22674606595435945,0.014044558
133406.0,3,0.03747231005631872,0.13616739331944844,0.0062707583302830305,0.48387094182884083,0.005289331,0.11013067701154146,0.047925424
133414.0,3,0.17900013482724927,0.8451764906872535,0.032790608116392846,0.9705136585562747,0.048047915,0.8603128685690173,0.6294344
133421.0,3,0.010222636404127896,0.06048948107968259,0.012523769128679784,0.9571762718672139,0.00711945,0.4388018620588435,0.1759204
133425.0,3,0.010579536110507324,0.08946141763716241,0.012953103219110708,0.3087157222963446,0.008472519,0.01449237547022205,0.006698709
133426.0,3,0.01684095721400518,0.08418138239736735,0.027935054504346853,0.47943697251133915,0.008144661,0.15102503025655492,0.0060304804
133427.0,3,0.02274845689905763,0.15241856811684715,0.031493557354500754,0.6331752254461628,0.0074736206,0.16482346202575288,0.06422077
133430.0,3,0.20775296643504138,0.9890660728968658,0.20119118793359675,0.5696167473381848,0.118026316,0.6060173178502092,0.08572922
133434.0,3,0.021546668476966343,0.10450752188714801,0.046176934284967046,0.2363323997582375,0.006320995,0.07341986324318864,0.055265225
133453.0,3,0.01737263777950389,0.936773536430325,0.034089006787486206,0.9959735512667719,0.011640133,0.590329747845687,0.38148847
133457.0,3,0.13962856385147676,0.9137103555955803,0.037983898127860384,0.9963390833815408,0.031443704,0.800438438071145,0.11844842
133461.0,3,0.13078105784535915,0.3282106410486645,0.05458001883416176,0.5872723835251522,0.0123197045,0.11193701540632173,0.025594316
133465.0,3,2.9195982470906643e-05,0.9763564847279744,0.0916572878102074,0.5679955532769926,0.035573762,0.509750878104342,0.015437954
133472.0,3,0.12773681278466587,0.7329431718063543,0.26360078930725556,0.6045600761180233,0.11970554,0.07149994278321185,0.010956931
133478.0,3,0.5148604918441644,0.9091144648573948,0.05959824142354299,0.9953488564924512,0.24641271,0.5536083045355124,0.06980223
133480.0,3,0.07746557988208098,0.8949486259609493,0.0727382434456877,0.9950776887072692,0.08808255,0.4232547863013517,0.0740791
133481.0,3,0.03692516652590497,0.12375499419184519,0.006376973066993511,0.45857557150593886,0.0047914367,0.4379564365953228,0.16711973
133482.0,3,0.6852776220420997,0.8454175282016444,0.22833021202887482,0.995454411098153,0.1568718,0.4779101086989837,0.12785089
133484.0,3,0.9981935235616064,0.6096930362647195,0.23833854987997197,0.4295291263434911,0.37002763,0.7544796670592551,0.116589695
133487.0,3,0.8014026283978364,0.6336867044045564,0.25424547556478655,0.9716610252775926,0.26214835,0.6804036323361116,0.04227797
133489.0,3,0.03924514946765932,0.1125198254437828,0.03323237994888683,0.6012896031654656,0.007472669,0.13514737570005922,0.015377993
133491.0,3,0.1418292330426132,0.9592304891210333,0.19387462655405566,0.23006354200670878,0.33505848,0.32590506243105205,0.1757936
133492.0,3,0.11761129089014491,0.413727187316816,0.05036783972268165,0.3056164354145469,0.006652431,0.07196874176562529,0.08041916
133496.0,3,0.003748485479926998,0.014672970724274636,0.006987268728489682,0.24759334578319325,0.003490632,0.044061229734295514,0.031176083
133504.0,3,0.1165676586769174,0.55178679914918,0.027392900724660912,0.9566360001170698,0.011648471,0.7152324876166307,0.7025779
133510.0,3,0.010095647550923563,0.07812092127208611,0.014944162293038124,0.18123083263658998,0.0056832763,0.016595020959792935,0.0018268932
133511.0,3,0.0470967477768926,0.9557528507764499,0.07739114976982278,0.986052323812152,0.04609756,0.19835343565362784,0.027339945
133513.0,3,0.44592378432921626,0.7853526665911025,0.46859391678212287,0.7436120664949627,0.75559807,0.7137485516176046,0.03703618
133515.0,3,0.027331424277538516,0.13584057948120457,0.04608152592487789,0.3316778854752061,0.012181738,0.02252835327146127,0.022592597
133517.0,3,0.1814928219181336,0.7599004913482117,0.6095493250308618,0.33206993137939106,0.46140617,0.1952342774567987,0.04863074
133520.0,3,0.017541789115757038,0.09962497311346086,0.014971244881848948,0.40198919600277894,0.003480838,0.045780813338360676,0.02982502
133524.0,3,0.028018485909929728,0.16940373299533326,0.006899341725670204,0.921519084005419,0.007542671,0.44586258238788595,0.0916746
133525.0,3,0.01275165587905388,0.20993612430528877,0.04579832255353507,0.6034453533502339,0.02537249,0.21959013888874349,0.026386764
133526.0,3,0.3293734132565789,0.7962980326421073,0.05590875511022865,0.546773299989105,0.07185971,0.7690879625645407,0.11909703
133529.0,3,0.4568659911741845,0.43342237944054485,0.10663851894449522,0.9783027855187291,0.13483633,0.7834941409822646,0.32207125
133531.0,3,0.22649431450649296,0.8377506041382408,0.10067510460975376,0.9792627623202638,0.113711536,0.7566997195926692,0.18769836
133533.0,3,0.05193767052859471,0.7649932740341491,0.03260036959229488,0.3374515910168896,0.031277347,0.5075755009417449,0.23491316
133535.0,3,0.04745149985077795,0.17267822736514815,0.008675511724269206,0.2950840080473812,0.010373099,0.4365643342449783,0.029395182
133536.0,3,0.9103191665941055,0.7245067581205749,0.0932498063366393,0.9583957101649307,0.41608468,0.830409938951993,0.24526134
133537.0,3,0.046784550960284915,0.5235029223578234,0.045564551257893965,0.6205734587934978,0.024081362,0.24467224594126227,0.030351482
133539.0,3,0.42381052822635573,0.918479642890805,0.0956784813999854,0.9952812674254644,0.094305076,0.8168062021435517,0.17803009
133543.0,3,0.039068469084242836,0.2249733474668741,0.09095152210477919,0.5818014182927985,0.046242297,0.33632477448655584,0.008224246
133545.0,3,0.11513121821923568,0.8686118660814124,0.14857604560647178,0.9278583472402199,0.040329516,0.6606334429234026,0.25370982
133547.0,3,0.0650638373638417,0.11157025918427096,0.007800307375937982,0.9430673705197871,0.0045624007,0.20325691778664817,0.06472771
133548.0,3,0.19289757246327835,0.5096309078394294,0.10202463059979734,0.5320539744124168,0.15904595,0.11262261213824187,0.004393861
133549.0,3,0.0085015342252631,0.08720297528363878,0.012105235005847323,0.1670790217477724,0.0033457994,0.02110718049387236,0.0029844572
133550.0,3,0.026293865250213273,0.7264681274826654,0.03416690608578173,0.9874362232329389,0.011497642,0.7693085803243065,0.47365707
133555.0,3,0.050465643057383006,0.4757758624957097,0.08836051703388469,0.8070496211023652,0.022456456,0.0331064636825137,0.01853374
133558.0,3,0.9565222742944368,0.9678907205410846,0.1810995607228558,0.2800660240904787,0.12323392,0.863887536359277,0.19160086
133560.0,3,0.07273856994487374,0.19253336595806717,0.05935331152055748,0.5766927569609535,0.03655501,0.1600157816918001,0.04109496
133566.0,3,0.07318760328238023,0.564850389669815,0.05975969779849865,0.7347216615790019,0.020184843,0.23359076799683703,0.04681148
133570.0,3,0.0822664688474487,0.48676430778841706,0.011554346697326065,0.9884490482042896,0.013426612,0.8292567280380356,0.6851109
133575.0,3,0.5788776145422376,0.6698983409085814,0.25040264246913113,0.3014912465315845,0.3313455,0.07944250784633544,0.008421061
133576.0,3,0.013051365232444363,0.17247794689753543,0.02985613433661371,0.26828195876764166,0.0066274395,0.05585189628319601,0.077293776
133582.0,3,0.8866904333262374,0.9523607327530288,0.30103369512853484,0.22313549042241718,0.35097608,0.649623090392581,0.13331413
133583.0,3,0.1521756433824877,0.7788525832588191,0.2494722472273329,0.6272937070891424,0.1333558,0.5137221719590043,0.1188827
133584.0,3,0.40622022512332817,0.8535653997877132,0.9780493772969289,0.9951173942445112,0.28075358,0.7828149193952921,0.059987344
133596.0,3,0.3215830651186051,0.5426843073683525,0.08275966860680761,0.9707274026847081,0.103064574,0.5647586145245003,0.49632794
133597.0,3,0.9406899105310181,0.9743860954425986,0.13876569023129667,0.6077033541614897,0.071192004,0.7896472434699149,0.20749664
133598.0,3,0.14451494057899908,0.27296490449979927,0.03225737606181232,0.7106775689337963,0.01585506,0.08769037342746108,0.05246176
133600.0,3,0.10540348059869677,0.9381851653044878,0.10685420004300569,0.48276960756183934,0.047659136,0.09248578920041904,0.0029485938
133603.0,3,0.6126772403372305,0.939246987361869,0.0534094662017125,0.8720989174222057,0.15363936,0.7429768822551809,0.23075785
133613.0,3,0.9871278380297714,0.20948141410657717,0.007190577635606132,0.46745396914056625,0.037995115,0.9419784909186631,0.6219135
133615.0,3,0.9993731539527841,0.419109093428205,0.06299449038080986,0.6116821490882614,0.08524015,0.9203040245588073,0.5005432
133622.0,3,0.33616553188994136,0.869914741205817,0.050742875477941464,0.27145161186588185,0.06853824,0.6726406164895204,0.26057076
133627.0,3,0.13028404962120954,0.5927732206847509,0.024014055686705147,0.5283093987372751,0.01980945,0.03672613575301661,0.01777745
133628.0,3,0.06955080954751873,0.24424627846648578,0.04653655905302352,0.47356037960989844,0.032808762,0.3053116216817369,0.03356662
133631.0,3,0.40101392020185134,0.9806799275453488,0.10104977387387484,0.5450989028478923,0.099039726,0.6194762407921982,0.5325088
133635.0,3,0.06394938900101468,0.2937205443828535,0.026930490959347953,0.44609710900222976,0.01130234,0.17241414425567753,0.10502136
133637.0,3,0.03066016005078822,0.8296853423490946,0.0667580490338332,0.7402605702900165,0.037270505,0.0935559965365384,0.06544987
133638.0,3,0.2550664539112145,0.12721855546857894,0.006632531133030168,0.7993447185344998,0.0040459554,0.6234561801088805,0.046576887
133641.0,3,0.011214964403688313,0.039789084374008056,0.014306213451990632,0.2859769840010492,0.0032296635,0.10601068764809932,0.016156647
133646.0,3,0.043415826278517845,0.019446423142859763,0.00745353442224729,0.30047396552181493,0.0020153173,0.13629194319229007,0.026703147
133648.0,3,0.008088559857151819,0.1417239245312887,0.007972117156446551,0.632992090900675,0.004287186,0.009721475795290617,0.012794771
133650.0,3,0.12349190400439776,0.9442443625975002,0.18955581034799543,0.5724780877040698,0.02225499,0.3182146162951563,0.09390852
133659.0,3,0.06145799539091353,0.3949950978846241,0.247956134531927,0.5830354278645071,0.0748355,0.4283137636975175,0.020040842
133664.0,3,0.28726340539937045,0.9808312955801858,0.22623088241026004,0.4099604666034818,0.23646428,0.5715718856376764,0.22494443
133666.0,3,0.0258863954937975,0.22052869454216603,0.022210954010688934,0.41002246629146927,0.009082119,0.24574528214364824,0.016587365
133670.0,3,0.008718340703177105,0.11964309625648682,0.013399881237841162,0.16451302118820196,0.0075565795,0.021436127188981996,0.0052633383
133676.0,3,0.12868709509067455,0.9179774426532034,0.02712734743986883,0.7165559263452346,0.07978581,0.6432749778151658,0.11813934
133681.0,3,0.1177934582363637,0.1288422828976042,0.012574539266051267,0.5845913843254315,0.016409073,0.24509515560962414,0.046451706
133683.0,3,0.058325844578210786,0.11744309804824017,0.06791471634584346,0.1757807594279527,0.008734805,0.027880066952388895,0.016465187
133684.0,3,0.033659947345548724,0.21962808407513634,0.10098065428323579,0.4300566225693455,0.120257184,0.2663805990609255,0.07980407
133686.0,3,0.2761512420763725,0.9202411602487248,0.106608366127928,0.9955783233151819,0.20546938,0.6037025089421142,0.08275429
133688.0,3,0.03805027221793907,0.6304183229775939,0.011872533691046893,0.3066075261914428,0.052545257,0.03598394565950485,0.01759753
133690.0,3,0.20994991253076792,0.9532260362445556,0.23349068259976763,0.42367315682886264,0.15283024,0.5398230312987881,0.11874255
133694.0,3,0.05041308987917909,0.4170944604445084,0.03927193168030644,0.6424215341223241,0.1281111,0.16448103377274795,0.08385589
133698.0,3,0.054252027715551765,0.4930998464067961,0.0704243133709524,0.6530830717998536,0.05477885,0.08894085928385968,0.0023258785
133700.0,3,0.19904424278583568,0.8595071281301662,0.1896036724648522,0.2120378474435624,0.097443014,0.4088620260751799,0.029510677
133702.0,3,0.9883360788417924,0.6745071642999642,0.0702728231406033,0.9971045697235539,0.13684464,0.8684106987072464,0.61072916
133704.0,3,0.13952017204816333,0.6612501441736188,0.14868053104498619,0.40865287083306695,0.06695094,0.6236085185169418,0.20844549
133706.0,3,0.03216231584686492,0.1323498229695658,0.0155814489870081,0.9233518560593099,0.021528888,0.2081869598700847,0.13995957
133707.0,3,0.026613209384192073,0.20967309439593113,0.020282738241845892,0.9442370850887393,0.0075429813,0.29915612375140227,0.02030118
133713.0,3,0.21666184191290647,0.5050019214531192,0.47028585315168486,0.1993625975176652,0.25789255,0.21019004084215975,0.0154783465
133718.0,3,0.05483907865064714,0.38639259912742574,0.03744776179859638,0.3630935195949939,0.010655592,0.3645368420492014,0.3804006
133725.0,3,0.09831309528839788,0.9037654775689709,0.01735947306676548,0.9967416778716196,0.11375173,0.7537104860788862,0.055916734
133728.0,3,0.3746725851715672,0.5124006447508344,0.029127662759538035,0.37548125302598734,0.16651498,0.13215883740826698,0.016340856
133731.0,3,0.032093727369259625,0.09833184417342407,0.017282868403586983,0.2368699326026053,0.004962125,0.09195088778426926,0.125438
133732.0,3,0.1450533104618183,0.08600586765322979,0.008666454874952288,0.9196040363499889,0.029310577,0.5047077419642533,0.5929027
133733.0,3,0.04692292222736927,0.30230773659334204,0.0341775588605592,0.7220472798379798,0.051116683,0.16892050641138134,0.05225473
133741.0,3,0.05082621284437398,0.878256047545799,0.03574490701169548,0.9956895392085351,0.053328995,0.6871189371541871,0.057601098
133743.0,3,0.06441723002239927,0.9796257935959031,0.08092779825659382,0.46528175550120043,0.06803161,0.22555643166391168,0.011875504
133748.0,3,0.07499106564550484,0.6184381878920121,0.09106728524914012,0.5784996322754449,0.05203225,0.18096060996995095,0.11043459
133751.0,3,0.23154713087088646,0.20850108556665306,0.02078287476611046,0.39279941845245747,0.008821989,0.7061611207619242,0.3540862
133760.0,3,0.013631168159845027,0.014997601748034842,0.014867274895969099,0.1544405641438902,0.003646089,0.12205509922968243,0.010514476
133762.0,3,0.056421091653273005,0.8865323272203294,0.03869405552785195,0.52951314252569,0.011702811,0.2151027477148493,0.029539626
133764.0,3,0.15901040143859868,0.15173696960908928,0.018810040289550276,0.3346485342880872,0.023639634,0.02700236584743437,0.024872972
133766.0,3,0.21554403615859466,0.9472881940127429,0.10394373168764787,0.5909367227042258,0.13607523,0.8387988290444975,0.5262046
133772.0,3,0.0664985641440521,0.03201661745707681,0.04343757319205076,0.32314453501123164,0.0037606372,0.07299186947771513,0.009333144
133773.0,3,0.02905925151625694,0.2876790483010675,0.014113650525526584,0.6541926786706519,0.007455606,0.010231971353087175,0.008269795
133780.0,3,0.2707239216820809,0.30569811552747517,0.045700230313307576,0.3649962905979757,0.020943116,0.4638012370407736,0.011799074
133786.0,3,0.26216605597028136,0.3724993419697202,0.1736417461576916,0.21305780370254093,0.10842755,0.7040744638238959,0.35278127
133787.0,3,0.009745505827610104,0.06670932982789277,0.007198916295253615,0.3402068989039815,0.007796654,0.01827075009559276,0.016779479
133791.0,3,0.029464706116751678,0.1511558283059941,0.01218974901673648,0.268152700607523,0.008842055,0.25616036152425253,0.15122339
133794.0,3,0.042521843727047065,0.3002653851492637,0.047429043877469955,0.47960197044455377,0.02109863,0.03083012184696856,0.103105865
133796.0,3,0.0847108221997541,0.7083037205971611,0.06103874130969557,0.5033053096221715,0.03503685,0.19372942146744995,0.005169575
133802.0,3,0.6298088371032391,0.7003807117174073,0.21904426199287394,0.4194040793718228,0.050400876,0.8062456233149894,0.2167066
133811.0,3,0.11735580022654446,0.9172620307512118,0.005044844409831369,0.9933105147659985,0.019634318,0.21934451253345044,0.26707503
133821.0,3,0.26782352441620233,0.8804422747285884,0.032875321802212754,0.5595109127387015,0.06054755,0.811455821264714,0.59471196
133825.0,3,0.021070042326365324,0.23180106625799773,0.0691423981983713,0.5985469261387476,0.016218789,0.2567206332685736,0.05969656
133827.0,3,0.5608860741183654,0.6689029074767201,0.23440246177519963,0.3742555754834219,0.60840523,0.5474467178090626,0.050450776
133831.0,3,0.9996090838721575,0.9031409112921499,0.029528323336741127,0.9976970920240456,0.13387513,0.8711922163384365,0.5931326
133835.0,3,0.055177564636258114,0.5615478887028503,0.00905526082007777,0.9958447433678307,0.006361759,0.38542135864642196,0.4064032
133838.0,3,0.09198624056020162,0.7136178669829832,0.4042746862534881,0.35877152007873697,0.112400666,0.14870928167117753,0.049293593
133843.0,3,0.17376075639469496,0.9513711725133508,0.05472790108320456,0.7191596676364647,0.04510912,0.6378092450978256,0.012644401
133846.0,3,0.5261127268130157,0.9879999520770495,0.029746256936345316,0.37514097866490975,0.16459323,0.45737368865156397,0.14739464
133856.0,3,0.008962035340265592,0.04337360267670353,0.0043106925925802805,0.140733048027542,0.004851845,0.013802287105086061,0.017243942
133858.0,3,0.03636005416452522,0.6829468352170633,0.02533386485794156,0.7057153299342283,0.031370576,0.0751178228995766,0.06727314
133859.0,3,0.3055758289599557,0.5368649967586205,0.14420083722468952,0.5271643573709763,0.17652571,0.632045873376498,0.0962097
133861.0,3,0.022347804009136482,0.7590528244725865,0.07682473196494596,0.9957888194240998,0.1077031,0.5773996755739255,0.0804071
133862.0,3,0.013935886783503252,0.09230689116564365,0.022964819335117924,0.45559846206884475,0.0042169974,0.07586238026128042,0.021032678
133865.0,3,0.23708369729733206,0.9696322260245214,0.046777469099267485,0.5335343321421122,0.038451865,0.8886579191398013,0.58623755
133874.0,3,0.015537840490413787,0.056024738117188284,0.03409886038070919,0.31569503587001024,0.0022534463,0.026781252044178434,0.00521427
133875.0,3,0.0744325435486006,0.39592450896875564,0.13172441413073832,0.6340338310700875,0.06358046,0.10835507303052164,0.00715024
133877.0,3,0.015959940079863923,0.11332292267077149,0.020246578705350682,0.38164516940175086,0.022644952,0.04220894615412507,0.0038229795
133878.0,3,0.7414218646889962,0.9817355780519744,0.08920744329469225,0.4415513522563394,0.2153443,0.8872972323638867,0.16335109
133882.0,3,0.9999999993348105,0.991816279041897,0.9953525386869517,0.9965454949101289,0.48979837,0.9154403022378299,0.20582062
133883.0,3,0.5348658910713852,0.7510655223205898,0.10034666158760146,0.23145631827152358,0.050726082,0.8435340876997484,0.23698491
133895.0,3,0.006033687614485721,0.013477330154388864,0.007658301197742288,0.16026665001414978,0.002864526,0.059798358912613245,0.013900071
133907.0,3,0.46643334502912587,0.8321282597713646,0.2387220815964454,0.6227046131912125,0.13348815,0.5324659386978138,0.08472649
133930.0,3,0.07229414490396299,0.20727032503751391,0.10880623826220813,0.5229405730476872,0.15279335,0.0925938194990082,0.028286466
133932.0,3,0.10218326828874492,0.9920331151800319,0.05279206393658321,0.268235011349564,0.1465408,0.5365892948475459,0.033194955
133933.0,3,0.8132750287428427,0.44419199763429595,0.024811022473143117,0.9966097087007957,0.034609113,0.9131416483763956,0.85586584
133943.0,3,0.03458806005753636,0.2882952917848937,0.017354624494900755,0.5763394671454406,0.0153265195,0.3164280254311642,0.023472918
133945.0,3,0.16496071551634933,0.9416606784840668,0.20967406699955457,0.9964546519422242,0.16294695,0.6522043475079691,0.12492283
133946.0,3,0.15589161284521194,0.7014126939331997,0.08880673968334248,0.5929661404031514,0.10977249,0.4441970160024957,0.046703298
133951.0,3,0.9511731459021716,0.2806952526128859,0.04500484521018636,0.3004578650571783,0.02536633,0.045257363340228965,0.0067336163
133957.0,3,0.19492913088129332,0.8099296914182629,0.14011218483361568,0.3126788349869753,0.032079995,0.06278569162200735,0.0318347
133958.0,3,0.9734688003276583,0.9546277507563605,0.023412795312573793,0.9954386605497768,0.08287529,0.8505780987045334,0.36915955
133960.0,3,0.8922653363408947,0.8919257057467815,0.3471965531756388,0.8784671933015311,0.67799056,0.32726941429115575,0.07890315
133976.0,3,0.0042750825397677,0.08182089749082198,0.006649507190553613,0.5285701497539582,0.006995944,0.08791680827107795,0.041115716
133984.0,3,0.1510657122328068,0.30338433221878397,0.05451853328350429,0.9850934880047494,0.020079654,0.724275700825476,0.13759622
133986.0,3,0.12956935742178766,0.2807368499826207,0.03086068046729852,0.3387073548011935,0.013189837,0.07912557858666197,0.08265913
133992.0,3,0.03499481288849636,0.046153633472362635,0.032196707390057026,0.4449627892566888,0.011285701,0.10422186953320209,0.008027482
133998.0,3,0.20602884779053945,0.422352457200089,0.06544458372496585,0.6183392549375933,0.06990551,0.2400430533394665,0.048074115
134010.0,3,0.09893343587041062,0.4521637623644045,0.12335064854181917,0.7024091510116454,0.048161663,0.591784627313257,0.044414166
134012.0,3,0.9996622851649603,0.18812460425877395,0.0073097510524855365,0.20372841208448886,0.03167681,0.07011933077461782,0.015767043
134013.0,3,0.6492462706056777,0.8890220493206745,0.1715366880824891,0.5664134256047935,0.12199383,0.6025117681616856,0.6465926
134019.0,3,0.2609542846449467,0.7428694714321404,0.026099463708537222,0.6068122591143308,0.013441109,0.432954076201615,0.48927635
134021.0,3,0.24524017481552082,0.42297381724799504,0.15068937602501048,0.20223019343295062,0.103124656,0.4768035450067907,0.03143482
134027.0,3,0.10473144587917627,0.8347474408344521,0.029884404352568054,0.33865503423685833,0.025936447,0.35000791703176004,0.016966784
134029.0,3,0.07672363708270616,0.7881905791169982,0.011683402761584553,0.9968486490914397,0.013394103,0.47674684195739486,0.47376046
134040.0,3,0.10022587035972466,0.3480720023159203,0.032232680498263944,0.4156709488097779,0.015548347,0.4365586166001485,0.13752465
134044.0,3,0.9974715704335319,0.9086291560943383,0.03863685690478906,0.18688736917386958,0.16044882,0.788368778835691,0.20557654
134045.0,3,0.11718013850838957,0.9588298692743077,0.31478823959898994,0.37376581074466064,0.35576522,0.161013934405222,0.017814767
134047.0,3,0.010378397347374864,0.06414533500719445,0.022393813847206574,0.14311645752964208,0.0041830544,0.009083492545939854,0.013330019
134050.0,3,0.3704029395289755,0.9655470583305044,0.11604370314021457,0.7705299212992157,0.042278554,0.5360456073719791,0.17298913
134051.0,3,0.049585772202534774,0.1743228314820943,0.01846336635606139,0.5609406379529112,0.0028299866,0.4475600199140504,0.09513594
134052.0,3,0.8922245771237639,0.5816896951733448,0.32973177611157806,0.3767080862787506,0.20088467,0.3285675621000436,0.033966135
134054.0,3,0.07015973506077136,0.1271536958493307,0.09491246866065431,0.5532827921254216,0.03199118,0.13504420513694376,0.0049807928
134055.0,3,0.9961440395131029,0.8420506174739935,0.1300934992601871,0.6655447841580445,0.23689117,0.8332350036951673,0.18333338
134056.0,3,0.10920390651534058,0.1751301790076196,0.05168041417635645,0.5736404325449697,0.19645767,0.06365404046533191,0.0071142074
134057.0,3,0.3664941571493161,0.9004045957597,0.05479482788417232,0.995988672887008,0.09168647,0.6664064504754931,0.15041643
134064.0,3,0.06388337519695046,0.5134520862473351,0.18006326544632353,0.465999974564111,0.101773575,0.3914590590937476,0.07061405
134068.0,3,0.7400044506027212,0.8943889899608172,0.13554734350701084,0.31547382996924844,0.40598068,0.5527631557969068,0.2157919
134075.0,3,0.5606804655255987,0.47122008138991905,0.06291721816785159,0.9677673704775362,0.025750436,0.7562541009118062,0.6092463
134080.0,3,0.1529652422600334,0.21175096566500642,0.06585155067316516,0.740862452931138,0.04063026,0.14675730072273827,0.027620036
134082.0,3,0.031872723119832407,0.2159732236343285,0.015275436886775776,0.7544616604835326,0.02757989,0.10410706652038414,0.06813358
134084.0,3,0.6126412448993953,0.9120015602531891,0.3805519553247324,0.9967642400418876,0.27948862,0.8746232225609211,0.15574244
134090.0,3,0.2525899497210259,0.6194532286982118,0.3044434478270339,0.5334307493012433,0.08580321,0.5685658544255838,0.027032843
134091.0,3,0.07727048543969557,0.25194049350988934,0.019336160486477356,0.9851323005292564,0.012754563,0.7020311049227599,0.49369612
134092.0,3,0.05257713213927505,0.6945201044124475,0.12989344339290718,0.6602617766233377,0.16746776,0.6006833974813776,0.012049721
134093.0,3,0.150538700316704,0.10897604604056468,0.02316177284112885,0.721134531830151,0.021129467,0.2550530757793785,0.039016064
134096.0,3,0.9999975045731434,0.3642028807798367,0.029401842779558197,0.22641457427451356,0.06623585,0.06428261674317795,0.01459334
134099.0,3,0.020969109312739917,0.07512287691466625,0.013776212028646482,0.2764456397289432,0.0051349686,0.02247636529924981,0.005423272
134106.0,3,0.17281389901563604,0.4687817667452527,0.10091266169851024,0.4350962934824528,0.10517905,0.38151052480075043,0.022208808
134109.0,3,0.031470149555490615,0.8108287735743057,0.013939103002606618,0.9974637530817946,0.007549445,0.47393686146369085,0.2515071
134114.0,3,0.07265250031716522,0.8301499486744663,0.157419984835361,0.5501204469638444,0.020501751,0.19912407725512493,0.022136042
134129.0,3,0.13388299780385085,0.5785639791072522,0.15259001207436582,0.8036083436680307,0.63766325,0.2393757638558663,0.038844686
134135.0,3,0.129824842533047,0.5094025168972033,0.0851291169753243,0.9094589552671233,0.09783013,0.028802099177876104,0.03764417
134137.0,3,0.045731862530793005,0.9626702141855162,0.022572166525335908,0.24923835571027408,0.0169934,0.19356083455132025,0.09672992
134144.0,3,0.5569423931533309,0.9494764467352447,0.10548335210354602,0.3163179425815737,0.26903176,0.688175016266822,0.09642223
134145.0,3,0.7020951911070902,0.9360065109939671,0.07853866917887405,0.9967135743304177,0.14015281,0.8265557270763523,0.30218878
134146.0,3,0.5273710207169577,0.7079077296149635,0.09233173235441423,0.9801281525964849,0.12739947,0.7796049140338683,0.10369167
134148.0,3,0.6206828551549441,0.9591662082586189,0.23789592975064713,0.2742702888520143,0.12467546,0.05668029092215362,0.0326213
134151.0,3,0.9042196613936747,0.5267821729471144,0.22133079432861974,0.3660571047488662,0.18638061,0.8289687302016073,0.23720439
134154.0,3,0.8770671899360309,0.660857679105357,0.053055283574322584,0.9965879510492929,0.19788468,0.6675516111195167,0.17040794
134161.0,3,0.5261619396073174,0.9583032667822194,0.43565235768139116,0.3123106181104736,0.39606398,0.3514965621636605,0.10234702
134164.0,3,0.016941472346407103,0.05259804567164309,0.023978792856370373,0.137588035172113,0.0038654103,0.023480847054784332,0.008858447
134166.0,3,0.045729053720977283,0.564478820528656,0.01210436645833189,0.9952562267693156,0.017839162,0.17126437868765995,0.0560453
134172.0,3,0.30781076656279543,0.2929378391983924,0.049999121668555586,0.4640807946769509,0.033167336,0.3906952117875859,0.01684651
134181.0,3,0.12616193765762765,0.6698394029633474,0.3750525874842511,0.20550107176337784,0.12741613,0.12056819542913427,0.018349864
134182.0,3,0.03279325046980521,0.33945685815906773,0.013291463678891783,0.9099266063334165,0.017948281,0.45363209902143853,0.4209213
134185.0,3,0.03422470235432731,0.19452423083214326,0.04234685453830971,0.453511834429257,0.029259128,0.05409831374949177,0.0034538303
134187.0,3,0.10206459509388952,0.26380192955375925,0.20643971286662088,0.7839318808965852,0.14636539,0.19543127764230162,0.020924747
134188.0,3,0.06807674506562869,0.400145792309264,0.11490758718750414,0.4393889731029788,0.052353453,0.5116868318803851,0.05560147
134190.0,3,0.040998705469481846,0.6238984988488162,0.028695540887724108,0.2224329651371646,0.032447692,0.5718537339090738,0.03113455
134193.0,3,0.6706607144178068,0.6395389469640761,0.19165514165370373,0.9960782042815687,0.06628655,0.7113012740931997,0.12896205
134198.0,3,0.07585599940832441,0.4757775715654272,0.014137351225497368,0.32764482933590244,0.012256731,0.5763694410025478,0.13721639
134203.0,3,0.05336069458012349,0.6386162825576346,0.03415700474253505,0.43713452118403223,0.012329508,0.424033102807903,0.29020345
134204.0,3,0.7250798584304791,0.5048002978710727,0.33941469521739726,0.3874231577301424,0.09184689,0.6159655872937986,0.022504102
134206.0,3,0.1013581191262389,0.28490994665083463,0.007187889624196787,0.9631878624822168,0.045749817,0.12066821283232583,0.023934593
134209.0,3,0.1022669899809455,0.9218223785268663,0.09759492044247181,0.29953530169532744,0.055868797,0.10610045322494305,0.050319444
134210.0,3,0.028517734062363444,0.2690771082511431,0.04450423777211874,0.9910439799117159,0.04510342,0.5772553076467352,0.23429547
134212.0,3,0.5602648099394951,0.9754837330868098,0.39827344031018125,0.6846180042697275,0.28902245,0.39056775681799033,0.032780457
134215.0,3,0.004279817821292383,0.034428739129598374,0.009389608211447544,0.18548821881806415,0.0020245132,0.05740366074405485,0.024697863
134217.0,3,0.2508727938409399,0.9865183729547146,0.016794193639199623,0.9962663412736197,0.024438957,0.8178382920850266,0.034638993
134221.0,3,0.8613549887724271,0.992118344182828,0.1499961241286998,0.4388310657206282,0.3510731,0.8756180770764187,0.1262697
134227.0,3,0.7911809239219875,0.5066546108567249,0.20555107527538927,0.9758843937458537,0.39363673,0.7863684924768868,0.12273073
134230.0,3,0.9655598187859225,0.44725697900111727,0.030127403456451426,0.28012960809509124,0.29998618,0.2642608547053789,0.061828922
134231.0,3,0.018696008018970988,0.4848968126386138,0.009027801825762611,0.7465181655932192,0.013249577,0.24385975223325043,0.6286615
134234.0,3,0.01233799758741334,0.2740264978643498,0.018056793774945724,0.9288965633910259,0.006579201,0.2566738161498013,0.04442548
134235.0,3,0.028775188504767953,0.09685730939601112,0.01912107809643255,0.5798339646452415,0.005240944,0.13872356156512536,0.044522077
134237.0,3,0.5655407988235753,0.8425752870555611,0.923787961078365,0.5781088194357926,0.6632777,0.7643944314736959,0.04073006
134238.0,3,0.9999952901641356,0.4368096914852938,0.2168097013428103,0.15948438688440308,0.18621032,0.5570047895650639,0.07706106
134247.0,3,0.15241028567324685,0.41024627161396604,0.03069980611202781,0.5541311968552758,0.028658535,0.07593962069574998,0.13168804
134249.0,3,0.050957442896554093,0.4887930793776756,0.009286606541847119,0.9775076523090304,0.015019981,0.6250375410903686,0.100917
134250.0,3,0.007585315270178685,0.04233270062388107,0.010718998359282333,0.46663216672836405,0.004145789,0.08655561248021704,0.014761546
134253.0,3,0.2238315911944507,0.2303699707432189,0.0456337627255524,0.6839004234385815,0.016648771,0.6409995989955549,0.16574478
134257.0,3,0.05875083835834542,0.38217868287294876,0.13473690238687433,0.7297786948621037,0.03092406,0.5066017888511917,0.26610577
134259.0,3,0.021854499215009048,0.07121605155671668,0.01419193765196083,0.34488721822484886,0.0097827725,0.20386291840675885,0.008205082
134262.0,3,0.2061200361377808,0.9069560614856866,0.09940109728251731,0.5420768128361789,0.19244516,0.10198513971025573,0.03252757
134265.0,3,0.07124865789047305,0.9809210210655418,0.1279684133942558,0.5568773278084553,0.17463972,0.8589773196169588,0.10034667
134268.0,3,0.009935703814291324,0.06442166836326794,0.02837497299911553,0.46522502118805964,0.009183158,0.16225715570370133,0.23449636
134273.0,3,0.26161306032052734,0.9826511366325977,0.0867693598909701,0.6644264883250862,0.025845848,0.4789106523630753,0.06291007
134276.0,3,0.07684946394629767,0.13544746656259413,0.037948483362201066,0.4405652424257147,0.01510119,0.16805746401118493,0.00598643
134280.0,3,0.01545845590410952,0.04820455400684024,0.004963799840603692,0.6245077898935925,0.0050815362,0.03430201195987983,0.00413791
134282.0,3,0.0790369291624274,0.9862451472620853,0.057962176574012966,0.6609574788607885,0.05165529,0.6087891989894285,0.012266438
134283.0,3,0.13546276894950862,0.4669802192393869,0.1010152542922926,0.9970497012517936,0.072460264,0.7842357639821059,0.6262337
134298.0,3,0.005227732425591771,0.14036317960817424,0.03358517629410421,0.40857664118599746,0.005411618,0.04684575703508954,0.076858476
134303.0,3,0.25694001619693896,0.9051991210736409,0.09760484429010309,0.9751555420025833,0.25038952,0.8413989299461285,0.19598372
134309.0,3,0.9999698409849168,0.7687979371996347,0.11503097150746423,0.36269209257834273,0.15300995,0.2951864785466831,0.0142328115
134312.0,3,0.06712201666816608,0.6183688075276462,0.07612002593438492,0.925556434407985,0.020348344,0.57713346318865,0.16688502
134316.0,3,0.054258473300331116,0.6483127422545664,0.03139303712430709,0.5127144724714712,0.02679839,0.061032721600566685,0.110721685
134323.0,3,0.41128923725704036,0.9888597164870709,0.13316659970327777,0.577655889659373,0.48787507,0.6173897520453285,0.05867022
134327.0,3,0.220164054402598,0.30840583029387025,0.10192409149996902,0.2784675192493073,0.058498148,0.325347974781934,0.012633559
134330.0,3,0.10508928971366503,0.8997326346726816,0.010451708000106386,0.995789376390995,0.030977247,0.3597455451212733,0.45152992
134332.0,3,0.03223078367851305,0.2718166741349491,0.011905100229848153,0.9112647569125413,0.0101308515,0.17648621069933418,0.03636424
134336.0,3,0.00985201614445954,0.052837122033568204,0.009634627371870055,0.2722116614801078,0.0028979834,0.019712957874345367,0.0022367726
134337.0,3,0.9531299791334533,0.9723786547829104,0.6366260078936644,0.9940955386539015,0.45487103,0.8300217234190767,0.12747622
134339.0,3,0.1394052687740652,0.4469524453215253,0.05617981570462921,0.472444728299728,0.084864095,0.4051395684178653,0.005990671
134341.0,3,0.3655970245336487,0.6826107276243017,0.06863833557236966,0.5999740669264754,0.03125303,0.575823009550154,0.15395716
134342.0,3,0.03209245784851985,0.711079221432392,0.15515014679686864,0.550997694527119,0.19517985,0.25397296732460006,0.027297353
134353.0,3,0.03573568431992419,0.32272108763377244,0.01602874391161383,0.764313558301421,0.011388757,0.06741792548853742,0.00984583
134354.0,3,0.11145173495467488,0.7837206272916616,0.05348914460710403,0.4447936414060985,0.030998252,0.5039573954252521,0.052401762
134369.0,3,0.4793159297296735,0.9846083387647466,0.24584671034989797,0.2285669814235002,0.0960964,0.2572275025730309,0.048296582
134373.0,3,0.03401109254618824,0.10291843006708659,0.008301421305318836,0.9134824010852365,0.0035718596,0.23928270290025852,0.025898632
134380.0,3,0.999995844429173,0.7660920786406014,0.0567907257563003,0.9968041029413794,0.18581995,0.8333471494037425,0.6351653
134382.0,3,0.1147297044845636,0.29228124653774806,0.03173813540124931,0.5665490137627193,0.08502757,0.6312448649512515,0.4500019
134383.0,3,0.07208522366427643,0.8667543250012396,0.10603566999785931,0.6240250557080268,0.09400953,0.5472703633307696,0.06899142
134388.0,3,0.026879992122336018,0.8045300470146979,0.036076439584877745,0.5748558505735345,0.06631059,0.09236669375259685,0.016594352
134389.0,3,0.07054446042159002,0.7938481250081647,0.24229964623459554,0.6366810426144565,0.029931853,0.4669581707115837,0.02177565
134393.0,3,0.05501452986299453,0.6337956546954279,0.02885216708041398,0.3765256893309744,0.07397214,0.5817712302290239,0.00809345
134398.0,3,0.11221535774201016,0.9005644144097394,0.1388474021375387,0.6026868616382298,0.52147317,0.20387148620918313,0.0853167
134399.0,3,0.0811769599753168,0.175655436920371,0.0521693144406765,0.6804728866475404,0.027173629,0.20714966036372634,0.21564098
134400.0,3,0.06748245757624649,0.19481653707709898,0.1042763169054206,0.393624408682318,0.020890798,0.10508264711945368,0.0043971953
134403.0,3,0.521600576480158,0.9845750641358851,0.16196486864305357,0.448838327337798,0.12063545,0.8215610915685856,0.06219933
134404.0,3,0.029574514426269197,0.23442437047992434,0.032683753301450874,0.6956438867611742,0.0047621485,0.22858276243961334,0.030084714
134405.0,3,0.4407023326309044,0.5730660120962241,0.05250133399639806,0.6293919536426864,0.03942866,0.07893293208775945,0.012785631
134406.0,3,0.48037453266401947,0.6036552845211995,0.1652778110049705,0.5607788354773671,0.16185687,0.5075175031780993,0.060208518
134409.0,3,0.046164719452617756,0.2517313240309552,0.028753392069142614,0.4691178742077728,0.011867348,0.08915297769831125,0.08727669
134411.0,3,0.4226322352931868,0.9337156254784905,0.0674437183361778,0.4310015370932936,0.07728016,0.03763621154202948,0.0072193546
134414.0,3,0.2094058245823732,0.8502310797095237,0.09998579188153411,0.4544498142344702,0.067632124,0.05562216610560401,0.0057437536
134427.0,3,0.011311027364754325,0.5728268932170106,0.02727464252854868,0.570059676656778,0.013036034,0.0360608624378077,0.018002426
134430.0,3,0.01588928627892622,0.26674673721421455,0.015899250501522126,0.42882213464033503,0.0031034686,0.15058101048695027,0.3265843
134431.0,3,0.8331378741345251,0.7279307341630236,0.05652967849703727,0.271203714093108,0.15156218,0.7807529903992033,0.5004667
134432.0,3,0.3290762059910279,0.9457985701082844,0.06059898540639156,0.39983197975086354,0.06034382,0.7725599645785506,0.21796435
134435.0,3,0.038563161581443406,0.21628558667697187,0.048434474625350644,0.3838275643006145,0.033734377,0.07888667923453199,0.0021459218
134441.0,3,0.22857267268880016,0.534263402610115,0.08728551315170613,0.5445888712166026,0.020362556,0.21458378029062583,0.01810384
134446.0,3,0.13409088845663153,0.7875464599724222,0.029579100947202414,0.4262836432101796,0.048420776,0.09466125234751194,0.02969409
134452.0,3,0.18285194693122608,0.8421667849779569,0.1730170666017689,0.5600294191974124,0.05859333,0.7039958917658204,0.4586441
134457.0,3,0.9971458918757546,0.2655042560512779,0.02172483667202504,0.24833638569129207,0.018750189,0.18971473145942983,0.08317662
134464.0,3,0.004914766837974317,0.07547815907583831,0.0029649671024041613,0.6828883766421561,0.0021358104,0.02520137267505401,0.015561455
134467.0,3,0.03132627903221266,0.7227670580107285,0.06708537045196143,0.613836588058999,0.04691481,0.11668181444852724,0.013226773
134468.0,3,0.023900690246837778,0.14693490324136263,0.02169889567073758,0.670836248663218,0.0042132526,0.0877309165433468,0.11557549
134470.0,3,0.9465952747369806,0.5555048815560156,0.05473765407281607,0.9760988930541555,0.2517288,0.5499716847884941,0.15087613
134472.0,3,0.0173046777722022,0.531955580854248,0.02552325941242612,0.6695676286069836,0.014850815,0.32243500704428424,0.46388054
134475.0,3,0.21354256972724547,0.41559976205537236,0.23501507127615962,0.6844319787644236,0.032697096,0.29472480703514264,0.054300226
134477.0,3,0.08862512499429413,0.9553318951652001,0.024160988502611794,0.9489220771965501,0.009479564,0.21342974664553893,0.012483638
134478.0,3,0.12370801256047044,0.9277279415552181,0.020563864287484006,0.8561849579377027,0.05919384,0.03922621637298313,0.0068345983
134482.0,3,0.024147148689302497,0.04340133564911573,0.03929463663167273,0.20502037173548676,0.0047437297,0.015975952367572523,0.0048347893
134487.0,3,0.024215289560857573,0.5446744116958303,0.04516436966003847,0.601170898494928,0.009124305,0.35846568849654886,0.19365044
134490.0,3,0.04947778653944383,0.0608954828452684,0.023875600077561912,0.39653337846991227,0.025530795,0.027877906091261614,0.056122165
134496.0,3,0.4059087905338336,0.9533105165932152,0.03157873659731064,0.7498160737743902,0.05757431,0.7956377865908939,0.8169499
134497.0,3,0.6497253477504938,0.8444206823960803,0.5115735627133048,0.33076697197767,0.40329707,0.5457345736337467,0.03865969
134502.0,3,0.4891899946575153,0.9888242058367379,0.1394066547786761,0.38174794133683565,0.39403576,0.5485142159559072,0.09236066
134505.0,3,0.9992974630530045,0.3955326935976865,0.024335848551848227,0.4548754295956912,0.0777444,0.9130204978150993,0.39030957
134510.0,3,0.03224064039866717,0.905290104334251,0.02223917237385229,0.9334694680229744,0.017388728,0.31345020896643117,0.005753625
134514.0,3,0.03939654051294405,0.06690912031669814,0.015962948975206573,0.4488302486120389,0.008965693,0.17195992065079585,0.047116924
134516.0,3,0.9978042693100605,0.9583429629881889,0.06803183575881223,0.9953926120576698,0.14297651,0.5951003695172151,0.19570658
134517.0,3,0.3722621461565398,0.892592666113236,0.13895160959433947,0.2787792711312454,0.053687185,0.723750338327717,0.10917708
134519.0,3,0.012867411583252674,0.9684811261027904,0.07162665663634347,0.34927828708452785,0.030752866,0.6206386967062759,0.030933037
134527.0,3,0.0552672211451748,0.6476169215393687,0.0455009415182735,0.271921514581348,0.046251003,0.22587839036038923,0.0062079607
134531.0,3,0.98441858603919,0.2985237677436031,0.022866259386194427,0.9839546199234516,0.016553752,0.5096006422086826,0.058567807
134533.0,3,0.018146261916569213,0.06008902681389744,0.01730750795217424,0.31846739093730037,0.023464855,0.07469804594650017,0.03872718
134537.0,3,0.03736403219633598,0.21569939434019605,0.04591219354502221,0.3850804106319091,0.009226511,0.16123462511837564,0.38269085
134545.0,3,0.04093636277115795,0.968435903872695,0.008409019018165171,0.9187339874658447,0.011539724,0.5179143672252208,0.64723545
134551.0,3,0.02246151917276969,0.09972266791344783,0.011265599241752673,0.4057174612762656,0.009689026,0.05588800137118961,0.010339232
134554.0,3,0.08344825206691193,0.15862120302026067,0.0756661777106285,0.46976801050016875,0.057246204,0.20322410585606515,0.0022054561
134559.0,3,0.4603045935189606,0.43214673450355684,0.08797297241103756,0.5851579035425745,0.22223343,0.7302633077191828,0.032249454
134562.0,3,0.9977873893512611,0.8565903839553818,0.16415547553799134,0.19870040730775518,0.27544767,0.8989832816955935,0.4430754
134563.0,3,0.5355443138627745,0.851237416131661,0.17030451163787932,0.5661724521749582,0.08511253,0.1240864887116363,0.11395241
134564.0,3,0.007436298932703597,0.025178943002417523,0.0076054518391940155,0.21227495997639548,0.0051836674,0.05801074539423926,0.016202727
134570.0,3,0.03606085555690895,0.03237413391745377,0.016328235598522006,0.4512231627819009,0.0045737517,0.06403552205581338,0.0635167
134571.0,3,0.019183348638899873,0.09980342389421563,0.00536856903605759,0.4240870416456107,0.008946575,0.29107835501801504,0.20064244
134574.0,3,0.04185681706109362,0.25874488568941295,0.011995655908789515,0.9406685715287078,0.0056477217,0.12203270378039205,0.024113135
134579.0,3,0.007211549577688611,0.08030686952711669,0.016222705333262994,0.2662622028120095,0.0055442434,0.0489358911860362,0.0034236345
134581.0,3,0.0327186599971893,0.549675554762602,0.0680566441917541,0.6689911132518164,0.024337038,0.5764546465407134,0.23848097
134583.0,3,0.27018607407912615,0.9661866980325182,0.6663695050669828,0.5968641777745887,0.28218934,0.8789025969997881,0.153083
134584.0,3,0.18038200088558903,0.9135785278298018,0.14530184570559884,0.8477282272979862,0.06318477,0.49676855399114744,0.13940775
134585.0,3,0.006245659240001233,0.04004394759371456,0.0183307649070984,0.4757745479745931,0.0019295638,0.031181027276893206,0.0076647503
134587.0,3,0.04499279619441411,0.28783522712814313,0.0988452848525689,0.28049978930417463,0.13489717,0.022606725205985955,0.04837087
134598.0,3,0.08935864742044441,0.06564297000775965,0.051401102166863076,0.22109805383399142,0.024808396,0.14101802997500812,0.013616761
134602.0,3,0.4074890406490131,0.546357399948612,0.09111834391959617,0.5212597266426986,0.0559708,0.41898088753300167,0.09675044
134603.0,3,0.269268251732983,0.9831940086238677,0.15731169872918158,0.670052091372369,0.06585303,0.632600618848824,0.0834067
134607.0,3,0.07638418036047015,0.8646396169334035,0.06331537143464107,0.995188224734831,0.017559435,0.4438754973497926,0.22757518
134613.0,3,0.013490614566321184,0.07817012747232487,0.04567794428306633,0.4110599741052865,0.016622944,0.07174480544738837,0.013579479
134615.0,3,0.36067514592381267,0.7295661494188369,0.0754616864271038,0.9216843157333137,0.05125941,0.6875623045950349,0.10134249
134617.0,3,0.07682949854051817,0.22724454947290582,0.09313494802399767,0.4963495328072552,0.012041015,0.13324558550571328,0.010600073
134620.0,3,0.08407522302115131,0.07732651823815592,0.01599848664941135,0.3529303045985414,0.0068628998,0.1649044587591925,0.13116597
134624.0,3,0.036149199876535296,0.38905099505747154,0.029833403076755048,0.9950154718969931,0.02339264,0.46661627774569675,0.55963606
134627.0,3,0.9808318243241693,0.8277768259379307,0.16122910795940826,0.9750891508913216,0.28575718,0.8812337557918668,0.18211894
134628.0,3,0.21582957553382823,0.9112385699731258,0.12160738699684714,0.40664634413999035,0.17234413,0.39256117914459177,0.006404158
134630.0,3,0.213821932495901,0.7594954136879399,0.1431553193516264,0.9394054094043758,0.12063191,0.4477333995514722,0.1644477
134633.0,3,0.08721267507923448,0.8314902861980743,0.021925005203106595,0.9956721685939012,0.124802336,0.4705343089661315,0.20797262
134634.0,3,0.009883797797673826,0.05794756067389324,0.007658824452716224,0.32185311486189,0.004424169,0.1341065718447075,0.079304315
134635.0,3,0.004851232429752433,0.01626592147215104,0.010810607270322263,0.4189244505250624,0.0026478576,0.0207381937003899,0.010779212
134651.0,3,0.06564898646925375,0.42115341477819873,0.020688935053171376,0.2794571214983017,0.0060488293,0.4345133674211844,0.51322913
134656.0,3,0.08267174162582314,0.08172397110165967,0.014311025064687934,0.2060828016095564,0.01773851,0.01912294770413102,0.026437575
134658.0,3,0.7856894082060104,0.5522944687743349,0.09443857348548648,0.18184396984657134,0.1960809,0.04689687879754857,0.012087352
134660.0,3,0.18041253171987953,0.3474611172721336,0.07444000493747682,0.9881699118060913,0.03718704,0.5975852357751531,0.13325769
134671.0,3,0.020135754764501315,0.05896254582363626,0.03522444824623418,0.4271886984675142,0.010545855,0.07112587986635409,0.03831693
134672.0,3,0.006420804656532098,0.1334337541279221,0.03374402350446351,0.3531366859554621,0.022436362,0.019324862222628008,0.009541637
134676.0,3,0.34907370710261193,0.875109300935962,0.014238816354808448,0.9974878916051301,0.011382708,0.5590062412664573,0.17928644
134677.0,3,0.3351364811957282,0.8448005586026286,0.056085217464952784,0.6573853488505134,0.16850285,0.6088107540037617,0.0596907
134685.0,3,0.1300476821217598,0.5927894134005119,0.06124351220959954,0.9894079775927801,0.030266734,0.8604084295982302,0.2714263
134690.0,3,0.04380505425193836,0.7944722649261742,0.03231580960518348,0.5701503600478292,0.053146403,0.7657287600892233,0.021394499
134695.0,3,0.04122667008259625,0.16414068294673576,0.010606091072504422,0.8193534756923886,0.009616816,0.06432632520890885,0.015947578
134696.0,3,0.0101273810711,0.03280081867074891,0.015072210666235968,0.2913781260406416,0.005814659,0.058915984254817526,0.009871332
134703.0,3,0.23419092851630804,0.36753756746206,0.12714429750528541,0.2559563908936022,0.060344335,0.3499885523245599,0.103682764
134704.0,3,0.05270756285819634,0.38572702359075295,0.04330799032635459,0.5356144094118093,0.044039756,0.175887096830155,0.18432224
134707.0,3,0.999518274082922,0.9622087419959965,0.5678815458517165,0.9953695681900522,0.68197495,0.8795862590193171,0.025558699
134711.0,3,0.056020307046081325,0.4102385333686501,0.014760335505415662,0.14498942541263032,0.017957008,0.19321487095890374,0.20933555
134712.0,3,0.09269915483173853,0.9089528358780665,0.057707035754067416,0.7991951286627395,0.038188938,0.4485438420906127,0.042740855
134716.0,3,0.03635606120467786,0.0967914803326645,0.004475353714328634,0.5809160289967504,0.009388207,0.0429464109533571,0.021968838
134717.0,3,0.01374671518956935,0.48273947193421224,0.019524299940390493,0.27352276618369814,0.010491418,0.4961313290642852,0.18313931
134725.0,3,0.12246240047833595,0.831027053269187,0.07394221265240306,0.495699200443354,0.06196261,0.4102190719861501,0.03106068
134727.0,3,0.015260402214892431,0.26392503610891427,0.013665508427392493,0.9671870425679151,0.050594073,0.645703241180684,0.6633111
134729.0,3,0.08350090408244663,0.8555695173125173,0.131619270157347,0.8950767816918697,0.08078069,0.2661999179217793,0.055156726
134730.0,3,0.010757353734747708,0.03668136678177291,0.008007736939591725,0.9704415557232938,0.0023629563,0.0695077996084274,0.019178756
134736.0,3,0.19112922909871713,0.5452706867463095,0.02736665471368548,0.8051089014154611,0.080811605,0.7735178253497654,0.6031246
134737.0,3,0.04371601562403064,0.5531174322613726,0.00918721722169481,0.7413614950968379,0.015720021,0.40440485265389936,0.45588318
134743.0,3,0.6207348007509701,0.8567730907426975,0.08556029077511858,0.6524150075076687,0.1511428,0.6110784625035034,0.24492106
134744.0,3,0.1339114860775087,0.6081333187607322,0.0413701007053819,0.4862394244799418,0.03782231,0.821480369264284,0.36282218
134746.0,3,0.008759083144289576,0.26140485322353585,0.042741760612649324,0.4992226496711065,0.003443321,0.1143857407066564,0.035038777
134748.0,3,0.00966114789630062,0.7571907848538869,0.008289606695148888,0.3040256232986876,0.0069150934,0.22045580856347904,0.42910326
134749.0,3,0.05881964422719702,0.7677688746542798,0.06319148873562923,0.3787044130763911,0.06333331,0.050637645925280604,0.0023974287
134759.0,3,0.041658275563631296,0.09199720171877644,0.015030885975480175,0.5973622225123015,0.012187541,0.05063061548623409,0.01912885
134769.0,3,0.026332269422792928,0.6721449380187993,0.02999210537632332,0.6305293636969111,0.02895979,0.5843440981070521,0.14031151
134776.0,3,0.24935199909815317,0.9624023340670506,0.1682013144411889,0.9958901526160123,0.18921486,0.5991373521028662,0.034084737
134781.0,3,0.0029618401625517115,0.03240231155787724,0.005803217202301284,0.1275992130132838,0.009622435,0.012995619449116782,0.01987187
134788.0,3,0.2689997339625406,0.9514290966068701,0.045928198908242304,0.4361245068533702,0.16170388,0.6860334147458441,0.20384806
134790.0,3,0.005976153766779135,0.08069705786741653,0.01584933802037208,0.3486406315232549,0.0023436875,0.09516426804166149,0.0039433124
134793.0,3,0.053082900928950065,0.15379488553200601,0.07334201540330257,0.5247966971415183,0.022076456,0.02299339456610164,0.029068885
134802.0,3,0.013718326920725157,0.08697611224527989,0.01834094223880254,0.6176511614681509,0.007555096,0.019087699729769182,0.0081928335
134804.0,3,0.00014489145099788622,0.9320902496210887,0.1378261177044779,0.8077463530631604,0.16507703,0.7483994220273547,0.016072027
134805.0,3,0.22575995204575056,0.4263926367819561,0.06479338998089415,0.31212406070860366,0.07357475,0.6683728665181263,0.1859569
134806.0,3,0.01270557968347415,0.20420548876909347,0.023114289082006946,0.8594391361328959,0.0029455351,0.04993635674719501,0.007374498
134813.0,3,0.06906232274876595,0.31304767411048107,0.2402828993714726,0.32503510802812885,0.14834215,0.04338629378238655,0.03459326
134817.0,3,0.48481449693536016,0.9082354006060747,0.988219075495609,0.995204929444944,0.45261416,0.679773262960635,0.06412071
134824.0,3,0.038898355184069436,0.3786869015761695,0.07404586592476439,0.6136297053532553,0.021143984,0.20065273747658707,0.06562161
134827.0,3,0.15620343728460986,0.7765764774688628,0.1618071948338569,0.701569323353541,0.050986737,0.23268094922428045,0.0069109034
134834.0,3,0.9892484684240306,0.95352985486176,0.9103359455613599,0.951870726279657,0.48260126,0.6932868501296456,0.13085933
134836.0,3,0.06503824639661725,0.7831257470058319,0.06693713520866401,0.5467880910112822,0.02101149,0.16675520035342636,0.09515924
134839.0,3,0.03758190744097156,0.6598061586339964,0.039029308418402756,0.26797080538143486,0.005812077,0.02946548833964369,0.030671926
134850.0,3,0.10688503091567562,0.6842014217873006,0.06376061663504148,0.7643370567536749,0.0546744,0.15589870007946097,0.043282483
134851.0,3,0.019394291957377418,0.2859713888666153,0.014729667738603814,0.5365877014915484,0.017150944,0.1207754929367741,0.02205784
134856.0,3,0.0958149483068194,0.2590922008864339,0.005211562822995857,0.9812209322330634,0.010007007,0.46846387424543706,0.14907315
134857.0,3,0.05980235249259223,0.5164572776000033,0.018866005652586386,0.8945757453167359,0.017471757,0.5354362971914878,0.061296675
134858.0,3,0.10725868634249859,0.23086734908923676,0.01038657372666549,0.31261213087000556,0.013051061,0.29639431021167373,0.20214587
134874.0,3,0.6128754082838512,0.9717814332098683,0.21275262480452506,0.5061537343428273,0.16308509,0.6170107212372111,0.104514
134876.0,3,0.9447344224007431,0.8807062441415543,0.044118071040507585,0.2552181771581215,0.08960841,0.5480964112022148,0.0720915
134878.0,3,0.03815181464214221,0.9743625722597815,0.00892673943076713,0.6851925632308105,0.0046111587,0.4553785096212669,0.50670177
134889.0,3,0.06275592425118182,0.2235006164349677,0.022345113207793397,0.6447544783235205,0.007806786,0.3626442848860239,0.11557578
134897.0,3,0.1283119515853202,0.8363295539373506,0.07274149569870006,0.4673220508474407,0.06430443,0.018804835462403573,0.029835597
134901.0,3,0.26462625125204764,0.06029621774056321,0.02931948755388603,0.5046406879170314,0.0093478765,0.0401416340875241,0.007620146
134902.0,3,0.020027066296913382,0.24217323540010074,0.024231764269378675,0.7338715039880179,0.006776933,0.03506281870331277,0.014296193
134904.0,3,0.09606975023253941,0.9305286873999113,0.05513547540709511,0.29071630190939846,0.116529964,0.6365474246294341,0.013959747
134908.0,3,0.50407401615659,0.9551561032082324,0.9421131757385095,0.10821783251795317,0.35311106,0.3423986054138723,0.10536254
134917.0,3,0.004909788591809723,0.04879467586878741,0.00870278675772693,0.9600876698320617,0.012090625,0.10519924731984873,0.035614304
134918.0,3,0.9997854595185477,0.831497126181189,0.06862413937378223,0.7576928563647073,0.24244523,0.8315092933557884,0.41925973
134920.0,3,0.10985321174946523,0.9296958161124307,0.06802939043221502,0.2841273677283705,0.07436763,0.6627806232293565,0.004131925
134922.0,3,0.05787235759533689,0.9433269976153831,0.05954415821084258,0.6380293238523692,0.06995684,0.19822058403356219,0.14260045
134923.0,3,0.040061523924825405,0.1172293891841657,0.13987045960144198,0.3110751889762161,0.080059625,0.05895986749384939,0.06178257
134926.0,3,0.04929548379037804,0.26874140207591135,0.015751674209193593,0.3879086397970438,0.012663572,0.017889691169268033,0.011531856
134928.0,3,0.1448091263853279,0.9786381283718433,0.0676133428145655,0.5112866619176717,0.08191199,0.35859778513817303,0.02169199
134929.0,3,0.016248876014483927,0.6914362033275337,0.06266716301343872,0.35526760348638164,0.02815927,0.25616698839182583,0.09993583
134932.0,3,0.06224325589995663,0.9957812136220345,0.09559848237217478,0.2694114012320155,0.26147643,0.6040927410574101,0.05678894
134941.0,3,0.10202036831697754,0.4536949472293387,0.061941402427598595,0.8792128060629931,0.02819805,0.5000076950547178,0.11346253
134942.0,3,0.2775503438804906,0.9535903041975526,0.15084881794461516,0.41366466191104645,0.12407345,0.461407840971789,0.007510265
134943.0,3,0.1668197084405007,0.7868667884901767,0.0846627733932913,0.3435288159696353,0.105357274,0.6528007282296502,0.0044179964
134946.0,3,0.7041136268972848,0.6144520535827841,0.07695352058279605,0.42525616141153666,0.123338334,0.7065016620887237,0.19896819
134953.0,3,0.6541588125330852,0.7553913031746178,0.04072329477202493,0.7006006416781965,0.09107002,0.5751128717341739,0.09070256
134955.0,3,0.3674955332986019,0.6483464145138651,0.09462066419621495,0.5182223503975235,0.10254913,0.3321589780336319,0.036466565
134957.0,3,0.07618302483974639,0.9407890002228795,0.07109905782138409,0.43760076603782755,0.26143354,0.5983154703771807,0.004933669
134961.0,3,0.9339165422458524,0.6010081246285136,0.19285906602953054,0.19191396039034211,0.2803458,0.6919633078342093,0.105570376
134965.0,3,0.18300595642104342,0.6933495381350238,0.4043965417325996,0.988930073573067,0.67050266,0.45884986819814544,0.13836196
134967.0,3,0.2154907036857362,0.8486955604289449,0.02428383785036303,0.9866152438870512,0.078141496,0.8078085481970309,0.37153837
134971.0,3,0.9970349975386341,0.9271824179076971,0.2183788436890443,0.9961065471208065,0.41774938,0.744817653255374,0.11185527
134972.0,3,0.10362994576109653,0.2634236269363887,0.019271710710772154,0.9801132548491549,0.023632076,0.8093155040474079,0.10343619
134976.0,3,0.03026251492384829,0.7164993029330373,0.0540459692212446,0.5426070636005182,0.038109295,0.153191789886628,0.022516608
134977.0,3,0.15777749155572865,0.864768903819067,0.1388497149590879,0.4969349977290241,0.1460252,0.6694847599255817,0.0058314097
134978.0,3,0.0651091949512714,0.656291987163886,0.01628816381605341,0.9960841331086249,0.033726692,0.7081571529486437,0.80380815
134979.0,3,0.0442820860245606,0.08076114170099843,0.026404300611344158,0.425220400583879,0.022715025,0.3686478605907117,0.08582804
134980.0,3,0.15671156627741378,0.762568588147783,0.1863601438604924,0.4801359240879265,0.067957304,0.48130006031358147,0.078580745
134982.0,3,0.020150768226283207,0.3002925019432386,0.026020410544677873,0.4358987686962338,0.009286258,0.15257080293484654,0.009097112
134985.0,3,0.5662574020734786,0.8188384225179761,0.03005792330229691,0.8865733612568087,0.18130127,0.5169234305398863,0.24481021
134988.0,3,0.9621427305736957,0.948780815292591,0.29276687316154176,0.9955591412459793,0.2910037,0.8971591589671452,0.17214897
134990.0,3,0.055867757546571035,0.3798773092277784,0.08767846893844314,0.5173088051855363,0.16059461,0.0715505546572196,0.022775339
134992.0,3,0.15949565533776378,0.9265997987780189,0.12309913254251276,0.9964988659717617,0.030255971,0.8270389592545162,0.43176755
135000.0,3,0.31952663695550365,0.8862164044111177,0.05446346777731403,0.995314581264948,0.046478853,0.3326170111477472,0.02321868
135001.0,3,0.3059984896701724,0.8842173510074611,0.06342856585606896,0.44622753545907734,0.1392513,0.4198148330507192,0.050714444
135013.0,3,0.03686113051393738,0.07502200011357238,0.065582095006912,0.23192731294118551,0.004540873,0.15726789316322481,0.44626236
135014.0,3,0.040265311740347955,0.5756092119771153,0.029162361075200986,0.28073672857047266,0.022767344,0.6238598317409427,0.1653838
135016.0,3,0.02224924652965423,0.08023603970365653,0.04075542913139416,0.34513878829596356,0.015452979,0.3723654233738931,0.45175382
135021.0,3,0.4182257961328489,0.5992173711121495,0.03255720683077854,0.9975243347443764,0.044486836,0.9266422488243083,0.8890447
135022.0,3,0.9163055381631935,0.849447076135696,0.08964793492547773,0.2955426907139632,0.050120875,0.6371953614337894,0.13981432
135023.0,3,0.14614330143729748,0.41450974271398894,0.1627855987568848,0.8233122469222229,0.041265566,0.6420105421038987,0.05199926
135026.0,3,0.5852007711956947,0.8145647662026582,0.24993326519128242,0.9941745972339455,0.15778773,0.721326410859293,0.07522117
135029.0,3,0.21581976818201787,0.6630892214858233,0.1471039769461998,0.3568846087165712,0.10308239,0.588930380088502,0.0076311124
135036.0,3,0.07247398388026532,0.9440432351777575,0.051716145480101394,0.5028273480903747,0.05113612,0.5472163603667645,0.04606854
135037.0,3,0.04597996368499604,0.19586424111366446,0.030609580950715632,0.5345824879743226,0.030947052,0.458857734809235,0.3877093
135040.0,3,0.13016231399934858,0.8772875507242295,0.3101782209821272,0.516871527549066,0.08705001,0.19599614659888503,0.023189789
135042.0,3,0.24260037826871528,0.42318141899614187,0.012365870685999985,0.8617751380033768,0.019958083,0.45051575664955457,0.350925
135043.0,3,0.14746120135477014,0.817017732974817,0.05589063706302046,0.9970605780460331,0.0106533,0.2076027213513635,0.06119371
135047.0,3,0.18620546210809918,0.44405086747983313,0.031413653142434675,0.3930867629638464,0.012718037,0.703331317603943,0.4465772
135048.0,3,0.022426550305738806,0.03742168472390836,0.020101426147409954,0.15779187154679178,0.00488816,0.030932660739507806,0.026364366
135051.0,3,0.6347099785349926,0.6107770360549399,0.09564571371307928,0.463551346251483,0.21031813,0.7346508276789183,0.040544003
135053.0,3,0.0505915095155242,0.6816691173214856,0.006599650346671322,0.43898033582178086,0.012836982,0.11099870289060057,0.049136322
135060.0,3,0.7921350634246835,0.3345669987829767,0.0611226723711866,0.3453734093599151,0.067804396,0.33817190007348213,0.012142221
135067.0,3,0.15621841585444834,0.9296072903493825,0.12799886239263678,0.4673055975184863,0.15506874,0.437509524433916,0.005786607
135077.0,3,0.18640185306307722,0.9735650478985439,0.10043025771338633,0.7107062572578081,0.18617639,0.3518551168143875,0.045654166
135084.0,3,0.09294363815419092,0.09332352443505508,0.02146148476426043,0.43944752261358483,0.01948392,0.16467879098684035,0.0345788
135090.0,3,0.23828591285662754,0.7120023220280202,0.06180388961481137,0.45385874293055195,0.054137263,0.5340053789612441,0.054983903
135092.0,3,0.12391554338936411,0.8438301677372062,0.07653819638590217,0.18851238779853471,0.19365805,0.5626697620639848,0.27465653
135094.0,3,0.13140232082098358,0.3765335478516605,0.012217946017890516,0.48454791271753994,0.010723608,0.7855183738735834,0.5526877
135095.0,3,0.01784871220615862,0.18635873928607352,0.01004012082498893,0.4970488614915306,0.0029159163,0.26204264373563363,0.055718828
135098.0,3,0.06371200356885491,0.5031303684680627,0.037132742167718884,0.51577055298552,0.012930474,0.17114119390340807,0.10945809
135100.0,3,0.03283721031859509,0.8782051640304315,0.018506381053858083,0.8586014565351862,0.018613948,0.37034652190182693,0.051552095
135102.0,3,0.06057101766853873,0.914446588098253,0.05390689773792413,0.42955116867303,0.07889695,0.5726380097764089,0.014319904
135103.0,3,0.07271457285665756,0.6965525368081367,0.03121208451887452,0.9828673080197079,0.009802103,0.49383753033122124,0.21377556
135111.0,3,0.1802604805717849,0.7785596816429309,0.10692471631362202,0.6137135806981442,0.049582392,0.6314784870806509,0.20144965
135116.0,3,0.9447765989197293,0.9670568626483891,0.08665521652360696,0.9936450872827731,0.08478655,0.8842080521454062,0.59324324
135119.0,3,0.04266728907132077,0.18328375049507195,0.020459601392153515,0.3264366434474412,0.009032111,0.044607255024598697,0.07209547
135121.0,3,0.5437869648651388,0.9823668248147378,0.1814283667472477,0.3832926655713297,0.10766211,0.054506932606210715,0.019167468
135126.0,3,0.05315762211669116,0.9472579702909615,0.03403485036825849,0.7408886381928921,0.08195354,0.15799369120404516,0.053068724
135129.0,3,0.679139685689796,0.8311855885533579,0.08141317631644024,0.9764960763246812,0.10188917,0.6820864262316769,0.031706333
135130.0,3,0.5145540235229614,0.9687929336667844,0.028412724006795932,0.3733072707059807,0.28873178,0.7828591166250566,0.4342843
135132.0,3,0.012151243220169286,0.08078914276520896,0.005491703790512927,0.38217860769226036,0.0070394124,0.08622393280232081,0.012359896
135134.0,3,0.34402292617197533,0.7710817416512008,0.41639868359845456,0.5447453688521119,0.05574217,0.6158682336142735,0.051520742
135140.0,3,0.9887086929323181,0.9157593686992718,0.013418235758986947,0.9960371862906556,0.041110322,0.6702539228445222,0.6510183
135141.0,3,0.041689745605626355,0.06573059875644921,0.03135708336213838,0.32634723123921566,0.06287935,0.10982328455508082,0.04436334
135142.0,3,0.6658073291632607,0.9735886856994064,0.18567985308797094,0.3983053307696771,0.16391155,0.8181274696771951,0.10524813
135143.0,3,0.10963643164863077,0.9304977516127676,0.08275686645114033,0.5052075582818815,0.096087575,0.22879185765173637,0.008363329
135144.0,3,0.8763293959197989,0.9846378625420469,0.05568915905352266,0.996489506579256,0.04014537,0.8463744542293948,0.47883648
135148.0,3,0.07470018380116568,0.8122715564626218,0.015715029332794905,0.9562080136522195,0.013548862,0.47581591940734885,0.53165805
135152.0,3,0.054843575560082965,0.58732088405573,0.009518710147194716,0.7700337308071683,0.015215805,0.42149916313573493,0.69802594
135155.0,3,0.2641383954857427,0.9275899042719306,0.06095169281113733,0.6804166871581998,0.033748277,0.3108724422995696,0.16013165
135158.0,3,0.9983664017213483,0.9227945516247692,0.059198420617935676,0.21044065736217424,0.42963764,0.917241395838351,0.5932631
135159.0,3,0.08894908917147093,0.42847497068065926,0.051140957420698414,0.33415467496737544,0.045203377,0.22560137472927852,0.014768365
135172.0,3,0.13705884996968898,0.524025492660604,0.09068020196078855,0.4300435914954547,0.01430612,0.17331807704009988,0.5245706
135173.0,3,0.03922367554413829,0.4369145869791639,0.010475212100812908,0.6901242357895264,0.08364372,0.02041164151191814,0.008978854
135176.0,3,0.011414281721059289,0.39521509236470714,0.004707231699717652,0.6412675170239962,0.014998178,0.24569343951222194,0.022213897
135183.0,3,0.5019490240022949,0.7293155051971848,0.4755180490606654,0.5994098017977605,0.14709066,0.5413741967368585,0.03162986
135184.0,3,0.11955588864963379,0.6655135494857445,0.12220931166160152,0.4986171959954393,0.03748055,0.1107240848642859,0.07954003
135191.0,3,0.24328510352994803,0.7669380268113845,0.21812277072734929,0.18978539885295678,0.14185,0.9040494802807643,0.2375111
135192.0,3,0.14061655398464068,0.3163399641540217,0.019705730844333677,0.44325266308374695,0.048888378,0.544527104497588,0.4213324
135194.0,3,0.009149848672837328,0.025681479764336903,0.005940354005656243,0.5017339493124534,0.0020345566,0.027929511438713094,0.0058872304
135197.0,3,0.14067630380489493,0.9138166297856983,0.09683018777242311,0.9962151449971708,0.21357827,0.43344714950893,0.07371791
135199.0,3,0.0970788282347707,0.5188483657954956,0.08187326069860743,0.640667850751023,0.039305348,0.29822459154745146,0.09679409
135201.0,3,0.016068083253742933,0.22095528878928544,0.1064777073722414,0.25446352118589377,0.008707589,0.05938042023067718,0.028449044
135204.0,3,0.23333766031759165,0.7066971992315068,0.07697629057962664,0.9560780712670826,0.101827554,0.8219259998827976,0.5169399
135207.0,3,0.08768771409664193,0.7336586605481996,0.03246152270615529,0.9616478777191434,0.014568092,0.18496449468078913,0.13350151
135209.0,3,0.16716689282326674,0.5391193166231899,0.08172348676217246,0.5342426110842706,0.06393347,0.3427714222404447,0.0027175844
135213.0,3,0.22694351885000685,0.9550277877518265,0.04162230937691205,0.7867274856180061,0.03607014,0.25722430355947495,0.19104944
135219.0,3,0.1878686328763073,0.9165097085402668,0.02465000509219174,0.9963812490521463,0.017115902,0.4039571344821562,0.093375556
135220.0,3,0.05401981418928705,0.7104756957196537,0.08350014030651493,0.3123963250628819,0.04193131,0.7720692666418959,0.1231401
135222.0,3,0.024807736854461547,0.21303801816302925,0.006642505272419522,0.4558358588976891,0.0050362665,0.06422626367149707,0.026695637
135223.0,3,0.7769720130175894,0.9860347167638703,0.6747850423040939,0.9957851785091782,0.42403322,0.904731919987141,0.09418443
135227.0,3,0.08158152210467423,0.9226456363115076,0.14172988456427058,0.7233377924670115,0.022170963,0.07660440911049614,0.011892375
135232.0,3,0.16782253836000502,0.9845298322358899,0.04438954984394095,0.9372831393573446,0.09423497,0.7324208544105524,0.8043879
135236.0,3,0.008024694630998868,0.24560071191012706,0.04207625287697207,0.5886241325683371,0.030201526,0.11267671806194574,0.009922777
135239.0,3,0.06404903442879571,0.942152879209304,0.08080999566181657,0.5946312207112526,0.03693126,0.05250792433215006,0.011225846
135241.0,3,0.006931519242763733,0.7979360607467211,0.017940745031283192,0.9328659221996816,0.012602174,0.08769088526137934,0.018557435
135243.0,3,0.07428897382075707,0.8259862673593762,0.0939815503136701,0.53609405840972,0.13165522,0.10978606564071618,0.0019519848
135244.0,3,0.013262026742509972,0.09965951545112325,0.0068579226017009,0.12454655321468569,0.01315767,0.030396465765908546,0.02093851
135246.0,3,0.07657554593905076,0.49491278923953363,0.04122702717530541,0.25848887849459384,0.032178454,0.25991503900506674,0.057591155
135248.0,3,0.06093786884968871,0.9857926500317347,0.034286961733990665,0.590865228465703,0.05918246,0.26994130499034297,0.019633822
135251.0,3,0.14600108736358128,0.3547755432999425,0.0535650053229758,0.3670310045958436,0.026293667,0.19910546709984098,0.049343072
135260.0,3,0.22572914809098532,0.895913377113097,0.03668735528125493,0.9949561622245244,0.06688001,0.6013168208332474,0.13196899
135266.0,3,0.16817443269492607,0.5642200473216287,0.1374886407481329,0.4093827223031083,0.08009526,0.456879570909891,0.03362944
135281.0,3,0.3395682757346305,0.899554772177465,0.061649624406807955,0.9957995792753412,0.05302693,0.6690854095416682,0.5275769
135285.0,3,0.21211451647771754,0.7861361816292468,0.03801193182129773,0.17616417537067552,0.18493971,0.5466004577534701,0.2604837
135287.0,3,0.13938819191981597,0.9876319969543993,0.02536710712397653,0.9960950585452991,0.08303205,0.8204605446044604,0.19383512
135292.0,3,0.027365822459578644,0.06471769675988136,0.025081194573416326,0.41629842449808063,0.0072121127,0.053471364715286865,0.029506167
135293.0,3,0.36205655044009644,0.37712209397773155,0.21111438939748836,0.3554790949582761,0.16652074,0.12872227837152517,0.033773232
135299.0,3,0.42022671742971024,0.6483804951200346,0.5673054922995786,0.5671648716648358,0.49397102,0.6379222419420701,0.16543007
135300.0,3,0.13446799494996886,0.6599898104405294,0.18600982905844846,0.6082771957161474,0.047085524,0.03885438006400325,0.02765618
135301.0,3,0.023237342972889187,0.21942187695394863,0.02356174479255403,0.39258732811036506,0.021319753,0.15590067692477685,0.004337079
135302.0,3,0.581664579869159,0.6837017766134034,0.16584283239401465,0.9814156559162296,0.055068415,0.6195434889909494,0.11082498
135314.0,3,0.040610453698638374,0.11133801506887953,0.06242080217184018,0.649680084228929,0.024457749,0.019161564681523316,0.011640798
135316.0,3,0.005807250385866071,0.027185953109919374,0.008148510577591613,0.3335470144377757,0.0035133408,0.019376174663207398,0.008509328
135321.0,3,0.05073835724530434,0.18405373129151073,0.032160482692450615,0.548504583780158,0.048959758,0.079482947492473,0.036600668
135324.0,3,0.06634235258853277,0.39292828930180573,0.028008905638359914,0.4846352677029513,0.029183093,0.11685723068182932,0.37877607
135325.0,3,0.221527506109875,0.9841793076710874,0.05483740530760474,0.5087435002327243,0.031350903,0.8543214055653553,0.4572474
135336.0,3,0.010232521042972145,0.8831616353726517,0.016138335960181476,0.8373626243264689,0.007983262,0.670171917478999,0.7034747
135339.0,3,0.08498409697792793,0.9284558159094477,0.05131056401265683,0.9968562744409137,0.03936568,0.6128837280362541,0.048330244
135344.0,3,0.16621312775483002,0.3323588941246971,0.014742543184106421,0.6276162191280433,0.020605195,0.03449627837923665,0.012002899
135348.0,3,0.2317374302183,0.65677950163118,0.04844969325367614,0.5352725434807241,0.10677497,0.16894195464708323,0.059586644
135350.0,3,0.17103930040353504,0.8887278921125987,0.22620450683391422,0.22700066864478743,0.32997844,0.1716778296769867,0.09323392
135351.0,3,0.26341947183934866,0.7845864471622581,0.4537190564751517,0.36942815489774017,0.6896058,0.44308591953913706,0.042106207
135353.0,3,0.005397478352088041,0.7716362451796077,0.21947347497723285,0.8973106925333179,0.08483105,0.28573194729492274,0.10239761
135357.0,3,0.10882825906155055,0.7047224334761493,0.08710222959537758,0.5426129959109359,0.0582164,0.10000355603625405,0.0027881227
135358.0,3,0.05102211750103489,0.9607237660871435,0.05917588343711586,0.6537958572096594,0.26122433,0.26270647840088907,0.09614971
135366.0,3,0.5349460960637133,0.8755653682375364,0.11615997469588228,0.8441613300299949,0.122795,0.6407262457192036,0.19513579
135369.0,3,0.00458351492276555,0.046503012794792305,0.021168255005879603,0.1731587309027424,0.0076286644,0.022516098400031086,0.016757442
135372.0,3,0.08001593991381914,0.912347245262406,0.11410720981069641,0.4026115724986062,0.10253794,0.45914971476893396,0.10472438
135375.0,3,0.031808105882095726,0.24934139827455012,0.018632144752970998,0.8954173515947044,0.0032338724,0.3987498873776523,0.1175096
135376.0,3,0.03794525379803939,0.2891235532866671,0.01919980574959173,0.568287844058176,0.0033795421,0.31130182070090145,0.22668836
135377.0,3,0.16917166301865996,0.7591227384343819,0.09811593050253925,0.43871084743212996,0.097752824,0.2551352164829656,0.008203914
135381.0,3,0.006860396626390061,0.529377497056572,0.016886319114232547,0.1809398214934016,0.0051665055,0.07949636549144198,0.02630994
135384.0,3,0.043087921090914576,0.6726486716687308,0.061676431629665934,0.5382778148347196,0.039528213,0.036708510645367586,0.009899199
135385.0,3,0.22209595428083342,0.9716770909636614,0.022175620982720606,0.3145777057675643,0.052529257,0.5765807030916192,0.20427011
135388.0,3,0.013620171289348029,0.039239011925428044,0.0053902802494495425,0.16747638932594192,0.0034190917,0.014409354791757175,0.0041550635
135389.0,3,0.04210036441110043,0.03433400640634369,0.009510206312823547,0.31081306198983805,0.0066850544,0.019410351127862328,0.018738551
135391.0,3,0.2341864067097351,0.9688090120029246,0.03526052890642534,0.992587105971418,0.16290726,0.1496346989295662,0.20685649
135396.0,3,0.7791964460527274,0.886596472353995,0.14064078272686656,0.9960115744133531,0.6539238,0.6439941337487324,0.16229793
135397.0,3,0.8784406809861428,0.5312585722654689,0.04205304405272005,0.3993626690768241,0.16292302,0.8204349295609593,0.2832032
135399.0,3,0.5440999096577918,0.8935261443793212,0.12406589695295918,0.4068412926159041,0.05572179,0.12376242999967677,0.009451777
135405.0,3,0.038609105041270006,0.33775923166644184,0.03645660412774174,0.3953171747390269,0.03719375,0.20376470591812657,0.04842562
135406.0,3,0.023786531511093636,0.16987971757627288,0.026981123239896408,0.5299630087312172,0.0065607675,0.12361104966074575,0.022428367
135414.0,3,0.04198351660912138,0.08836651839417939,0.004817032365785412,0.448535216630443,0.0069564325,0.07610605565560176,0.091195814
135419.0,3,0.21107711472212634,0.8584821500695263,0.011495967934766172,0.5964574158325854,0.021764826,0.5092275204782362,0.27542958
135422.0,3,0.012651352019411477,0.10318826030637296,0.006554914488783947,0.16167153147642735,0.0050096475,0.013715986131186821,0.027502608
135423.0,3,0.016699490872985275,0.035427212034738254,0.01519757286193027,0.32447116664208403,0.0019090418,0.0348252904198865,0.0105527695
135427.0,3,0.020586217979159164,0.21382764662674497,0.023320229129698725,0.4966017171324234,0.0052662403,0.3937558310115241,0.07666512
135428.0,3,0.8535913435887291,0.9801371713447012,0.1424389443381308,0.4683930521787188,0.10288145,0.7307449620032873,0.0746728
135432.0,3,0.1797298637024129,0.3731132712841568,0.19908964092808074,0.7129351569882478,0.04808041,0.48783167584732545,0.059589773
135439.0,3,0.055367716498721305,0.37842673366219354,0.013570373572977561,0.35876823312928197,0.004747937,0.1477527059841921,0.6431678
135441.0,3,0.08209876723626139,0.7802074254748256,0.09161201323404572,0.5110433744296111,0.1513081,0.0540678383621835,0.01309691
135443.0,3,0.08146386138904456,0.38285532879046624,0.059029063276557076,0.5732404866882596,0.1320082,0.587402299737177,0.01006164
135445.0,3,0.027132043074457365,0.2242921717193265,0.02419905800545836,0.4614401828113476,0.004883827,0.17464638775719002,0.016139595
135446.0,3,0.9994936307838691,0.5240647444028756,0.01682682647424029,0.9967214402366347,0.059934314,0.5603880898530252,0.56799924
135450.0,3,0.49752982485040204,0.7687472318593198,0.05762370864307211,0.9755909988027834,0.1505041,0.634890930816611,0.038395885
135453.0,3,0.05793372858339586,0.6593956271725605,0.06543568906103621,0.2301436626050721,0.023161128,0.013545719325916038,0.008567864
135458.0,3,0.4162698450061549,0.14932572157509091,0.011592876386117317,0.3068765818518315,0.012318515,0.030282114162542756,0.02422787
135459.0,3,0.015868006220214954,0.6529794174732816,0.025245859764008737,0.45679999759643347,0.0058317445,0.062070983495483956,0.02120752
135460.0,3,0.742859349267618,0.4253042448467808,0.10894302052695527,0.4101220340437502,0.10253515,0.21557164094168163,0.013945275
135466.0,3,0.09700391406731305,0.3719060463034679,0.011921181267287828,0.9471001960372666,0.027510323,0.46060780711635035,0.06150729
135467.0,3,0.05392454052557882,0.5544805230566761,0.03236211747404919,0.5888576305489542,0.03190639,0.44737710528866387,0.07576891
135470.0,3,0.03545149746359505,0.23149004759636124,0.01938593309946772,0.38259313680261137,0.021381196,0.09906715068493882,0.02911484
135475.0,3,0.99505303421988,0.994170797779848,0.02681450509362188,0.18218385312120144,0.07430113,0.6701571742220358,0.1922137
135476.0,3,0.6325632659403227,0.9699364692403547,0.1737846706513565,0.9960217717841058,0.28731218,0.9274398963489412,0.5275246
135477.0,3,0.3781788287388134,0.21499394799912697,0.8557607119367606,0.3773357157507392,0.24163772,0.40222562508600174,0.019237902
135480.0,3,0.847317782583464,0.7474569554096657,0.05528611634640169,0.43184769531290357,0.33959842,0.2147503598251379,0.10812553
135484.0,3,0.011256752437934912,0.12031220441689616,0.02217863474345447,0.5572497873045992,0.00546396,0.26529621817913207,0.05310234
135485.0,3,0.014604981612893968,0.04370056167121859,0.013984799771642258,0.4615252315800599,0.004419742,0.1322467728979401,0.0454966
135498.0,3,0.02518972477310653,0.11216920467650156,0.01147397152667809,0.7565972491356094,0.0057936786,0.06113614022507846,0.005323202
135499.0,3,0.662093327631188,0.9480709772773405,0.09681133781069005,0.48946208024942794,0.1994693,0.49518667991686266,0.40618291
135502.0,3,0.00964307082968636,0.08968582004681441,0.01506311194663923,0.5150101224003558,0.009110636,0.0976984777551032,0.07101743
135504.0,3,0.9930699047766587,0.9628591635486013,0.013274619896900234,0.997843711525935,0.040842496,0.8164918927142328,0.82154894
135505.0,3,0.018861556208617347,0.19993393277093738,0.0070731963008222485,0.6565374377451235,0.011997794,0.015231198410192921,0.018298656
135509.0,3,0.11037993585512863,0.9290976013310417,0.08985967966383111,0.4591933076171313,0.13127105,0.515511114942431,0.007019775
135512.0,3,0.09440192908420737,0.6218760563197449,0.06151434552349196,0.981547426421462,0.05348328,0.6684459229478598,0.33301255
135516.0,3,0.09307273586011795,0.26954918608590556,0.10214830980225705,0.6451797050508902,0.090725124,0.2528745541107005,0.10264993
135517.0,3,0.6965037848103477,0.9465025258147868,0.20196785286521501,0.4846048121874823,0.16663203,0.6979924055911986,0.56489307
135519.0,3,0.09502258392232249,0.26589286031740816,0.016340485684134005,0.559588154435066,0.011074912,0.6046049649146776,0.038826335
135521.0,3,0.38675203691354165,0.8445301157264061,0.0742690234028131,0.9970088142289265,0.1151566,0.7127787306288226,0.46191096
135528.0,3,0.03974610358853558,0.21104867698485258,0.011481369583162725,0.6280566235983202,0.014074971,0.45600402389525596,0.3963745
135533.0,3,0.07269402753527456,0.8497275989901498,0.06510477283032749,0.9842126664642505,0.09721056,0.4781017246115542,0.13490623
135536.0,3,0.302960139368259,0.8800967091783949,0.3200597092165521,0.9853033426130887,0.1770871,0.17177843143521548,0.042211168
135537.0,3,0.9999924611978871,0.9576957164366476,0.005879139767864948,0.996248116449466,0.03469375,0.8826888791828338,0.8629534
135539.0,3,0.06658722915910154,0.5233978746488196,0.09417427185761952,0.5383089796792584,0.04298012,0.3541129059117594,0.07832399
135541.0,3,0.5465079780895021,0.9846188548601784,0.16432446725771213,0.6385780862224868,0.047327977,0.5609236060725145,0.13545921
135542.0,3,0.047847457914148975,0.9189251641186275,0.11080935636388912,0.4545706529001333,0.038762003,0.18271857318454993,0.06422272
135545.0,3,0.414821448154772,0.9529324021470971,0.35526153039160996,0.5105644897528485,0.13649596,0.6092017023194375,0.15488602
135548.0,3,0.26709485417623274,0.08307918168402831,0.06918362007629253,0.6365532037751016,0.014845805,0.16573782025753264,0.053700306
135555.0,3,0.3609702229580236,0.7021642041674303,0.03530062978082147,0.9968580177079522,0.043338083,0.8024395852988188,0.56323594
135560.0,3,0.24452309560219343,0.8503696122494473,0.010614275875418815,0.4128889800957057,0.008184789,0.6789495939793914,0.44029787
135561.0,3,0.45408351520072854,0.7884842755480659,0.029577286306847708,0.7728429822303885,0.07321041,0.8704777173347835,0.42358476
135565.0,3,0.49109117102291644,0.19440011957056538,0.013941849332880259,0.30223658556896116,0.033767696,0.7194111105680839,0.27190354
135566.0,3,0.06393110913050322,0.9371264082167372,0.033131751040771776,0.8586078387510648,0.06405951,0.5847442872344611,0.039782617
135567.0,3,0.12715421110664477,0.4121502895763365,0.10085301984897778,0.5482931297351944,0.0807148,0.5096130547615643,0.004003623
135569.0,3,0.4762870800391427,0.9600727398397452,0.1640317122522002,0.9934253543613271,0.38341504,0.36671395024952175,0.018152881
135570.0,3,0.9999889450526339,0.3679916860191111,0.04631415995426399,0.32802396264160555,0.06412517,0.9241372976871541,0.16851808
135573.0,3,0.029102164827217385,0.9020104650194694,0.06149637229132935,0.8369049082287741,0.047227982,0.1720330453259482,0.18235885
135588.0,3,0.4217373831328777,0.9725613942233927,0.4424857536719755,0.9950376300822518,0.5100847,0.7705730429500214,0.10672764
135589.0,3,0.03410640705836439,0.3925612082049936,0.013661023199240615,0.9957036488067575,0.0051556593,0.24604062987917474,0.110217325
135597.0,3,0.18691067573541503,0.5555902834148257,0.0894697858097242,0.5806521145841137,0.08561541,0.6144130880753488,0.11735549
135603.0,3,0.1488870030983141,0.9779801260032209,0.4826072427765893,0.5418708788097764,0.11559499,0.19813492181299236,0.011533617
135605.0,3,0.014007504229106408,0.10067891880916456,0.02491275748732056,0.2691752880598746,0.008327603,0.08741158395735839,0.008102138
135608.0,3,0.0637968533762363,0.92057506411383,0.03854138372969031,0.7772751238798026,0.08479282,0.31234573944249033,0.17264438
135610.0,3,0.2805608493675243,0.959500824624896,0.2639689592691037,0.897773233688882,0.36784017,0.691875943170688,0.08741392
135615.0,3,0.17285338273997589,0.9664837956024595,0.6718341934589659,0.9126727997051134,0.3333447,0.3695061302201177,0.049210094
135623.0,3,0.0928848974245602,0.7632586385341844,0.052011449677785586,0.6124190112686357,0.08737082,0.34372260479391414,0.016303465
135628.0,3,0.3774291324433884,0.9739828828429907,0.04802963214379815,0.8077528604595482,0.04704862,0.07821938119797345,0.020626295
135631.0,3,0.07890201807799638,0.8042093156360801,0.036380320510009174,0.6511495118911581,0.061938766,0.6976923492678674,0.15182611
135634.0,3,0.06703181284466161,0.34555267628136516,0.00837693626183621,0.37234581198571237,0.00965862,0.18373352874418286,0.22298348
135637.0,3,0.10192479221844165,0.2607940907424281,0.018907706197789604,0.6333704274837391,0.05794038,0.5858886118320008,0.17463103
135638.0,3,0.026482105370882015,0.14225087151860477,0.011638280732875856,0.9326863344381598,0.005340791,0.10474101931995583,0.030201903
135640.0,3,0.03473126758262784,0.1995281353029236,0.011814522387993085,0.4263146995641385,0.039919984,0.03689424606718317,0.0066949087
135641.0,3,0.268818275201674,0.9066643878999329,0.10262016132758561,0.9962477567200566,0.20040974,0.7746819625931404,0.13644616
135650.0,3,0.7529456046993594,0.9862111672893457,0.23149370292842616,0.6349952721032166,0.18160339,0.7808722294667501,0.13714604
135661.0,3,0.818089661311669,0.47456251897205065,0.022812924983770324,0.7289492848181597,0.04538519,0.673423427794795,0.31864545
135663.0,3,0.09239037897735804,0.3815988426505346,0.05192087749703445,0.47548191655492605,0.03314479,0.2116285969612756,0.025934165
135665.0,3,0.2243434565909291,0.7370985196654758,0.17696148118297186,0.9110435842031468,0.35725057,0.5392256405801501,0.07754417
135668.0,3,0.03216453764121458,0.4214429406281982,0.3539016533970904,0.31083980314865317,0.23122883,0.6553194699660215,0.099124394
135669.0,3,0.038253670523078626,0.9198608985535683,0.028166506989507605,0.9955965311095369,0.016663078,0.39696424444355216,0.22622246
135671.0,3,0.05981209192090938,0.12138813946814042,0.02115121620177712,0.5488836303568401,0.019638205,0.06625177458084062,0.008871112
135675.0,3,0.43303666095001775,0.5562465026565826,0.12192332341549114,0.15796821205588685,0.28687057,0.327263975584409,0.030999113
135682.0,3,0.09330553559619074,0.9363633926226375,0.09318765257109193,0.56348128573699,0.04968103,0.27962222008404747,0.09737372
135691.0,3,0.9994096110352944,0.9301126363076542,0.0882943745449442,0.42161033355853017,0.24720608,0.5445337502035447,0.27660692
135693.0,3,0.009759843580553275,0.04177727986500467,0.008815866592080338,0.1698099631692648,0.0071446863,0.022842480025950615,0.087321155
135701.0,3,0.06285977444833755,0.9721398894477897,0.16627900215255442,0.9555960582957165,0.16970812,0.5144236318686368,0.06715872
135705.0,3,0.010621220807562635,0.6250008098365623,0.07739647304989039,0.36602442902182886,0.09560746,0.258311331448683,0.003074227
135706.0,3,0.08102821237001578,0.8614220993632062,0.030656292973538328,0.9817084941256152,0.048200313,0.5918186872077238,0.38344908
135709.0,3,0.2096952751004281,0.3815779411983134,0.09275031077499732,0.5652295323462402,0.06323691,0.5139178657850503,0.20384757
135712.0,3,0.14365888532121993,0.943046356856949,0.2025710036824107,0.9201558234226385,0.23923224,0.5791599619660657,0.055281583
135715.0,3,0.0786673553394297,0.785402747350118,0.1241141070459179,0.30139691477658476,0.06251862,0.5230861050467163,0.12180641
135716.0,3,0.6868842805217413,0.9405558864518507,0.31870726559289136,0.7619636894858075,0.7144832,0.40865373194581667,0.04091191
135719.0,3,0.034688011753638545,0.7402131202934489,0.0415623578898196,0.7877680995972286,0.018120384,0.18000471089880735,0.014206169
135720.0,3,0.18855990323382804,0.9857556804594555,0.42096665494996227,0.9436948622877717,0.15749234,0.5876601313626337,0.03373601
135723.0,3,0.9999525974890312,0.40705629041033364,0.04668574624527585,0.9843598677403785,0.13202165,0.8496483901586813,0.40960807
135728.0,3,0.013933280619692468,0.5524773775166756,0.012219812246668075,0.8626674207469553,0.020102542,0.29673938313680814,0.037733465
135730.0,3,0.29568086967135615,0.16030133799189764,0.042788079580468916,0.3862697841796402,0.017222572,0.8690304777671082,0.46669617
135731.0,3,0.07918150091946641,0.8370317029716744,0.03061151292708607,0.9954824526934227,0.06911353,0.8671680488276375,0.5090656
135738.0,3,0.06423696232693164,0.5472697600622748,0.0452818696104478,0.8963521237527988,0.028547922,0.1551287499608953,0.14140867
135740.0,3,0.11821983646150755,0.9273050104146452,0.11001627112171378,0.37551616447205544,0.034493156,0.2274756025635193,0.05398073
135741.0,3,0.46425126834030894,0.9646917007695578,0.10255799859961219,0.9959506817302576,0.13752809,0.8675217355598693,0.6850812
135742.0,3,0.08806261054300453,0.7967839293414235,0.09917884580295061,0.7668920123130115,0.08372072,0.6193557903582596,0.3697081
135743.0,3,0.53807649311324,0.9466884350502747,0.03140177193489111,0.7360316930108909,0.12024738,0.7255258991966375,0.39717814
135747.0,3,0.06059473109845189,0.05356132322406762,0.01391669531642679,0.5824351081581461,0.0066539375,0.15030609582646454,0.021232478
135753.0,3,0.0361308397496766,0.1315195764912631,0.035575884630085375,0.8798749987356808,0.006902406,0.19175615284431866,0.07562038
135768.0,3,0.09490888142780723,0.6211368716437125,0.025504975074396447,0.5346679873783706,0.03741286,0.13373512793918216,0.08865511
135770.0,3,0.028430219624547712,0.2279758989796342,0.04490955140406335,0.3838145779078055,0.15512978,0.03183065444545635,0.020205129
135772.0,3,0.10036861117167953,0.6012203157752956,0.024949847425754557,0.9643910056640788,0.055208877,0.41317428833650977,0.36141932
135775.0,3,0.030076299048929722,0.15648143597417014,0.016051403658769392,0.35250325761806217,0.010305586,0.1853331828552963,0.005823208
135776.0,3,0.5917158443157043,0.6399758818335942,0.06923551459654906,0.2573320716861737,0.17744431,0.10315809899082723,0.016886432
135782.0,3,0.13326028081191674,0.5089180326116391,0.016679619562749833,0.9956385138400439,0.0137912985,0.543598068997753,0.22987007
135783.0,3,0.05895598083487713,0.521753506770453,0.06394477088623583,0.14999024503515332,0.038745813,0.2328500424768994,0.13465188
135787.0,3,0.22600646422020332,0.6667485120609834,0.043008176896522504,0.448979293671959,0.07797045,0.2925555678358892,0.03763075
135790.0,3,0.10805209505707289,0.8540224701202325,0.1490797659276047,0.9770954051960024,0.1949302,0.6762264356709244,0.43166047
135792.0,3,0.04795104408111972,0.4033922550262592,0.03479101476283202,0.2735686089208715,0.02390507,0.42088714738383487,0.040484853
135797.0,3,0.04872347042998635,0.8254154755611907,0.18415873246497216,0.6736356842309071,0.1778241,0.43311049514189337,0.07942069
135801.0,3,0.4316646033416309,0.624514791966885,0.06773138413245525,0.4534298011058142,0.15479232,0.4100077921668375,0.047092136
135804.0,3,0.7039391452728222,0.9659571769644495,0.25840590215738135,0.995253469594765,0.14326166,0.8410130746199187,0.19953656
135806.0,3,0.21465457458860165,0.8749391179131736,0.11613742943152712,0.9144449132249136,0.05050555,0.1656100316114073,0.01902326
135807.0,3,0.19662329533666578,0.934326182284,0.05983087149788788,0.43306122527468266,0.46551386,0.14173880329836358,0.023482785
135808.0,3,0.06497593392539584,0.35929776553534615,0.01599220815602309,0.44014908900827127,0.0068426793,0.23171227927148172,0.08073749
135821.0,3,0.10123699673365982,0.6234572950893812,0.021215312820279112,0.9723758409824503,0.0070406822,0.5149325845432072,0.28029823
135822.0,3,0.1747264902262874,0.9367339285982639,0.03272648724111561,0.9956910692850448,0.021341573,0.8322597333838027,0.3071328
135826.0,3,0.07900006057671762,0.2902342748206516,0.04951035753135458,0.413300052125972,0.07755892,0.2345368115562485,0.057122536
135827.0,3,0.09620755274108114,0.8213485127057768,0.05163246311108565,0.32950212343813845,0.032664377,0.264785025453616,0.008310558
135830.0,3,0.039923277854226266,0.07223337295951585,0.01076755898279297,0.211935326430149,0.017887825,0.016837813676158372,0.015122566
135832.0,3,0.11833584367272752,0.2672185454036845,0.03303293786725388,0.4839790733529431,0.035269286,0.19944683628716015,0.122214444
135834.0,3,0.0011560015129844796,0.36142124423482536,0.03258985934232718,0.6309861059517842,0.0062288796,0.10218132337617182,0.040648945
135842.0,3,0.2078911327501461,0.985441312454792,0.07782721589009964,0.7832188202056698,0.101600066,0.3604075654399421,0.10056168
135844.0,3,0.019202654903670437,0.022205649654521906,0.016540091573258486,0.18490513395050054,0.004204671,0.019249515868507393,0.010354217
135845.0,3,0.10805686046249126,0.33427395330125076,0.018391851106411398,0.5770845033193167,0.02701066,0.10334502810436862,0.019666115
135851.0,3,0.05963016991540206,0.2580476500118147,0.08009873080573521,0.37406969283005514,0.009773999,0.031565175088293235,0.012464912
135853.0,3,0.13656644110366298,0.48056172300056943,0.19038472789978336,0.4524332438611956,0.28725463,0.1647737215563789,0.01481928
135855.0,3,0.2669891871252431,0.9916749345672695,0.3012710639838591,0.31709744169459675,0.42307776,0.74158701107654,0.017158583
135858.0,3,0.021179075095150622,0.32740300672951506,0.3677051853745694,0.409923193687718,0.19680724,0.06837593982188397,0.047297314
135859.0,3,0.24496871223468758,0.4955263575747272,0.027338126159802842,0.5533140804395086,0.071707666,0.07759155697901053,0.012017763
135865.0,3,0.29211512969115944,0.8647067844517651,0.08310978056306105,0.7483980563225376,0.37017316,0.6271354345932919,0.018196672
135867.0,3,0.17860012767475883,0.9850597425198234,0.1850625621114564,0.569628155169236,0.08148495,0.09278837591558947,0.06987614
135872.0,3,0.6315368585666012,0.7927787206740362,0.11244745676859644,0.9962044523450272,0.1912964,0.747555049155814,0.059512105
135873.0,3,0.7263681946448709,0.876973945924068,0.14184379699818836,0.9808039364653536,0.33080423,0.8874599748703806,0.12302452
135877.0,3,0.4566881430989212,0.39803909050046477,0.08751903781839483,0.31042862286844924,0.16499193,0.7854139592177172,0.04350607
135881.0,3,0.0356525587573314,0.08712781250542698,0.01692253579355703,0.1429280379445832,0.003584723,0.11822310092784187,0.068238586
135882.0,3,0.041737180301969,0.1443287300793424,0.038719721967448426,0.9276219356919024,0.0056933365,0.24362630319843342,0.25190842
135886.0,3,0.14093478590153638,0.28369972033770413,0.009783216374612002,0.9203663325881136,0.008100229,0.7712601158786505,0.1738388
135888.0,3,0.04075642469454974,0.8954591149351465,0.024735742894822884,0.5298211725110742,0.00833432,0.2872846808612575,0.022532372
135889.0,3,0.07609812123475951,0.8282724421754294,0.06072953934336719,0.7170647921644651,0.04289964,0.42118385097304095,0.008962457
135890.0,3,0.07329455423712224,0.17832336253051678,0.04126554215059091,0.2053872794039982,0.03466478,0.03400457502533496,0.06641235
135891.0,3,0.045490258355177594,0.6965084710207222,0.02913823983083482,0.9554677288219011,0.018477665,0.22901483475701095,0.30424312
135895.0,3,0.08326880687660426,0.16257069568863486,0.008794848194880118,0.5458622808799343,0.0056721205,0.04526296839682409,0.013981613
135900.0,3,0.291521869827196,0.9929004720435397,0.1180590060862746,0.996592999530617,0.14112245,0.8960010279228083,0.10592621
135902.0,3,0.03941663114113672,0.7198226957201284,0.013201448135222832,0.9935882286266459,0.0146630965,0.054942105020438226,0.26268214
135909.0,3,0.5624426270999108,0.6355489616858645,0.022928728717023138,0.9971529345080655,0.020127928,0.5806076431975955,0.30848807
135910.0,3,0.2287163298504224,0.9278634515376807,0.07125986529396094,0.3509992488680076,0.04738527,0.34344562666166184,0.011835747
135911.0,3,0.8539823565798831,0.7058628231382313,0.11561049057295479,0.22238021500123267,0.06294961,0.7369316244049321,0.19064657
135914.0,3,0.1343521946445594,0.2721614155407861,0.07289960953209704,0.9879047681297699,0.056455858,0.6483733308851273,0.10632816
135919.0,3,0.030587510341061844,0.373046634660363,0.09971095293384681,0.3470516782652265,0.052181143,0.3764035302082999,0.03990186
135920.0,3,0.014041761432490084,0.1213466852740633,0.011954805995753935,0.2814434446391251,0.0055452054,0.17736668185741872,0.014475466
135921.0,3,0.03885755215504289,0.3073819252024778,0.02449253283662568,0.42930977067336756,0.081284605,0.10624128979038554,0.09740907
135927.0,3,0.12074453736380705,0.4111846620594863,0.04043662578384668,0.31433993522091824,0.011892391,0.4240810388497632,0.30745813
135929.0,3,0.8616099211641411,0.9267319787513705,0.19331415919683484,0.3491460289319503,0.042143997,0.2867630499754914,0.024198785
135930.0,3,0.15710418830773662,0.2722060738916679,0.028392830228648535,0.7747936048349893,0.012697793,0.014330899900191181,0.020274173
135937.0,3,0.07122790115208387,0.47309255231767494,0.01610527664048343,0.7176799885093126,0.012085,0.23274965275495807,0.534878
135938.0,3,0.00658137453289336,0.05200466806661863,0.00922725470259662,0.2743222717264894,0.002283342,0.011809799923214202,0.010859071
135940.0,3,0.0356423718979436,0.022633594759222393,0.02494296254884091,0.4566812322898176,0.013889553,0.04720460014178307,0.005164212
135943.0,3,0.04461367300636975,0.9667596616816176,0.16085330996048303,0.6401514818660267,0.06755962,0.3467756217236164,0.19737953
135946.0,3,0.7872850247831237,0.8698923822747361,0.35354532230910135,0.3210247558687998,0.15694092,0.8458158527859124,0.2703502
135954.0,3,0.014694941054178064,0.4252588536232245,0.01734718862352173,0.6873249423684337,0.0063616536,0.142818157109158,0.009442626
135956.0,3,0.037690893825128774,0.498897933423996,0.025064491312434326,0.8276901854730448,0.03745941,0.25855426593315345,0.07891023
135957.0,3,0.3007953873928972,0.8766108849208648,0.044699703943501756,0.9972317659423683,0.096698485,0.90379282803393,0.7326167
135960.0,3,0.2629754182346269,0.9164218826596835,0.5644737685114228,0.9973730883828625,0.2308017,0.8187758101676812,0.17976552
135962.0,3,0.1390944227249335,0.34058581798650195,0.019436699114995414,0.3685673141311645,0.045175582,0.5545352993619045,0.10669528
135968.0,3,0.4393038246794585,0.7434464357479202,0.09555792193920516,0.4214665054566725,0.19175555,0.4688428955112992,0.069865935
135976.0,3,0.2745489759758879,0.17740524810529684,0.16464471684965376,0.5933365352197122,0.0653483,0.33958452232572683,0.030787101
135977.0,3,0.21141609942568962,0.7437396855187169,0.16914332626946565,0.9566319432425217,0.20795965,0.7733276198038608,0.4912012
135980.0,3,0.11033700075356577,0.712427508080792,0.026263070209278472,0.9843188958996271,0.026143001,0.7869861118004623,0.43079016
135982.0,3,0.1274656687776735,0.18313432205737737,0.09850845313877779,0.37705076700080387,0.06704815,0.3249957683751302,0.58011764
135983.0,3,0.005461919147109104,0.0220115969145875,0.0022735276412060106,0.19389029352170567,0.004543648,0.03550472677224114,0.042266905
135988.0,3,0.19264451930978685,0.2657882560794015,0.09712788935769347,0.4193611957023474,0.0524996,0.15087783936813626,0.04471193
135992.0,3,0.00915652522150614,0.3694593179526681,0.09598641706114724,0.2947367469963989,0.33636364,0.09296677348862617,0.03533318
135993.0,3,0.20190540071845625,0.6119505064918879,0.07641419342924144,0.2654578791157411,0.042425007,0.7397360303576046,0.17621942
135995.0,3,0.2965984397190594,0.7126019196119372,0.11271900461780647,0.36034307268969457,0.31175753,0.3628811699400162,0.0052795503
135997.0,3,0.009017124653675017,0.06397992975957213,0.007390068825940467,0.9545051562889915,0.009318791,0.2416240346476476,0.105895795
135998.0,3,0.009781925113512674,0.06404515546408582,0.012956118341432912,0.19012254928801808,0.005593014,0.04667510207292851,0.1772864
136000.0,3,0.0022414014647207637,0.530302167248875,0.011406700541004972,0.5040699761237788,0.009516537,0.0507005397596509,0.018845897
136002.0,3,0.6899772631499567,0.9530659224312756,0.1668408407387226,0.7348922032539948,0.38191637,0.4001888366606409,0.24473087
136005.0,3,0.8762805474668826,0.7217267106019243,0.15052373076328043,0.351602764086601,0.14592128,0.9325649203842764,0.6188493
136012.0,3,0.9995348476655771,0.9075125098188425,0.5335451256544166,0.995914799605019,0.23370668,0.22412236891224327,0.08559309
136014.0,3,0.007698241292156732,0.0747239354274304,0.00717026882747404,0.15270045615929018,0.007913586,0.0840323491405011,0.1645013
136015.0,3,0.006689574271924206,0.12190741795346767,0.011357012321583856,0.2597937429990267,0.0021517188,0.11053002301413443,0.0070947153
136025.0,3,0.023807841204049933,0.07964928765728921,0.008930752133670105,0.7943637931973078,0.0031169103,0.048435444524973226,0.0076888483
136035.0,3,0.4143525463563116,0.5480406377181454,0.4574619939126561,0.16003015031946702,0.068958744,0.2376459082507102,0.027526807
136039.0,3,0.02879841890369679,0.26383803434655345,0.017886435255329684,0.946609967931067,0.014477146,0.5736101394513408,0.31085047
136040.0,3,0.22579248208743008,0.17445735785810149,0.010381997311407829,0.5630976016533801,0.007287339,0.796320299785092,0.13444486
136046.0,3,0.034924403173861945,0.5267090749462171,0.14345914453601233,0.5015328670257901,0.09139697,0.327756849573531,0.063870884
136047.0,3,0.628798388409244,0.9254650741758944,0.9991149864643868,0.26507882371651675,0.67032546,0.5948484582969258,0.019088438
136050.0,3,0.001294752945512149,0.04310458668086971,0.00723096127331524,0.671192401194199,0.0058264714,0.1326426200663262,0.07009028
136052.0,3,0.1692874171679609,0.6784357262712835,0.1627464196256491,0.616667508826193,0.13394998,0.23109002405076715,0.067873314
136053.0,3,0.24032601694623595,0.947644271114793,0.262026947644079,0.6890302708066942,0.04676685,0.36096765142418674,0.061905682
136057.0,3,0.9998468683838735,0.9655303454097772,0.4531994895680294,0.9962414263880359,0.4349627,0.9022021199247123,0.31162047
136060.0,3,0.07832427936961711,0.7149584188156194,0.019250672206570743,0.9861703808733913,0.021835454,0.37084119160871365,0.5671899
136070.0,3,0.9718951638567437,0.8712897466699512,0.08024999469866761,0.3507391959318352,0.06253534,0.8911835595676548,0.27245858
136072.0,3,0.9938855033244405,0.5874135910707027,0.04566091034188902,0.3480013125127563,0.13772926,0.683313864294582,0.040141925
136073.0,3,0.1391901281994558,0.9253735792452148,0.18240221629797357,0.7035406604069009,0.04527182,0.3350982332168975,0.20051663
136075.0,3,0.017797841351810846,0.4253600636816072,0.028939434213649043,0.9955347361726268,0.08338824,0.5383016869733884,0.27922675
136084.0,3,0.172793596374589,0.41726231638001776,0.03081269385386665,0.9381139618599079,0.016363397,0.038900423670116015,0.07252526
136089.0,3,0.03152379672825554,0.27141851650859006,0.06796034248412829,0.2144281678134103,0.03724077,0.03555678999232243,0.021823116
136091.0,3,0.36814493212410815,0.8724540175815965,0.07758559277783243,0.28762379341524136,0.0809966,0.6713161825219458,0.018424025
136092.0,3,0.004534216478851633,0.14825972664206466,0.0106892302053075,0.8659280902535131,0.029675337,0.2792489416158914,0.10777033
136093.0,3,0.09527376107349475,0.9872835178784286,0.07289865944026198,0.9963057431727432,0.14182678,0.4781785615624475,0.08339584
136094.0,3,0.1484568379910961,0.5626463433861829,0.1078216678769136,0.4810776599704618,0.052350454,0.405483762441526,0.04179452
136097.0,3,0.08349248385175999,0.3707423047892161,0.023594150664463336,0.4675631972643102,0.0067018406,0.2526060852380552,0.035415135
136107.0,3,0.23351922968754396,0.9647807730169776,0.10858871383516959,0.5289813723664316,0.12782824,0.18452658443199632,0.16069831
136114.0,3,0.08536626508215854,0.9796175259277803,0.05377318327589932,0.7586143689475463,0.08544058,0.2301142544778129,0.07403202
136115.0,3,0.008712000285947938,0.03889599454775519,0.011062137440136252,0.37795585217271543,0.0031097888,0.10481460333538363,0.021786323
136118.0,3,0.25807394185448373,0.45382615590545694,0.017274913895470995,0.996215063981491,0.012378438,0.7764923990259592,0.27309707
136119.0,3,0.4190742952038662,0.920352360632793,0.06987687906124748,0.5305803381947358,0.1262961,0.7694370440045802,0.10036804
136123.0,3,0.027473531647977983,0.3737278739350186,0.02742821036139017,0.47607165793879946,0.059421323,0.09058822753232515,0.01118111
136127.0,3,0.26411114209533765,0.8788352821124731,0.07979590706645849,0.9138923187074159,0.14926462,0.07583981938029473,0.06786176
136130.0,3,0.08442837119743568,0.2866304182492541,0.01150413141269735,0.22177844884677925,0.034258794,0.042509991076564634,0.017116632
136136.0,3,0.7943747847933775,0.9213028485173558,0.16281640586289847,0.20531392971564885,0.51336986,0.5140714570259638,0.033144448
136152.0,3,0.05681443091218022,0.9172911897244317,0.09666309528768104,0.5074030894663708,0.07852068,0.20195714273184576,0.0314121
136162.0,3,0.06457223388321497,0.6319990707700844,0.10737837109794612,0.6090725078748465,0.017620733,0.35640411833561386,0.003258947
136165.0,3,0.5647730353940047,0.6507121843007658,0.06281698202438349,0.33246061449508696,0.02972684,0.7741169154619453,0.39759564
136182.0,3,0.8297419574396957,0.9656549284211204,0.28513469041824613,0.9954779851747199,0.09921794,0.6669688101526529,0.20787504
136186.0,3,0.06404293439529607,0.3478814016138336,0.03674119501569858,0.3424823093774398,0.29904503,0.06312289262335537,0.0862565
136187.0,3,0.07289864441143143,0.19836091134344502,0.027353474882018367,0.25719361892994586,0.013942265,0.6117563696314157,0.15546317
136188.0,3,0.059336860026088706,0.09970135207887232,0.025328974219899016,0.43753184285343044,0.025178427,0.023764019938876804,0.006148894
136189.0,3,0.06684439341952621,0.6360849922900276,0.0280635643847506,0.5180014557299493,0.011250044,0.39347340312626133,0.034711666
136192.0,3,0.03817856557930108,0.17839545120578018,0.06197305426439965,0.24128188696711145,0.072969556,0.022466246899338634,0.0034207674
136195.0,3,0.2704886054786431,0.8738531048752455,0.10870629766038473,0.37891109879080154,0.079564065,0.45571952694055773,0.008057356
136204.0,3,0.8209680998663492,0.7912321067991241,0.030784959706907884,0.7942428145543124,0.07671893,0.8916763933255438,0.33368677
136205.0,3,0.033867431832238684,0.2152351878018842,0.02521657999722454,0.23509199558935884,0.008611224,0.09551161784975551,0.24214175
136211.0,3,0.07919779895124475,0.7675048774984615,0.009478547830919243,0.9965083680574315,0.032358103,0.7792828683413884,0.4890257
136216.0,3,0.8555221263116183,0.929623448193026,0.8054947601241768,0.9944716092273653,0.29219484,0.3601792717256344,0.096413076
136218.0,3,0.020907850225545522,0.047759373893721986,0.026649149151836377,0.37083551846374174,0.032646395,0.024340220447778504,0.012295342
136222.0,3,0.005332255262719311,0.0388780461513952,0.023008694041599494,0.4408494356840713,0.0017852605,0.05912100320366344,0.020721685
136231.0,3,0.015988973181058824,0.19704258116213821,0.011852153217645612,0.4286187056532924,0.0055878763,0.11661109652425397,0.017073799
136232.0,3,0.18496688496271774,0.4274428907385374,0.08728689577356538,0.25291784611139473,0.040101204,0.06663083479933114,0.053197946
136233.0,3,0.7178982104864654,0.7640851661765934,0.2254007273950335,0.9795052312256038,0.40851298,0.7779157265644822,0.10878668
136240.0,3,0.18860688747740767,0.6090224426424204,0.17337242052032603,0.8267177971837513,0.022325093,0.19519204655224862,0.08132283
136243.0,3,0.010614397496260187,0.7220386020829179,0.011990571130308516,0.9112563959211137,0.019555882,0.1198862414526686,0.039411135
136244.0,3,0.07671004580828497,0.37262374494432093,0.06530918521049078,0.7703733899298023,0.044341043,0.07747474035808798,0.08849885
136249.0,3,0.07102652865129525,0.7865896972461759,0.04152671230645739,0.9833675645750386,0.042450566,0.7858742143227163,0.16552833
136250.0,3,0.9997628828797533,0.8871135784043319,0.09018308961097497,0.9951785251908736,0.11649609,0.899781016006385,0.705866
136252.0,3,0.08321155229619395,0.6796961949769575,0.13041407506179706,0.9967886179811987,0.05989834,0.5857031417830677,0.42786884
136256.0,3,0.031557071920236095,0.6983934123501396,0.05566056154167293,0.7361923535653759,0.01579888,0.2063295433484617,0.042210203
136260.0,3,0.035853467115747634,0.17732407439208014,0.017991211994449644,0.4835489106702985,0.01164156,0.07025808767574655,0.058215443
136265.0,3,0.038798882175350206,0.8290497112833186,0.5453472510271367,0.31092060233661706,0.71244365,0.42846481811378107,0.0098966155
136266.0,3,0.4726895614810065,0.050785594056706615,0.02361347698468232,0.6318758268345617,0.01861644,0.3382351547457165,0.25656572
136267.0,3,0.025049006282922108,0.027694842336314203,0.03537362197415364,0.23343938041507212,0.0077547412,0.018248109901648456,0.007046125
136272.0,3,0.042028439194338185,0.2139750373228782,0.044741012919298,0.5611254922676183,0.0314246,0.13523330615775703,0.017287688
136274.0,3,0.014799085978458151,0.3213324348668488,0.017093154997611888,0.4131322340193742,0.00886018,0.020850216631656315,0.0055665635
136276.0,3,0.9648945305736597,0.4342597205446503,0.049580083464580885,0.981713558130069,0.37640595,0.7119028155736064,0.10377834
136278.0,3,0.14054237762277547,0.9187200199021297,0.011883563819264607,0.9972174048106565,0.09670886,0.6756951698015895,0.20950343
136281.0,3,0.3577608552288222,0.5275298089817145,0.017749387770730162,0.5918762455618507,0.050914396,0.06893458932680033,0.078296654
136285.0,3,0.9139061165894633,0.7551740278996395,0.024791677980336962,0.9492657944492988,0.22533509,0.6564245368012966,0.17164966
136289.0,3,0.1653603137621698,0.6265266807922851,0.10170893235918421,0.20246292699001595,0.2493947,0.3771254084017663,0.04729612
136301.0,3,0.03994542853136231,0.8020939036337633,0.0349259727473252,0.4471463611238102,0.043687455,0.33006201479026215,0.18735763
136302.0,3,0.10394925264496224,0.5268849292638649,0.05908289436836919,0.4306862705974106,0.031834546,0.3290031321771237,0.0466533
136305.0,3,0.037112540754249,0.015645601914948574,0.009075522654369684,0.17293322475747303,0.004686133,0.07999581336489436,0.004103297
136306.0,3,0.0768092127490291,0.2836101277772293,0.056752044530674305,0.5144805823115558,0.08325565,0.01927061253409099,0.014478131
136310.0,3,0.13232546947854054,0.9626439106835931,0.11551101780197318,0.6174919686065811,0.073621,0.20526094877287765,0.0027685447
136312.0,3,0.026757929227635775,0.05983771436531337,0.008013894015691385,0.38581113117789817,0.005077683,0.026377659191321068,0.0088792825
136318.0,3,0.08109195314092604,0.9011359991178128,0.03990031466649713,0.9970141315829585,0.09023947,0.6692609189978604,0.38610607
136320.0,3,0.009558095884883011,0.08265051475602683,0.030843315571751583,0.5243566219276111,0.017490054,0.08495582125180164,0.02627595
136321.0,3,0.9013224728865095,0.934168638081211,0.3633439417485358,0.30153962621985086,0.66458493,0.8988513649917579,0.0756067
136325.0,3,0.7715113003217713,0.9662103600929061,0.7014950857766693,0.9645419028854005,0.40179577,0.7052243226628144,0.026301458
136326.0,3,0.5877535815715457,0.9254367167022274,0.08580623950846691,0.996308312926439,0.06322281,0.8960982891781918,0.6739793
136330.0,3,0.16847051156140322,0.3325733464837784,0.3984131776615047,0.33843588794520585,0.20586474,0.06660995343010644,0.012529011
136332.0,3,0.035768127221434715,0.30695286316438886,0.01749144069455191,0.5494342301402495,0.0053371415,0.10645598525572385,0.082365744
136333.0,3,0.0025880448759408353,0.13206117229026842,0.010204332540447298,0.4989975072874652,0.016617285,0.07305053177303768,0.03463934
136336.0,3,0.13319555447412607,0.6127655678084313,0.13096265913058402,0.7959350726370629,0.03962218,0.16758886219056204,0.029952489
136337.0,3,0.035345691003546995,0.11183333902756473,0.023624480837678388,0.16486953289272252,0.0062229703,0.04435718183541496,0.0064990707
136339.0,3,0.9999824253650801,0.9549734125941401,0.0185948037151156,0.9969782084639186,0.054296575,0.8294701429056771,0.6005308
136353.0,3,0.04444292985283796,0.12322184213451999,0.09586966177141984,0.5443858189853218,0.015466283,0.09127767373812025,0.0059185494
136354.0,3,0.013381955404146502,0.22368275635005722,0.03824502663661861,0.9248657262629101,0.0048638964,0.07191451031079746,0.021199862
136355.0,3,0.985786558570354,0.46004282925796314,0.025774967941900307,0.9731092877539552,0.071740806,0.648282475413495,0.32749224
136357.0,3,0.017610805284517164,0.20864099450755658,0.024964923065258965,0.40579447972068006,0.012286288,0.03915566555643617,0.012699317
136360.0,3,0.016102307877231783,0.05973670500119698,0.014573488599443303,0.23307890831675587,0.008439535,0.01090823012524217,0.035594657
136361.0,3,0.07257599628316151,0.9566786475795348,0.3580817498692834,0.5889332255194467,0.05202361,0.10815552642492117,0.16580409
136366.0,3,0.016665530071628618,0.022169288351185132,0.014501875761772063,0.47067431358916506,0.0012113567,0.02236244247796337,0.008596496
136378.0,3,0.012795637063321446,0.07360370269629506,0.01857891612055712,0.35720179569344557,0.0018356381,0.1469171806183763,0.014027039
136383.0,3,0.47626347213874015,0.6851577959947427,0.16553295384223918,0.2549211288918389,0.6907603,0.718172736317084,0.17889865
136385.0,3,0.49385107104170356,0.9426877263550174,0.49542304261254133,0.9953648238201263,0.2656248,0.7480775158281681,0.5012877
136387.0,3,0.3624124628544158,0.8361696519675099,0.11130463885447689,0.5453210740702157,0.068568364,0.5236429140848194,0.024717344
136389.0,3,0.22773691418741318,0.9474480491836186,0.2208903155625891,0.974965836460713,0.2934868,0.6076602651515344,0.05075941
136390.0,3,0.9807598984208671,0.9405079816499246,0.9187009649235213,0.9762307914562444,0.508554,0.9248020718058777,0.112268366
136392.0,3,0.03942449373421792,0.17167443529349566,0.02723873270592265,0.6589858392625579,0.017054588,0.05934142529157332,0.023400437
136397.0,3,0.010309458644695563,0.1972864464247389,0.009588801580208134,0.44415992931300924,0.0045373677,0.438269216386439,0.024120055
136398.0,3,0.027203490594154923,0.8175013142621889,0.08009930669608033,0.9777787220472912,0.17844218,0.8377309979798953,0.46865317
136405.0,3,0.14864267432342831,0.9487201749749126,0.08286703688111949,0.9960225381034926,0.056669105,0.7577815674040642,0.3052983
136408.0,3,0.440918273651031,0.9121138648459406,0.10439289149334519,0.9955014827709121,0.082892574,0.8599099809682776,0.5076436
136410.0,3,0.00780501764536445,0.07283662702577014,0.011737185564778117,0.19943234143068372,0.003800089,0.022208490333881736,0.0019288328
136415.0,3,0.0669882991538913,0.7747596439657617,0.16621124332298315,0.8737861662420665,0.35554868,0.39717700179799115,0.078473404
136417.0,3,0.041324905142838896,0.21407435720873275,0.005461520271074394,0.1165157505048775,0.008739574,0.04545066069412266,0.10929502
136421.0,3,0.121533965613951,0.484052988010279,0.01002775508730694,0.9773197590897236,0.0036907343,0.44608593710747607,0.37956208
136429.0,3,0.06951156326326081,0.25289997247993257,0.03008081690204116,0.287610153181917,0.022926096,0.16674569927868998,0.03504458
136434.0,3,0.19978297751711235,0.9291917534962779,0.024245187393304623,0.9366032364229905,0.041675005,0.5904251997307245,0.2854957
136435.0,3,0.018991894898963305,0.014105100557381274,0.00653594454417237,0.07142470734573401,0.03318477,0.014753756428116886,0.037230812
136437.0,3,0.2120511794045393,0.1958460748236559,0.04606050046403611,0.5951727138158969,0.018740213,0.29105625311904465,0.16185257
136439.0,3,0.027695319967475998,0.03343519091940412,0.009291996786332066,0.19805983832100563,0.006542763,0.020104824440632125,0.014108619
136440.0,3,0.22295551488525292,0.31492537403556053,0.555221546303868,0.5079963184499596,0.14659515,0.09047431959081614,0.008325729
136443.0,3,0.25856174673649623,0.9521585176919407,0.10583992153164475,0.9953886923360756,0.5587929,0.19603343312584326,0.09227445
136444.0,3,0.06664525289490125,0.8060869128522333,0.039000965675355194,0.5227732084631052,0.048180684,0.3615532828942328,0.33116737
136445.0,3,0.347070179813532,0.9013429011927375,0.10243721106088065,0.38025129191260787,0.09045762,0.22785470932295737,0.054376118
136448.0,3,0.8829063776103931,0.9765136192792397,0.2572068013813517,0.9940922359037114,0.17653787,0.6929839147999629,0.20823742
136451.0,3,0.2362171140516847,0.49930429295655004,0.11834900659777844,0.4310750546102323,0.07680368,0.5876848026112296,0.010551594
136453.0,3,0.0553381606230999,0.29883372147966425,0.007040914433225313,0.9467202750377601,0.015417268,0.13481650993638541,0.014206843
136457.0,3,0.10300171334069942,0.27860314139904524,0.0481819409928122,0.3763446207901498,0.030329332,0.05815095891503511,0.006790806
136461.0,3,0.001701498358966303,0.017424737987402288,0.009459359656077021,0.2231217945009054,0.003308505,0.11164546597419353,0.010091883
136462.0,3,0.01941685142230813,0.033913578571159134,0.01375497881871867,0.41477742304619125,0.0032777318,0.07009897335982813,0.012317285
136465.0,3,0.014155856039637944,0.08896196471488807,0.02360690028108775,0.36297756671328585,0.009072833,0.04514110242185813,0.0037749112
136466.0,3,0.02314265454548993,0.23048315101805497,0.008726987760883369,0.9780412779842556,0.003932225,0.11320971715107582,0.027217204
136477.0,3,0.1683278150073924,0.4765429531980326,0.00937528651746975,0.9631943479994202,0.05717702,0.4499953287270775,0.33189708
136478.0,3,0.999999964622131,0.899252559558848,0.14647729218769695,0.9964577102721219,0.14363876,0.9254816780873462,0.26205075
136480.0,3,0.010163924329539217,0.10087294242930288,0.011149624599188905,0.22367626274170152,0.004524715,0.026982190029451264,0.0029371781
136487.0,3,0.42766113376879034,0.723482634408068,0.019096007374467306,0.9866283257120174,0.015412014,0.6868815297374562,0.21766575
136489.0,3,0.03810198099056312,0.09329921697604586,0.02792926963293001,0.20433374077389516,0.006360864,0.06100178158751268,0.06620596
136490.0,3,0.30582045419034454,0.7347195738638308,0.052487483707691865,0.3070486629228807,0.032377232,0.5776952341348058,0.32340387
136492.0,3,0.5790240250555287,0.9169893592194955,0.1317496923544104,0.2396840521442224,0.028266426,0.43991761174966376,0.26072505
136496.0,3,0.08258873820386942,0.21249206893568076,0.02006157598719066,0.5448099952025159,0.031042965,0.06539620324100957,0.07774982
136502.0,3,0.009315066263002785,0.4549235760073686,0.013147574071476353,0.31058407794075404,0.0036165444,0.17853842983245086,0.043665756
136507.0,3,0.31309521001940843,0.8657384379038447,0.12723316051778022,0.465457524020137,0.23533352,0.3019947863456537,0.013477662
136508.0,3,0.046681794005929984,0.5905270809978074,0.02550676297830237,0.6133235561814406,0.03633912,0.22411867173271158,0.029424928
136510.0,3,0.43796674293168936,0.39181378225891234,0.030069545977389676,0.9867483889686792,0.011606373,0.6821426988314951,0.05957064
136522.0,3,0.002707472488294386,0.010864703412057876,0.003812359797091208,0.11804545799304467,0.0024608008,0.03631823240769607,0.009271766
136523.0,3,0.7126400761045891,0.3391284319399404,0.033492061842839094,0.3182961748112837,0.06690255,0.5950571605382458,0.027362537
136525.0,3,0.9992226313455813,0.9771539346562225,0.23021718373125488,0.9965786998307825,0.27142924,0.8486765657633294,0.3197349
136527.0,3,0.05610888381772929,0.9745342340954786,0.2651929373460939,0.6252414234038463,0.1155408,0.267267154597315,0.10958225
136528.0,3,0.024048693214616428,0.6975550327677249,0.006660921425113901,0.8979479491815998,0.016227044,0.06941725107153135,0.11529917
136535.0,3,0.0374920449692057,0.4385998438493815,0.03840767916909255,0.5693169387841416,0.031004349,0.12469188946577862,0.06834687
136536.0,3,0.03619377207659863,0.10459723167222058,0.027472053995649802,0.6969068519126826,0.017202834,0.25180793085710323,0.011718395
136537.0,3,0.005792253642117517,0.13502232400765787,0.02911809942424983,0.4780448208915022,0.01050326,0.18759785311979932,0.44510257
136539.0,3,0.9869137061135129,0.8266740196342867,0.6307532745617197,0.9771557087287166,0.81350106,0.7243778740462475,0.090024255
136541.0,3,0.02807470384581984,0.03764904900939787,0.01645608270238276,0.44215077156321625,0.012633947,0.018163300298239392,0.0121829435
136546.0,3,0.2804288810259744,0.987592452501023,0.17359175840840416,0.383051022306003,0.33218372,0.6706007621461526,0.3444523
136549.0,3,0.09702651818732186,0.31485905292838373,0.052470299172694,0.9644835220618735,0.016656173,0.1478059927889821,0.054932214
136553.0,3,0.04013131690605686,0.13524644809504283,0.01257354314408556,0.37484461668137686,0.00685133,0.165289433851313,0.091135606
136556.0,3,0.09033167962360053,0.2608496548170453,0.13058004869325399,0.43448351241834715,0.051840756,0.08083663141702338,0.015440122
136560.0,3,0.12919245138803723,0.7285044587370181,0.10240487451772572,0.563625310764459,0.0569287,0.14154951593141135,0.0061439127
136562.0,3,0.039105602584471134,0.9204892516113243,0.38580656043807093,0.6884601837128167,0.11405851,0.7819105893289567,0.13257363
136572.0,3,0.11869524521512388,0.5184756442754871,0.15259283964590625,0.9861360332890967,0.07623789,0.1129103540167888,0.050695322
136577.0,3,0.13369826303831334,0.6058249383764933,0.07868086319868275,0.3460595273890898,0.070803575,0.3840568288989918,0.1854481
136579.0,3,0.22695105309632754,0.9573296405200319,0.040144013267366205,0.9971165541655821,0.031037606,0.577114720718604,0.07314
136583.0,3,0.13213089338106754,0.7192564512291417,0.08848280561961476,0.4364859465064021,0.10982035,0.2459972438723999,0.0033098278
136588.0,3,0.2660508721275046,0.9478172892531788,0.08537307827157108,0.7460210742481096,0.046868704,0.4351960626763074,0.006158494
136589.0,3,0.20936952068469275,0.4797527309146337,0.1264667817433922,0.16743444557002304,0.05438714,0.4515737143741504,0.05068229
136591.0,3,0.0616600449857375,0.9630935665217726,0.02520070253174911,0.9157028091673775,0.022212375,0.416400488556253,0.22724895
136596.0,3,0.2853053574050416,0.9215664929932756,0.05524254403590614,0.5888424919231223,0.18952797,0.058703673477576816,0.047262553
136599.0,3,0.3423064120851165,0.9421094924201455,0.08918599543199411,0.9974143224013804,0.23243889,0.9027692453097717,0.33727607
136601.0,3,0.09495939648928663,0.11237875130040303,0.04462345659249738,0.5056677512737819,0.009734983,0.1408083701722395,0.059687585
136603.0,3,0.02862810654302209,0.808515145443025,0.05479785186437065,0.7479042749326946,0.0360444,0.2604350823042261,0.059957687
136604.0,3,0.057535593075481575,0.19366088591746428,0.05793816135591912,0.5342335036038951,0.08787759,0.25631619966751684,0.0024631289
136605.0,3,0.01808562051969991,0.7142833852239598,0.04459601324713285,0.52741470368085,0.05636138,0.10864292595687784,0.1204381
136607.0,3,0.9389852478535612,0.6942277216874415,0.5074621779390833,0.9267697201755087,0.43896538,0.5258767060621355,0.31503114
136609.0,3,0.609181640291042,0.4906136314295556,0.010198674765802393,0.9765010324442572,0.0067578247,0.6658205608551776,0.11805308
136614.0,3,0.030741570488279975,0.8942537846567978,0.09866291704420833,0.5963192532869263,0.39652508,0.7486530219927181,0.05326254
136621.0,3,0.08867837097035071,0.9005579910160543,0.11663941324594979,0.5820681905948782,0.039985985,0.2491081206081264,0.020505158
136623.0,3,0.06961422208190662,0.08915937234160409,0.030446364766640126,0.3743516361852994,0.021011157,0.13728980343189248,0.039257888
136625.0,3,0.013010052974952911,0.23719906063153476,0.007096700528778168,0.782547634767946,0.0136408,0.28252437910054906,0.1169882
136628.0,3,0.13576272169827414,0.8333139780030918,0.0992086102870101,0.5129242557639909,0.016969204,0.053550443728730635,0.0076746033
136630.0,3,0.02721325575439699,0.2214829904572611,0.020697859949167088,0.36527118593155083,0.009389179,0.24562373769250812,0.0068313335
136634.0,3,0.04675210048224533,0.9758472926444862,0.4295104918961961,0.46391155808409523,0.20145401,0.06078262893876226,0.020249356
136636.0,3,0.018546416805955555,0.06413867286098297,0.020265359273602575,0.4719690154383464,0.02066861,0.01285423656778484,0.017798044
136642.0,3,0.033575996340135444,0.20184633416029088,0.006415157361536461,0.9285996988978278,0.0039963494,0.1061702105412617,0.07361048
136647.0,3,0.16087720947843323,0.5592234976886061,0.07003051906411703,0.46088471719442287,0.1367234,0.9057449380550489,0.3124477
136650.0,3,0.19423757861896795,0.28785665129038773,0.0337713448247813,0.40552691414825714,0.06936457,0.023155632063804332,0.085142754
136652.0,3,0.38344883167593313,0.8938897281065914,0.20063559368308675,0.9971669141743692,0.2732167,0.6923811654741784,0.17664367
136655.0,3,0.11215253668108949,0.4990430559171084,0.12423846357460841,0.46904505953385073,0.047699526,0.1319404750201476,0.06576725
136657.0,3,0.0765041681346734,0.91399904632084,0.011750620251715204,0.99658598676241,0.02721406,0.8234643851935605,0.44537833
136660.0,3,0.12542617488913088,0.44684839324947484,0.15591038362759843,0.42049120109003135,0.1067323,0.23840401519416016,0.0058053634
136663.0,3,0.03736521921255607,0.5737546536313053,0.07494863472463083,0.6034704489115413,0.03296504,0.0740687336945934,0.010231788
136668.0,3,0.0766870025312738,0.48832440797256577,0.04276747132361149,0.9892635194626476,0.033560317,0.6926402030498008,0.4580887
136675.0,3,0.02764826521648736,0.10336622523759507,0.05913327630473951,0.6494273304738248,0.04488179,0.026669614181413247,0.008798832
136677.0,3,0.6223493130413288,0.9811326724688623,0.08521840195241687,0.36950317607098027,0.11927651,0.36110051024284745,0.018416075
136682.0,3,0.11276712525885728,0.9382550410243561,0.10293678146705774,0.7638116665662468,0.036569063,0.2535658887925221,0.012802609
136683.0,3,0.2413053063541326,0.6821620145758324,0.08815275217603308,0.3809356266997802,0.16792344,0.430964695385984,0.004525256
136688.0,3,0.012365602714339088,0.014317578363424139,0.0033704407445766956,0.1363725589410958,0.0054177805,0.010520804713893673,0.0053273616
136691.0,3,0.4457677967257803,0.854123138277074,0.08124442644094872,0.3665068571667436,0.47783068,0.8088846544238614,0.0650879
136697.0,3,0.14835874552576797,0.1911139722121706,0.020883058572323646,0.9745050256285767,0.026185282,0.15264161356642997,0.02981679
136698.0,3,0.032303198872983226,0.27303007325484413,0.012052742144436981,0.6285252372628903,0.013931537,0.28902195465186326,0.20147546
136709.0,3,0.06337449672285998,0.8661193381095527,0.02650151310627106,0.6737215766886483,0.02144704,0.10384529791460508,0.2510594
136713.0,3,0.1421890669084976,0.5560461002252368,0.043183528608663806,0.6064988331837389,0.028755674,0.06751349901994487,0.028740156
136716.0,3,0.10231009189684646,0.6900739703543411,0.06678206305045206,0.46809156869174035,0.14180525,0.45778317674044533,0.004308058
136720.0,3,0.21154805863258064,0.6720382104023802,0.1105220868186941,0.982740026435708,0.05979523,0.5593353664803237,0.026933184
136723.0,3,0.12477574560570912,0.9251709806359167,0.20009881680327157,0.2660151975821612,0.069437005,0.5271025721749967,0.04990738
136728.0,3,0.08549576772917926,0.6225543365892877,0.07491051802766738,0.975830601784051,0.0791985,0.5054668776608917,0.0427771
136730.0,3,0.9478151698707884,0.5251824859779576,0.041984414400383835,0.9493613844642642,0.34016412,0.24701927589966052,0.031372625
136731.0,3,0.01640887325102084,0.05844411671374349,0.009896359384533709,0.3717328624773252,0.0025688587,0.08091339159035205,0.020816125
136734.0,3,0.05100975445075155,0.38688418874228664,0.019488404507726678,0.7732347760176366,0.008345788,0.1688094489535369,0.13641109
136735.0,3,0.6526881433528062,0.9761239347088724,0.22624883188249417,0.9960433399040068,0.5743919,0.8836424431584988,0.077325836
136740.0,3,0.07981720952178756,0.437171116882895,0.04895730745020395,0.5745191458719294,0.058403306,0.27249474263781615,0.11249699
136744.0,3,0.051052448224352384,0.0737625446234476,0.019645430977649782,0.4389601103133252,0.005678964,0.03187727469255178,0.064202234
136745.0,3,0.059816651890353095,0.1356149680996823,0.007830518330420115,0.2543026693364857,0.005065633,0.07633024659635605,0.04268257
136748.0,3,0.15442419843912308,0.8776557855929047,0.09585835424737256,0.4251458541912889,0.16401179,0.7721350951806015,0.0881383
136754.0,3,0.24962075104013906,0.8484546156653117,0.05953811627985026,0.25329965787690795,0.26606873,0.0770756567178348,0.0066092038
136757.0,3,0.1151049276474445,0.5176650919638567,0.11082244435391263,0.5866055384390185,0.053679615,0.38076674408818345,0.035581466
136758.0,3,0.0037253816845222434,0.06503957249490579,0.00961668018440073,0.37934007097630423,0.0064415256,0.246824666366604,0.2959465
136776.0,3,0.7944589310622773,0.4704641675882718,0.1204766488941141,0.22872052954269895,0.1219843,0.7910615460938586,0.3761124
136778.0,3,0.7756291027546246,0.2573993997917358,0.09674727776225116,0.3691457276306602,0.03305252,0.21358716509647602,0.022734188
136781.0,3,0.00992543123998337,0.09127801163135471,0.010295537792761593,0.20781229876817423,0.0067284973,0.012565882785945462,0.011986078
136783.0,3,0.9077227167684175,0.7794250723827139,0.18032711562180864,0.30315685376672447,0.2934096,0.8690909026144312,0.29016176
136785.0,3,0.9578223714416905,0.9132350416502564,0.11437103776155792,0.997558518171199,0.31095865,0.3917641804085106,0.09931409
136791.0,3,0.03975571606927228,0.8909084547381492,0.021956382143798452,0.6098734084140965,0.02777905,0.02051936011159364,0.028496576
136797.0,3,0.006002119212112594,0.01421011302594506,0.01140766708914889,0.3048865617755119,0.0016505811,0.09376895538213013,0.0055329422
136801.0,3,0.15265210535886,0.7172983483993094,0.25766570169040104,0.2706859155816767,0.19893263,0.1894713705389942,0.19278076
136809.0,3,0.6606626582801863,0.676414972016483,0.2853722717515842,0.3813570285791058,0.18949719,0.4748627290240574,0.36530185
136810.0,3,0.4259413040695631,0.4141046049407344,0.09244346268133609,0.23446488547718405,0.21408701,0.689764329330033,0.12970465
136812.0,3,0.07973725190383753,0.9392648242310476,0.058853751553354275,0.9784578122097242,0.06447334,0.4391421593433718,0.21773833
136815.0,3,0.0977588360272384,0.35473962081121835,0.023702625143185337,0.4467529760575095,0.014219678,0.32413715066391646,0.009848215
136817.0,3,0.6938945243897567,0.2129701908502585,0.022740992923790237,0.9831900461852169,0.0042482624,0.7764450857613663,0.11718827
136822.0,3,0.9773147127929143,0.5291240040586371,0.009986934417422356,0.9824605470953526,0.038791623,0.896599585249223,0.2669756
136827.0,3,0.0816036798455472,0.6927384821793725,0.08449744684750102,0.9728815190802541,0.1385558,0.6048972443811299,0.69167113
136828.0,3,0.059646500103475907,0.6089324230515236,0.0838165377917499,0.9787238752926312,0.112768754,0.7842706153102418,0.4397147
136831.0,3,0.9891891410999168,0.8178352727552829,0.01108836744371232,0.9965193825175603,0.017510919,0.8452686814689152,0.20076267
136836.0,3,0.09122860735190173,0.2900409019968516,0.08812455304573773,0.5046939457272516,0.26341042,0.028177004257198553,0.017364636
136837.0,3,0.6781363069480532,0.9564272282420371,0.06538567241054942,0.5250105525816646,0.15911502,0.8431103035222267,0.29031208
136838.0,3,0.15660047643415623,0.5460448491364471,0.0866364523966857,0.3583812297593184,0.05842839,0.423890348543248,0.21478364
136849.0,3,0.9877898207193835,0.6259541412697437,0.015196131562471567,0.41458427023182975,0.05569045,0.9127783023106041,0.77074325
136852.0,3,0.012181867469063228,0.024496901839109127,0.008863968016952809,0.2058996222663635,0.0024828068,0.022527972701548694,0.013734825
136854.0,3,0.012093762748091557,0.09400274238514478,0.018282344240107135,0.27965207112773566,0.012300172,0.009054263480524093,0.013213077
136855.0,3,0.06421654163945076,0.030734934580933095,0.007413532085296709,0.1868633359090219,0.0041649565,0.0319005969401805,0.0076419427
136859.0,3,0.021218956187942773,0.6195370912717043,0.04188142451764045,0.3633648830185574,0.0074207126,0.0737814546847483,0.14288379
136865.0,3,0.9991122015324864,0.7128721554462628,0.16893537513310203,0.17798382113122455,0.42287496,0.8454636314991384,0.24730597
136868.0,3,0.035669174853717525,0.6105778528005048,0.011701299301928649,0.9825812681775138,0.011107339,0.16707396257994586,0.24451002
136870.0,3,0.2296905881833512,0.9841464805303428,0.05552959344025736,0.9094392827425519,0.12498495,0.8203121267255116,0.11454697
136872.0,3,0.013677834982775626,0.2579576845043831,0.030189472488149467,0.34105532479453454,0.004655479,0.24195301586301826,0.31318772
136874.0,3,0.12617086705466243,0.20153296475365826,0.03283469616371922,0.5994284639738875,0.005000709,0.7050869198587096,0.046400513
136883.0,3,0.9825259296426045,0.4818905070194656,0.05947857329168618,0.9627161034749184,0.01708121,0.7538039975236241,0.22227965
136887.0,3,0.013732634389724017,0.09779717362756311,0.012649671117909541,0.25381813984493157,0.009197912,0.07770653557446706,0.13698769
136890.0,3,0.01878494800355661,0.1489296838988004,0.03394929561784877,0.46157415361516885,0.020572849,0.06069503166293874,0.022386609
136891.0,3,0.014865635611635215,0.5984692765148371,0.013621431170915401,0.3987491920082302,0.014678861,0.192838093046453,0.28295866
136898.0,3,0.060000708629023757,0.2506203028639069,0.031186970384094962,0.4053856471631553,0.009375874,0.7489645146072245,0.14741927
136899.0,3,0.008621518011778004,0.023806830046779186,0.004807575743498636,0.14634721009993584,0.008148091,0.022579014133046384,0.038493928
136908.0,3,0.23478818665346615,0.9702484062177642,0.03509671703419014,0.9974192749160574,0.15992221,0.6946451780774883,0.44902694
136910.0,3,0.3354282933665336,0.9919719463586172,0.26814691041727146,0.5783188994446942,0.06371044,0.6567708453042058,0.11319783
136911.0,3,0.05341978551736635,0.3187425938751623,0.01349459680177049,0.9792049670218868,0.005707666,0.021249895501431314,0.024851946
136914.0,3,0.7902593947315534,0.7379433981736172,0.09860452292388827,0.9815622222426772,0.07442781,0.7930713127998487,0.28181115
136917.0,3,0.035179759697519956,0.6550551326896944,0.03170808072758363,0.8936356121420802,0.022464376,0.16178403013889617,0.3655709
136918.0,3,0.004046215831507547,0.04602067414034671,0.00788780907578743,0.2858514859729293,0.009997271,0.14475011801019294,0.02418731
136921.0,3,0.14729372661851198,0.16299247565614322,0.03093846945398307,0.4739750232772131,0.03644237,0.19923161925874097,0.17426164
136922.0,3,0.02100230969328194,0.2368701526033947,0.018895636202792873,0.5192418970675968,0.011701272,0.2896077964802741,0.19686309
136925.0,3,0.3283406356290657,0.6177009063126676,0.05436753143728707,0.9861115683223579,0.1047511,0.49249215746084063,0.41349337
136928.0,3,0.13572695337830928,0.3387854136531781,0.03318664478016091,0.6732806460782621,0.14907643,0.1329968430624408,0.08892725
136930.0,3,0.043367080246205614,0.9135097026743816,0.046426481389856784,0.44585937007240284,0.105081834,0.034676576690631296,0.003868895
136931.0,3,0.3391262280969443,0.882126070109399,0.0805124593981671,0.9951245704731204,0.121377654,0.6953128410644027,0.4981926
136938.0,3,0.9466366992245724,0.5250686107898274,0.02342879759840368,0.9790861625854497,0.026196264,0.683849856837196,0.38603783
136939.0,3,0.43529887918362725,0.5431365631387001,0.26362527414771614,0.7061096992785221,0.18646802,0.4237264415878292,0.05697198
136942.0,3,0.6620740338121008,0.40368089225594994,0.013797777164103,0.5998461014816715,0.020122604,0.39872646562067265,0.5142697
136943.0,3,0.32714675901102896,0.9425250520076563,0.02871585470254408,0.9963903781182607,0.035457008,0.9255444297948113,0.20567141
136946.0,3,0.8539790300717117,0.744419403382822,0.10625866834162011,0.42568220245312854,0.2697028,0.6641509856746732,0.3896544
136947.0,3,0.007052285978530713,0.06940702298764606,0.003985988813206071,0.07139988864763946,0.014860877,0.024639398015524557,0.007241545
136950.0,3,0.9575701762564982,0.5212859746164685,0.006625013184766141,0.5523374206946395,0.021494653,0.6371660093313984,0.47803903
136953.0,3,0.30118043760622365,0.9738003269785711,0.06492675993276698,0.4458114666474559,0.07087066,0.48723484144323387,0.62732315
136956.0,3,0.08284348904411282,0.7461922684983426,0.036536026476923895,0.9849753386668453,0.06745684,0.07346628881363056,0.027968552
136963.0,3,0.03582667153435332,0.5420179336368975,0.01836229216854584,0.5761542091889118,0.021934377,0.285854605774745,0.18135765
136968.0,3,0.01736831510320809,0.10517117397076908,0.031061110382363213,0.6728841194116321,0.009469173,0.2213228702738363,0.009187689
136969.0,3,0.015640399327399964,0.08242645677450693,0.014389380740615569,0.6601282566894452,0.0021675443,0.10899589378882046,0.012195081
136971.0,3,0.11718219343381606,0.619831375338507,0.05855365484211762,0.4851457549771973,0.09788277,0.6542486986789783,0.0077496096
136973.0,3,0.034619477546859845,0.13443616427384456,0.08569161335904783,0.503417367982608,0.07566739,0.09021405856339024,0.007648743
136980.0,3,0.3606748590762043,0.985751881406352,0.07330478447527547,0.6537459625725773,0.028602919,0.5846660537899736,0.3970141
136982.0,3,0.08734920771945595,0.03938376699275384,0.022906607564076142,0.4571743572668518,0.018810662,0.047664796009373636,0.026812779
136987.0,3,0.19463798189127052,0.9564717323728709,0.24274601245674599,0.515843308233221,0.31640103,0.27542456343723315,0.03779295
136988.0,3,0.5073419160308682,0.8596805845035371,0.07437365759510749,0.33732022125826844,0.07505274,0.7385934067422282,0.2729062
136990.0,3,0.31996505967281363,0.8207486591931634,0.09507261851340358,0.24194765803247817,0.122993454,0.8027280791782457,0.2741146
136991.0,3,0.017877555309266033,0.05141763815218591,0.04331979245404472,0.3641162815813851,0.020248128,0.01441096427206472,0.005161601
136994.0,3,0.07300582557654314,0.8912492301647279,0.03878824759181989,0.7158574004354066,0.073552616,0.09661733514045062,0.05977521
136997.0,3,0.33923057244290217,0.9918286367596986,0.10164991724046277,0.9956684590469947,0.23280315,0.7317177078426405,0.4147889
136998.0,3,0.051770393635679084,0.10817759241711915,0.08948369625774871,0.4149083475513182,0.053980757,0.06936045274635427,0.018423991
137006.0,3,0.01083790906954084,0.12757939192880993,0.12744103296602674,0.15508754460675409,0.04592854,0.14339513595831133,0.09105133
137007.0,3,0.4664804056107468,0.9671418495231319,0.1162232544052924,0.9959615506303249,0.29577884,0.8471342928578544,0.098304436
137008.0,3,0.23073514987599356,0.7654620025142274,0.010984075663986273,0.9820405081021878,0.022209765,0.8034668389387938,0.35003015
137009.0,3,0.24654713939565612,0.7195307367615046,0.2311889506651391,0.3875988024031632,0.07781684,0.025244217844849037,0.0070306347
137013.0,3,0.5848478443782913,0.9784912415015944,0.18875441390934125,0.18127168337067293,0.6062369,0.5902840369846561,0.026056705
137017.0,3,0.3268489248864227,0.9216932444602723,0.0950175593344722,0.9955847138357701,0.08344705,0.30655265363084394,0.1869791
137026.0,3,0.04665173223953368,0.3389828056150066,0.010599671283492828,0.934673711505283,0.00692139,0.2883725497279643,0.032949805
137029.0,3,0.3654326060552825,0.8398511374048536,0.1053204328248526,0.9953637142246651,0.016678562,0.2624108300249412,0.044838447
137031.0,3,0.11744209859425674,0.4988876483531437,0.04153403188636193,0.980381904849272,0.01604629,0.4248296105414152,0.09204647
137037.0,3,0.652753312121665,0.6311587382612518,0.01223267230003022,0.48539412544975463,0.23150314,0.7746906450535135,0.3326142
137039.0,3,0.09460796035055169,0.45751876142735576,0.06705964108543824,0.9872595875721508,0.03548839,0.36540954811145077,0.24648522
137040.0,3,0.049281813827221105,0.48298621456598717,0.09912418159106384,0.3221592732657658,0.067497455,0.2479113160426766,0.1263298
137042.0,3,0.8304196961985152,0.7358027118842314,0.22372865423430205,0.15726460128275233,0.4578619,0.4849691479992651,0.1265116
137043.0,3,0.10440044878882737,0.7725974850177882,0.06373954050361408,0.7121824056911623,0.15384454,0.4148280707763253,0.06993711
137045.0,3,0.09848393152937268,0.14275610191167584,0.029646710933064296,0.6186467638341885,0.017918117,0.07701864237109331,0.037884597
137046.0,3,0.054650530753629606,0.6275028980870374,0.03609866149476585,0.6636079236971865,0.04585123,0.18048297672459876,0.022502529
137051.0,3,0.5979537196190636,0.6990532762551976,0.09403144724329827,0.4269326330537918,0.44077381,0.7557104053542388,0.17013705
137052.0,3,0.1291591480971861,0.16773012125491263,0.04301292237494691,0.16046097820638092,0.012980347,0.013787667471280057,0.010701192
137054.0,3,0.004022383304507611,0.06404501550821881,0.015461520819418867,0.25602219601916093,0.005449275,0.06120046772319258,0.0033683553
137055.0,3,0.6921841904433135,0.5700890478366917,0.14502357697641696,0.14639311265082644,0.10136638,0.7673784259535267,0.19038764
137056.0,3,0.20908342103713962,0.9197275091956761,0.8084943430645734,0.9918447638468284,0.1597395,0.8609223491554456,0.13694753
137057.0,3,0.01642036577330948,0.09947438549695486,0.009882046365803338,0.9344919265463353,0.005793604,0.11769852113819997,0.04833287
137059.0,3,0.09799726097241994,0.6413610474952683,0.09291242569255789,0.5899417602477908,0.07008045,0.2492868650053274,0.0047458573
137061.0,3,0.2229017618373715,0.8669843797226602,0.6369914666939334,0.7457761640655529,0.12917,0.27338036700182294,0.0135169
137064.0,3,0.09004129783289899,0.5438797945335646,0.0633630943720656,0.48421732485800406,0.08628653,0.0722872664856696,0.008994431
137065.0,3,0.017334201206935376,0.10087868286316128,0.014456751477407447,0.6381261842635797,0.014982899,0.03358577257513651,0.019035334
137066.0,3,0.006732572012439343,0.013503623506912442,0.012105232556597628,0.14218405842664533,0.0063047945,0.012621130372716864,0.004947751
137067.0,3,0.9993027846688433,0.9556393089945164,0.06354945878422767,0.9972418055859236,0.1329255,0.9547458897951602,0.37741104
137073.0,3,0.1510610176533347,0.4764713051908767,0.042133290033792965,0.2410589388741678,0.14029391,0.5859413334556565,0.13557184
137078.0,3,0.9705758420895938,0.9622612735115341,0.48191313836100846,0.4971669886334328,0.25394073,0.6909050800079742,0.052337196
137081.0,3,0.8557203442668383,0.8735131308005035,0.01687380588540557,0.7497099330889497,0.11428736,0.7458253849779769,0.51750755
137082.0,3,0.3196836089068751,0.9463395567453019,0.11182163493957847,0.3372507664355495,0.07645471,0.6159305006921975,0.006466617
137088.0,3,0.23426637098259734,0.983340452341733,0.4653402224945242,0.570003597988502,0.4272077,0.6255038000563221,0.0577519
137094.0,3,0.05387542577874902,0.7207265525985389,0.037046858559237714,0.3323597230380817,0.013269854,0.3112033449754831,0.029565696
137100.0,3,0.39521236878078697,0.9761061842330121,0.7661934310985592,0.9417059705916356,0.18507625,0.7907357361723562,0.15441988
137102.0,3,0.04260331962862601,0.12433670699569288,0.020331467107424922,0.3505722972429401,0.002724972,0.0803454132946433,0.020903999
137106.0,3,0.20777130442039438,0.9298062265602672,0.029735680149586424,0.9262245478400997,0.11199107,0.21297649710850458,0.0840112
137107.0,3,0.03214264505197023,0.4611798322177914,0.010474670693709356,0.5912611416500435,0.02963904,0.10370223922983272,0.14963295
137110.0,3,0.04035043119646353,0.07583676437063978,0.021577779544122457,0.40819283817704805,0.010524849,0.050823255459956466,0.055924024
137112.0,3,0.27123396341306055,0.12061503956662561,0.012642535195533997,0.9850244552364826,0.025165863,0.6440172659788286,0.23514795
137113.0,3,0.08542705201153122,0.2598146130529075,0.05687742875848344,0.566295204436152,0.072884455,0.2748221760906118,0.21637675
137116.0,3,0.4906278349841072,0.6441550721054405,0.037235221782743626,0.9776533420399233,0.029835584,0.6998798729686543,0.1448991
137119.0,3,0.03792799299294349,0.8211148335665428,0.25187611899589984,0.984912410725397,0.06276677,0.7985373578446547,0.037896495
137123.0,3,0.1349497568126738,0.10653731967267997,0.1802493549929034,0.284586377707426,0.10692612,0.0477596918829917,0.029042365
137125.0,3,0.004380670091830156,0.5609736839818429,0.024732885569561255,0.6485676050535001,0.01706647,0.021492370692957175,0.011380905
137126.0,3,0.758560228200188,0.9729453782666253,0.07826498020126524,0.9957842970671953,0.54611534,0.7762251021324744,0.27094203
137128.0,3,0.07163039839617955,0.17225016113022867,0.015707241387826684,0.9876783283970133,0.01607184,0.49531762433380433,0.7513519
137136.0,3,0.6334740907441371,0.3221711018343389,0.049218402132790676,0.5356570750163213,0.24255939,0.5259595842232534,0.16362268
137138.0,3,0.4847640010229306,0.7461253801344967,0.2889120533083519,0.10219408148280883,0.51528114,0.49161991771153357,0.120464474
137139.0,3,0.019191573057463204,0.3359869456469247,0.05176600625012052,0.49006981292393065,0.030043056,0.24005722149398473,0.048661582
137145.0,3,0.3168253741217886,0.8853904632889366,0.027058944815180907,0.9965160736700727,0.16743056,0.8716968349435783,0.19533585
137149.0,3,0.01815198050965249,0.027443870368688946,0.007324818190567977,0.4182533261216846,0.0113561135,0.032574302425313145,0.014839008
137153.0,3,0.29087079554251666,0.20639089498459826,0.08833564635230905,0.9671767703343541,0.16942969,0.6969669953147812,0.28232503
137155.0,3,0.012141846454695187,0.09630946887231749,0.020264630269766493,0.3621660690769022,0.01384031,0.1172478216214658,0.06981112
137157.0,3,0.11805403897979598,0.7740848837948126,0.03207374928069463,0.9763333013455622,0.03733837,0.6659323210359688,0.21520624
137164.0,3,0.16110582918683,0.9690172464304339,0.07328184911833711,0.5586088257864942,0.12804101,0.5727300944953514,0.03306667
137184.0,3,0.03435261988996867,0.353240009754066,0.02300589899475635,0.9842637091071677,0.0066074007,0.7348530058798822,0.35998088
137186.0,3,0.8687998092001796,0.5079325711970155,0.3868112120398139,0.9953436531562609,0.2670689,0.7248204104207847,0.043470614
137193.0,3,0.04410486910503443,0.10741432783850594,0.012539519176300626,0.3469761782348389,0.012004184,0.058724397426712614,0.005661983
137194.0,3,0.04280197437573045,0.16671258335913763,0.04639892696076594,0.5850243273547076,0.039571334,0.1326844756076858,0.007941754
137195.0,3,0.9987740547582965,0.8104131691279889,0.2930842566883818,0.14536282643773263,0.20118083,0.8038809012286907,0.11838065
137203.0,3,0.05069419127208035,0.9411617479180477,0.023041820913529316,0.5726650867547373,0.011845003,0.6034398015834616,0.571304
137208.0,3,0.3556652337779263,0.6935100340121697,0.05929842679996559,0.997129600238921,0.059793044,0.5296387056089419,0.3414487
137209.0,3,0.01974219072156814,0.4861069656052014,0.027789334907429367,0.85670481806614,0.014577852,0.10109656258325277,0.014929887
137212.0,3,0.23643505968003842,0.9734406280226708,0.5735688173831481,0.9955032907528106,0.31725034,0.7121886855934013,0.05484413
137214.0,3,0.020480931757930584,0.4045387642226532,0.010158002441380421,0.9877489344306809,0.005295157,0.45050846577849735,0.17344508
137216.0,3,0.12972345380896025,0.7171692628961076,0.06983405290069881,0.2876727695718897,0.06329436,0.8775695940525334,0.43983024
137218.0,3,0.053970293560347465,0.25241241452881985,0.021079081933240987,0.16729223597336604,0.0070411256,0.01809016739269025,0.05693415
137220.0,3,0.2231179197398308,0.8886584577333946,0.0510462026230047,0.34610542188648874,0.0621883,0.05595442386129654,0.033696365
137224.0,3,0.17739006132742777,0.921744144127245,0.03770872963168753,0.9977784104083054,0.017605627,0.8409126403828587,0.41164032
137228.0,3,0.04065981020979904,0.24218317722563645,0.022698664454023052,0.33943534244593204,0.0138694,0.25931412938249543,0.015474147
137232.0,3,0.11091115418686556,0.928055378591971,0.07762213485739206,0.48888353690595693,0.09863996,0.06438985136385632,0.078103036
137239.0,3,0.48019102603336195,0.691473674621359,0.14784779932678252,0.2977877914941314,0.23312868,0.6029543232135481,0.11912087
137240.0,3,0.006659996655014198,0.18337949873858808,0.009239781242288785,0.5918844056493896,0.00359632,0.05387402457766871,0.044461686
137246.0,3,0.04924164189444084,0.0810473972973301,0.023186300366610103,0.4728893297061308,0.007249526,0.09897004913598557,0.007927951
137248.0,3,0.9562705361337831,0.6890862137532987,0.7709561838038979,0.9668922819837289,0.34348655,0.8510853659582232,0.23232374
137249.0,3,0.0077308301251154754,0.06341859063191017,0.018139391168180485,0.5028734191259379,0.0045986176,0.08397396544867922,0.009221757
137250.0,3,0.12156586186320543,0.05181129461726291,0.0162679415001847,0.38850961355153135,0.015382471,0.05075143809465442,0.008592331
137251.0,3,0.2496972734072344,0.839028785673068,0.06995766330970896,0.9713676774887006,0.2337612,0.7246239391327258,0.28598496
137253.0,3,0.06281791164620777,0.16880119897652984,0.0114433074972114,0.15012960108058165,0.0022084867,0.1333002327850007,0.12319024
137255.0,3,0.07582495155256905,0.5411161831257212,0.09533693971162233,0.993449687333881,0.035394643,0.5603524423528555,0.22199395
137261.0,3,0.1396404574344581,0.5176344332248171,0.14107765219561394,0.5303114354119092,0.023727428,0.027287011560377168,0.026268061
137269.0,3,0.03644189521343856,0.3018492410839334,0.01984119891535811,0.5163517021832249,0.09729843,0.11459418640108504,0.09674454
137273.0,3,0.1741514518418458,0.5300701727259526,0.06550195929704214,0.5050169343891212,0.10907218,0.1384311312773491,0.0614853
137281.0,3,0.07601010752960786,0.9577386513813166,0.03636701566625686,0.996913943721058,0.088938005,0.6464663780838715,0.2802625
137282.0,3,0.030630436844390877,0.9653367262474517,0.06035255126162547,0.6706374677304723,0.09032075,0.7922919897606268,0.4178794
137284.0,3,0.17130625444366443,0.8520076520989827,0.05700486196433324,0.5122368419711821,0.030598754,0.7588976203521102,0.3480734
137291.0,3,0.29467761031329176,0.1931068449617124,0.053597295495177506,0.9811177307068977,0.14436711,0.27182124581781564,0.050788872
137293.0,3,0.06891708688698528,0.6133056008145266,0.11905106731118853,0.5947844937645562,0.05536387,0.1139721661149129,0.029755248
137295.0,3,0.0319181057890786,0.45672743176334657,0.008698357111597636,0.9227548078675508,0.005599873,0.26345237549519696,0.3418685
137296.0,3,0.28044946908491325,0.9356349474055167,0.060000800916816706,0.8664820191270273,0.035429943,0.0626206313570832,0.01674617
137299.0,3,0.03873900395009794,0.16147551773955243,0.010687569992665279,0.15789899329906934,0.0017121964,0.061210385990748135,0.06464414
137300.0,3,0.1415676664336818,0.20380763429563123,0.02759770891222973,0.3817128551147421,0.012016479,0.27316612233254134,0.14462566
137302.0,3,0.09954800714953033,0.9129940094534774,0.06200081469714164,0.7176166426664546,0.13666624,0.8273654220994052,0.16049495
137303.0,3,0.2751538170093056,0.37510476272342946,0.02977420601601542,0.8166616339473828,0.051764715,0.7427145955301501,0.59964633
137306.0,3,0.09833387660872978,0.2150095065258867,0.00691492639079988,0.7145113256600548,0.014640544,0.03012700021483694,0.00976009
137311.0,3,0.019623601360879563,0.3293639469416356,0.023798737055809486,0.45414588204580353,0.0041650888,0.2802645035196954,0.021801043
137313.0,3,0.15791358076192769,0.7360507713972159,0.024900589923865537,0.9970568808765266,0.012342481,0.7730695317876265,0.88058215
137314.0,3,0.054178967309128495,0.628036614447275,0.05346406800294138,0.5341426559436933,0.06855682,0.4621946882258917,0.2672021
137316.0,3,0.0137492320830808,0.08406690250866478,0.004569646582599391,0.6877063378425765,0.0028922325,0.10213880394892265,0.03736907
137318.0,3,0.09100948039824831,0.6611382481116442,0.06610263130230115,0.973928002148212,0.011708338,0.12703720286967254,0.011174026
137319.0,3,0.14567412218744213,0.9696878224773541,0.18362146957456799,0.9967014111633917,0.059242655,0.5923494329204619,0.16756533
137325.0,3,0.03289763051517715,0.11684702863790976,0.06143131269564798,0.6237624574986698,0.048308812,0.04092346386234193,0.026207384
137327.0,3,0.011536886900111495,0.14695199305745968,0.016353638483161917,0.3851281263921257,0.011745104,0.1584833351614144,0.0060576973
137330.0,3,0.0486751075535362,0.49688926343935175,0.031056894636525688,0.3602424021997027,0.06738484,0.6618490854578553,0.44923383
137331.0,3,0.6234225394319719,0.7063291669130528,0.21802197516786806,0.25462428790756464,0.28000915,0.5566174497422984,0.23993255
137333.0,3,0.031135216356800003,0.7845270562821729,0.031680909811687454,0.532293185695586,0.01501745,0.20742382721562222,0.22208098
137335.0,3,0.07382064589429362,0.11274579985372955,0.03282419631043677,0.38462760147383357,0.023650208,0.06886369358308482,0.008047967
137337.0,3,0.02329064666121494,0.7542845619362815,0.01783296334721443,0.403005787060788,0.0073163933,0.1809942933016938,0.0389814
137339.0,3,0.12836760477007567,0.28584537221176204,0.014699967006889561,0.49735776254468256,0.033070896,0.22739950885375612,0.02681095
137341.0,3,0.02059672191502618,0.5579078096214505,0.045781591021570055,0.9957881818630926,0.041917298,0.3907620599125386,0.37284604
137345.0,3,0.01022364989725694,0.07396501000050976,0.012355852185042029,0.26751804305127735,0.0051702224,0.09960833119281665,0.01298111
137351.0,3,0.019769300075675907,0.4729046219947957,0.02284875543225982,0.9444675410539739,0.019862507,0.2290492740612078,0.029350527
137353.0,3,0.961661443600245,0.9063005057517541,0.9987580207240798,0.9635217085652681,0.35141262,0.7587120647917444,0.23973745
137354.0,3,0.4048867322920505,0.9616169240064614,0.055332455205646065,0.5439587897714764,0.07625756,0.33795437585609595,0.057337478
137360.0,3,0.018785277648223256,0.1009204416865769,0.013906459502945364,0.39534801093589256,0.025102481,0.19153950192093186,0.028173758
137368.0,3,0.03742238088073439,0.7429213687714104,0.04346429292965656,0.3467095794438661,0.034374744,0.08057407181087164,0.0115779685
137370.0,3,0.7699548543513448,0.9549007378791347,0.08637183633269668,0.3581974800179385,0.15026373,0.58666842766407,0.12694189
137374.0,3,0.008224127515867328,0.02614548965353072,0.005085578803329999,0.1691247280124984,0.001609738,0.019317205644148593,0.00440556
137375.0,3,0.1922914851133179,0.5967239758533022,0.048080317205969905,0.39804155535309366,0.074939124,0.37237752618156167,0.028625729
137378.0,3,0.24380961013620195,0.4729697842371876,0.1772913763715472,0.31518498146382107,0.049452618,0.1958815437278434,0.036346164
137379.0,3,0.9998703649768942,0.9343976780291677,0.06940346813344565,0.9962183765628458,0.2517366,0.9131436248583322,0.72609794
137381.0,3,0.03210256338267671,0.8377953770244583,0.026450047652580716,0.9432881922217629,0.018047918,0.23670035326856917,0.48657617
137386.0,3,0.2627156670811785,0.9929199568406017,0.06071703750512348,0.657239639509603,0.0407782,0.6238805610636129,0.18370381
137387.0,3,0.17445164299946217,0.3889219482132577,0.02950438127509819,0.5675291888708016,0.09828612,0.2042368361120654,0.03252828
137391.0,3,0.2943974817489988,0.9638258003015706,0.03163569042341743,0.9956033782291154,0.10041595,0.8612790957376588,0.69410807
137394.0,3,0.9953388810442789,0.7259652310804993,0.2091201566217239,0.17939682888065128,0.33570626,0.829966181606128,0.19782178
137395.0,3,0.05286168499254788,0.1916498194551888,0.058282210168745956,0.587957585168214,0.03837552,0.1784879922173352,0.0019275877
137403.0,3,0.35370398977653406,0.5169399866204417,0.06326375282982827,0.4155975339692035,0.060605563,0.3717426590962686,0.026127134
137408.0,3,0.022958424056322847,0.14821837929911238,0.03578653127949604,0.20806551083926506,0.0030121144,0.051551363447871194,0.02524847
137409.0,3,0.14215474716398166,0.23869415954250464,0.02498782877897521,0.6384646286034162,0.016644727,0.7829246964891701,0.29508904
137412.0,3,0.17506574549714068,0.5294364136469696,0.05141968121727656,0.2542992801476,0.19236878,0.1975610939653559,0.11787591
137414.0,3,0.02355992452821217,0.11601804677288396,0.01581001276864944,0.5385253575711862,0.010135487,0.16913952344179592,0.030898582
137415.0,3,0.2590092492703099,0.8789168652715368,0.05172912451384948,0.8232104235926848,0.15946008,0.08336238533889861,0.018864304
137417.0,3,0.15719559008371856,0.8846260419296075,0.01615766282999084,0.7057216296416671,0.010717417,0.35056676476409077,0.12779352
137423.0,3,0.08112394800215877,0.4888402994081479,0.0709611729919391,0.7010796647354645,0.03461914,0.5144806796160771,0.46923885
137425.0,3,0.05258559923302666,0.2398362453067412,0.02827218078279276,0.6425521097635929,0.03202745,0.1300814540546822,0.030970883
137436.0,3,0.4588348642561474,0.7479089600010582,0.12495430309134777,0.29319943076841526,0.05964773,0.36114807650756525,0.031036152
137438.0,3,0.24119571302467338,0.6505768889827992,0.16774510110193477,0.6149159438990186,0.07940115,0.5149488575873996,0.08557392
137439.0,3,0.01525239102365491,0.5911371941687945,0.025125515695067248,0.65014217092314,0.005480774,0.021755676735784577,0.006754401
137444.0,3,0.22150489156631112,0.3654726219525685,0.17969459945050603,0.3768426372922791,0.40049928,0.2656161206100578,0.03450227
137446.0,3,0.11535245856831099,0.9120687381575594,0.2755704049627517,0.997134594753135,0.12123163,0.7742984257106051,0.65189046
137451.0,3,0.5887828138829003,0.9842722891934125,0.15887424061188354,0.9959576456975937,0.28723606,0.8700385993133941,0.42595872
137453.0,3,0.07690762732279863,0.7661490815781832,0.07786943376761472,0.4753489974072372,0.06123595,0.45129065143172886,0.0066283313
137455.0,3,0.6511595005552681,0.9429420760744676,0.426662475945977,0.3282728725495721,0.45875478,0.519416285904224,0.011773376
137463.0,3,0.08866483427070553,0.3771405221269006,0.049607994358282864,0.509977354187072,0.034659594,0.48914950086580977,0.112133205
137477.0,3,0.06768220257230494,0.43292486371943595,0.014963502865346328,0.9777419294338153,0.14748159,0.07087897639068763,0.16516802
137478.0,3,0.5391121657573575,0.7329911147404433,0.24819006641437574,0.254192250087131,0.05165732,0.37092739769280325,0.02385543
137480.0,3,0.013412843163710485,0.15630680351235182,0.003679893800074491,0.6466256851442077,0.004125414,0.2125183632679596,0.24630459
137483.0,3,0.024864413108756207,0.04622337979983166,0.004546272839303717,0.5860963899114252,0.0030643258,0.024375743752160575,0.01089858
137488.0,3,0.029601621728026162,0.4313268119907355,0.011591762497130044,0.8399581422845863,0.016056728,0.1272487787348513,0.1762981
137489.0,3,0.601118536338811,0.9330157821392516,0.201839632238824,0.271444478369533,0.08316631,0.1213601704154883,0.020356402
137490.0,3,0.04299845207599412,0.26950474075155006,0.034268247960034665,0.4702828336463071,0.015958913,0.37111593956221134,0.011678173
137493.0,3,0.3026979899269081,0.7648887986997404,0.025272523511280544,0.9962271274729133,0.02136797,0.8175240851443006,0.15238772
137495.0,3,0.08912824140325012,0.3635930921676774,0.11878405293638279,0.41984326369614217,0.06529448,0.5536450207300716,0.13013865
137497.0,3,0.06625479106431792,0.2943378430142816,0.08636516112889231,0.5198049714496834,0.13383174,0.44047772459098083,0.2708757
137499.0,3,0.2792533667256707,0.8792459670332623,0.18262036986023267,0.4257106539015627,0.15189458,0.1583881371440638,0.06162296
137500.0,3,0.322079970019744,0.9629142451369589,0.2528126009185654,0.41643460534289933,0.21303044,0.4941487902756683,0.011617614
137501.0,3,0.008087312598503968,0.06634719658400821,0.008974082683711502,0.9648985360033836,0.0038558636,0.17827731552010045,0.08266143
137504.0,3,0.03992907156108882,0.5832097824021925,0.07030575650533163,0.43781030939877924,0.099323355,0.5207355705191765,0.08868054
137508.0,3,0.970465433004381,0.9711270565184078,0.200207958303674,0.3233019773180353,0.54640925,0.8687611405941704,0.15799794
137510.0,3,0.1642507334537677,0.9697382421840984,0.23501357804089837,0.5033074712643146,0.1894342,0.15756446943545888,0.009852866
137511.0,3,0.9776232739002817,0.6307609692480117,0.3552067294895834,0.9163507261037073,0.19603206,0.8603081768650683,0.72873414
137515.0,3,0.8613021511346205,0.5468922059981276,0.9217786782350254,0.07103582963319736,0.30213365,0.48760533955020574,0.1025302
137517.0,3,0.027593378673930045,0.04204319308693668,0.013829202700294368,0.41592390051234346,0.017984156,0.05658100851656529,0.008977463
137519.0,3,0.3493187430087541,0.6337471963799131,0.026439837207136604,0.9778921838659224,0.012953049,0.6627085788487626,0.13786212
137520.0,3,0.2792313138256483,0.9383677440223455,0.06469085761561454,0.4769068469786631,0.17607774,0.6893302802770885,0.46258628
137526.0,3,0.1529249301465088,0.8444895777749589,0.02491253351560776,0.9778282483943981,0.11423066,0.6043976002994824,0.22563499
137528.0,3,0.9981793834406618,0.9684107621691799,0.038068512763172954,0.5072738517826973,0.17841025,0.9008833553338338,0.5773052
137530.0,3,0.026313237516287464,0.5820494689283462,0.1466729590195501,0.5297436618974957,0.09565487,0.07185744137001872,0.043054078
137531.0,3,0.027483309023986737,0.26571969434472625,0.007027871305321291,0.950912332311891,0.0046425685,0.08792200179143433,0.07709976
137532.0,3,0.044824155069419086,0.05122551358561675,0.01547599729327102,0.48970582730317547,0.012220214,0.022974933568638663,0.030893294
137534.0,3,0.02341637196356326,0.47078956685330287,0.031079775137878195,0.4760311473115956,0.019139607,0.16468763841080097,0.059152953
137535.0,3,1.0,0.8870198167201442,0.0411272647349294,0.665605786578747,0.06116621,0.7556973078978136,0.11962052
137537.0,3,0.015186826262406927,0.13937224045545427,0.016972785381298088,0.36087583053376565,0.0019160487,0.09701634255671565,0.024083873
137544.0,3,0.031241977912614436,0.9108001073293917,0.46909811106513455,0.41510943451247856,0.055060264,0.1611591333344309,0.024947617
137547.0,3,0.03296613595733338,0.9853257110845102,0.10371052714049869,0.683783160727075,0.03839503,0.6450234743274093,0.28665754
137548.0,3,0.06088425860843169,0.2916472006697672,0.02440235872717856,0.9892423136922402,0.0053355824,0.4448131372356656,0.6814557
137550.0,3,0.04820211700855267,0.3503084866378554,0.04850333591855654,0.4980849479646302,0.0247075,0.39948603932408183,0.21212582
137552.0,3,0.34763097142323895,0.7837558848756269,0.07639846299975864,0.9757692204407984,0.083956465,0.7202965145490557,0.09500065
137564.0,3,0.2152136480240449,0.8742771498332208,0.09738528540025122,0.5684596298232438,0.026937421,0.5380221085124269,0.4824927
137568.0,3,0.004968811524657236,0.03679423042990961,0.0017090310081979308,0.05639140141431361,0.0032899836,0.008973286400041471,0.0065216497
137569.0,3,0.02858340574278667,0.08370350101617292,0.012808405056778925,0.3123041506104686,0.006341373,0.193696624441339,0.024936566
137571.0,3,0.6127852580468993,0.8124198936719298,0.07872454209448053,0.4161576379357959,0.14911836,0.8197720230753415,0.59555036
137573.0,3,0.014700882990321257,0.15811609396158938,0.015558001283935748,0.5521816114418268,0.008408614,0.2593047209711338,0.090353176
137575.0,3,0.030462895175669073,0.8669623233214677,0.1890806117163092,0.5035950136322129,0.15750214,0.04147033066171103,0.015266239
137579.0,3,0.021693799308055508,0.35960357548828087,0.015787198327185684,0.9584469919838268,0.009765202,0.4975926467216352,0.04708833
137580.0,3,0.034185409362848036,0.09705189828124137,0.013101655649620361,0.45392461591889394,0.005789445,0.05935742620839106,0.045486733
137581.0,3,0.02732755101135959,0.17258369707160645,0.013355866941326561,0.5704677248753648,0.004309525,0.08246247260078658,0.051878612
137585.0,3,0.01583419704334911,0.08197460330692494,0.05954270423699775,0.7995087292617022,0.041314095,0.021552071770948828,0.011330659
137592.0,3,0.04943353989925846,0.4499551809556078,0.0316258147866533,0.7348949036599318,0.013155132,0.24304785416740654,0.17285536
137593.0,3,0.00879865548985683,0.16679082348880833,0.02219369337944057,0.5573356955123066,0.004990207,0.11494291113831702,0.042181805
137597.0,3,0.3621080544422018,0.8867040750772855,0.11263014938706863,0.9962740513274811,0.08955892,0.8851086760439769,0.40012172
137602.0,3,0.1188728240312437,0.6207958342942461,0.9504530366225863,0.21377182633560537,0.5193116,0.05364251397085572,0.024117412
137607.0,3,0.45808517286298706,0.24585344095376976,0.015459292702092585,0.9826228713021247,0.022895403,0.8427427658948684,0.10330664
137610.0,3,0.9447766274181277,0.922321433940718,0.022519369895837447,0.8279919181053784,0.061175097,0.7659410477452617,0.7120103
137612.0,3,0.053503496634381545,0.5329203559708084,0.03050976082758502,0.43728291862941804,0.0069464194,0.05683910851297629,0.0047182753
137613.0,3,0.05122937523836012,0.7767493697598187,0.08209422746069386,0.9822252118801144,0.048866153,0.5052175319634468,0.10044404
137614.0,3,0.015302360393964988,0.08823418113112905,0.00977721910792122,0.9452076644042058,0.003679054,0.4231677783679534,0.6943754
137615.0,3,0.008338658821045345,0.10666490604349142,0.014668218152694807,0.30243153139006806,0.0094876755,0.2042944188131201,0.03391294
137619.0,3,0.9618971925843842,0.3398140181106296,0.029321762253342338,0.3259361503083392,0.15852645,0.8476996347648363,0.27687532
137623.0,3,0.9713676577877997,0.8315775496011197,0.12332101685914822,0.16148243089029982,0.10896292,0.8816531415591878,0.092366934
137625.0,3,0.23994610565906865,0.7602239394067295,0.1299696092079687,0.8133933039077026,0.07147891,0.4592713604230569,0.079936005
137626.0,3,0.022993244100357985,0.15935406514321565,0.019144137562986285,0.4881807567471533,0.012751953,0.37775501637414527,0.12142525
137632.0,3,0.16052121364304628,0.5894893120913618,0.10250818262160724,0.8025116394564652,0.02386699,0.21839053542296294,0.059243117
137634.0,3,0.3125074383056674,0.824139138458287,0.1134886253657372,0.8837511656304914,0.14515607,0.7983898691195782,0.51233596
137639.0,3,0.12934810657895665,0.8994064860016519,0.08401737664704101,0.429217124642185,0.17066462,0.5268816177785772,0.003655542
137643.0,3,0.02377107951338819,0.3417250095004905,0.010136806494376753,0.9189300862812039,0.010752454,0.24653649648058493,0.06776622
137649.0,3,0.022670104345256334,0.131870567240354,0.00627279350623875,0.9526857387435299,0.0037586177,0.10648763260941439,0.01846908
137651.0,3,0.10104650318344248,0.22989430093294255,0.045638924570287516,0.5102352108998974,0.09946037,0.05033623548824621,0.08577096
137652.0,3,0.17727071222050186,0.9287623074893742,0.04805161959988354,0.9962219150696839,0.13467406,0.5042063825268684,0.062178295
137655.0,3,0.11772192828634803,0.8942551812799321,0.034932767478817676,0.5994894608063586,0.06100353,0.024373683779839977,0.016249433
137657.0,3,0.09932406754996473,0.8276971631673363,0.09712318847279279,0.5683614350221434,0.04700191,0.2712291837509898,0.0057695797
137660.0,3,0.012262891077567957,0.1418019980909939,0.015616006975505446,0.3968846200368678,0.00872766,0.18880184202660813,0.0066042435
137662.0,3,0.644083893988415,0.9874636016286867,0.1591983433146707,0.5946540060869293,0.07358419,0.8396468615277699,0.16162767
137664.0,3,0.4499427608525151,0.3941631253667811,0.06848753258785886,0.9822755183838374,0.15923028,0.5674451482539324,0.061131507
137667.0,3,0.03804322496367766,0.22528667897458643,0.009126746240405145,0.5802667261533603,0.006466491,0.05033585919227076,0.09634547
137674.0,3,0.09743452092199546,0.26912978018412503,0.04822396213948229,0.4797962641724791,0.048118968,0.3520284406803724,0.005055372
137676.0,3,0.02969610621984454,0.44132545674439666,0.06749048315278312,0.40560499273136474,0.040094588,0.45012125521031815,0.052983426
137683.0,3,0.032690051175297226,0.11386730504006455,0.04258513956161829,0.33184564313525644,0.0073126256,0.04010266050218193,0.018952686
137686.0,3,0.6200461454490414,0.700763559108942,0.07315822419304452,0.9972818822669072,0.050450355,0.8540530090530349,0.32557768
137696.0,3,0.014909391097914775,0.2513813142753766,0.13951138735966515,0.68359981915106,0.050521445,0.05678243616766199,0.013082963
137698.0,3,0.02383609972347154,0.40614880005617243,0.10475472161411517,0.6277862749362649,0.032083407,0.23593135849119215,0.11989947
137700.0,3,0.01926147568396553,0.10144082151133774,0.005013749283849156,0.4199733201675154,0.002898813,0.12254247246843125,0.023792863
137701.0,3,0.8247415988118526,0.41721374126425037,0.058768987202120836,0.9723051013874556,0.1197373,0.6659063846198939,0.25054953
137702.0,3,0.03594004870963924,0.8129747179926871,0.033045502189134913,0.23413436715283947,0.016554559,0.39215187481121877,0.273965
137706.0,3,0.21365781978450463,0.8936874442954035,0.11522220379883033,0.9960038813118685,0.09159644,0.6829411605151291,0.19332376
137711.0,3,0.09999887693905454,0.14004524879381103,0.1939448593620987,0.5853681250252056,0.10706184,0.254116224785038,0.008038258
137713.0,3,0.06447973507484094,0.15610102239137658,0.028453916713384222,0.9820949318112229,0.012314146,0.6551369126038831,0.36236778
137716.0,3,0.8504676913813479,0.8670087297946404,0.06904634889493493,0.42297351044230674,0.558173,0.6740283438759184,0.27976134
137722.0,3,0.012038077896600198,0.035153520502011634,0.014261945774372328,0.3491974692212459,0.0037491661,0.034665813815220145,0.024417786
137723.0,3,0.025830067109751987,0.13652386207707468,0.05109807950498552,0.5727747020760555,0.014822337,0.04658100490954653,0.022825299
137726.0,3,0.06883573121041725,0.9124855584472997,0.06064370266575072,0.5180419171066211,0.05114894,0.6283108405237671,0.2999953
137729.0,3,0.5179615273916522,0.5054643856413903,0.1620654374353973,0.23499120938169493,0.17557923,0.7710398329844734,0.056028515
137736.0,3,0.7252951217857558,0.5675121666025811,0.0738856989812924,0.10837833944832088,0.0770289,0.8235199112017311,0.25992635
137741.0,3,0.014670951173715656,0.059717125449516156,0.015982234669381517,0.4797555193268452,0.0067827036,0.08746940376109576,0.01299766
137756.0,3,0.11141572493089386,0.16258990579963375,0.048602666479697486,0.6290636250886368,0.021480387,0.14439944845439215,0.050631154
137760.0,3,0.014101004774927367,0.1456656177967915,0.008450860300297399,0.5043508020031285,0.006593041,0.3295518170449392,0.5074279
137761.0,3,0.01748387957896268,0.06586962233096018,0.02652812386609335,0.28443934791591874,0.0075994832,0.03318830637758109,0.004408462
137768.0,3,0.18092131066473252,0.39540475211395654,0.050981396747277447,0.2530527990150212,0.008167146,0.7599139157793818,0.20426767
137771.0,3,0.13317806520202602,0.8818200421598341,0.9341972299705735,0.5465828922635694,0.35967082,0.528727123804657,0.017094329
137781.0,3,0.10087423808387182,0.5006819708564716,0.030464764538066066,0.770517012964532,0.01529692,0.5028893354030852,0.39027807
137788.0,3,0.34972626893318653,0.5319701627253409,0.14383714740168338,0.7547505234988016,0.029018695,0.2682974764311597,0.010458159
137789.0,3,0.29142067594725574,0.9066777210234062,0.05598619893537936,0.24779013628066035,0.17024772,0.6450145179046545,0.27591842
137790.0,3,0.1083202760885533,0.7971686118688618,0.09841115485648279,0.18469776889092035,0.17961013,0.6004913529601935,0.022981465
137793.0,3,0.20266230151783002,0.971152840952969,0.12413502404599862,0.99692341338779,0.052591443,0.6496759787806079,0.25388834
137794.0,3,0.2806941505422293,0.9577751466329468,0.21369427363229662,0.4702991734476165,0.1834742,0.23924999689901888,0.039173942
137798.0,3,0.655860951357733,0.875878132108046,0.13221901334251024,0.1526650446832349,0.17713965,0.5539997216029677,0.06473664
137800.0,3,0.08999815209212571,0.2537804658218484,0.01877245315128692,0.8155529275065083,0.020076018,0.518840348006922,0.48459652
137801.0,3,0.5434938048935218,0.942657883473878,0.19495753136921914,0.9951883916660362,0.093017526,0.7315224212611772,0.37719226
137803.0,3,0.014155429073350552,0.05226461746395265,0.025537024753340277,0.3203944234217407,0.032186367,0.02408688079564958,0.008564499
137804.0,3,0.18228133498976862,0.779802749733191,0.03008201757105088,0.9968902386163315,0.02084737,0.6150959978883671,0.07710125
137808.0,3,0.10519278073462503,0.1825164146877067,0.04105584031022479,0.5372554486820745,0.033740737,0.027957298134578507,0.0059198593
137809.0,3,0.026984488578546992,0.049291804351594665,0.007055021207572731,0.4457720152633592,0.003718236,0.024582068941078932,0.006067524
137810.0,3,0.6067542685997461,0.9286747626391214,0.0417591252693234,0.9968189232906609,0.050184,0.8895428678873347,0.40407988
137812.0,3,0.033095781744385426,0.15242269768886627,0.02080822267967307,0.3562745681914827,0.0066037835,0.15505745007912664,0.056917626
137814.0,3,0.007060983034900442,0.4790500820168335,0.013878964660018752,0.940314372453037,0.005791679,0.3052596827768334,0.1572547
137816.0,3,0.08823181443310267,0.13525071256387602,0.016455945265434344,0.47605705671069853,0.010866505,0.41253482858357626,0.16635795
137817.0,3,0.7833485711204381,0.5419738550431836,0.3093120678874758,0.1888607551020211,0.56614816,0.7758851403634707,0.094701536
137818.0,3,0.017000347875851713,0.03537804570962346,0.005311818270777214,0.3411055715021225,0.0050878827,0.025395075257511442,0.014555291
137820.0,3,0.017630334021936422,0.1087376814441989,0.018867995058949025,0.35854029970227064,0.015886698,0.03907240369967572,0.002679994
137822.0,3,0.865278667179017,0.7853798298457403,0.016367459453164743,0.3232208374444308,0.31998318,0.4521006282746517,0.04679798
137829.0,3,0.04230560091129924,0.13326139925525976,0.010865751515124047,0.409775655437917,0.005177143,0.3039965109585538,0.11361096
137832.0,3,0.11746530849278891,0.32980740022949473,0.12603532800388806,0.5050166693758802,0.046050396,0.29201856290026784,0.042880673
137835.0,3,0.1743822123162249,0.3799291182099526,0.1354203981041431,0.43760541589281954,0.074345335,0.4897257818003648,0.0056741573
137844.0,3,0.28908689373857765,0.9689808134679383,0.18859219352741657,0.9034693755210808,0.33130306,0.6733950861475275,0.13033032
137849.0,3,0.007484248645741451,0.037549203056847676,0.006855322491462299,0.12026261785172236,0.008666534,0.01089127272068312,0.0060198517
137850.0,3,0.2539685545006969,0.957786800889987,0.0813893879809727,0.7653290875846347,0.085222475,0.19144392050356346,0.10975553
137851.0,3,0.0045954658216004725,0.03091034831004418,0.023372091070956516,0.21106884639670223,0.0075830664,0.02186518721036248,0.006204323
137852.0,3,0.2992494997652879,0.6488440668468699,0.0640079827853543,0.496144772726187,0.07200209,0.8426675327409818,0.11334395
137858.0,3,0.2551738232597479,0.7630350494778512,0.19252807868122573,0.9853967890923172,0.06915358,0.4063811985317977,0.31994632
137860.0,3,0.08915203747064039,0.6441155047770335,0.08723812803733762,0.6852286158261999,0.027666965,0.5628011405465886,0.020855706
137870.0,3,0.022777697031101902,0.3163705596852983,0.03260681836029894,0.43894255198621474,0.008711026,0.03984363425880051,0.19751686
137877.0,3,0.01020757922876351,0.29922222676230587,0.016314576387845923,0.420588922781909,0.0054770894,0.0348366760781938,0.0044383327
137878.0,3,0.17870232364117597,0.9951960866007323,0.08909409725852384,0.26138917141189655,0.039176974,0.2551472769953896,0.013471527
137881.0,3,0.07949430604782146,0.7250635111156001,0.049419523310265584,0.996013632725537,0.06894935,0.7764667598940659,0.34163266
137882.0,3,0.1749033833818175,0.7266870416797655,0.05452876263177629,0.32439984869334376,0.068648204,0.3935575521725242,0.3088858
137884.0,3,0.10956633904577408,0.572647565543049,0.06398317600701363,0.4803450754018368,0.024750287,0.2013123565118724,0.23067893
137889.0,3,0.11082674459265573,0.4029520126520095,0.01216058311526857,0.5891811185085436,0.03526116,0.2492790975014667,0.15676776
137890.0,3,0.006255125636251685,0.06559173657244824,0.015016268044677348,0.4197110799207582,0.0033360096,0.01667800064897751,0.01533883
137891.0,3,0.03319770663421882,0.23294875219646782,0.024061867902127432,0.3391265129053606,0.0035519705,0.2796049366543786,0.11302879
137892.0,3,0.0261541070209521,0.072695482849388,0.05091422290974033,0.47548725695792615,0.03639917,0.11384006550128709,0.024476118
137894.0,3,0.30976378645348196,0.778304058592582,0.14320502458969198,0.6191135364919561,0.09376445,0.8204934856034746,0.22303636
137895.0,3,0.028080998573581335,0.05485632833265353,0.022651521603941894,0.10532531262553436,0.005152212,0.01837370447751807,0.010361725
137906.0,3,0.09757575106666741,0.930329296592679,0.3084278284092208,0.41397413726039456,0.21525839,0.21481017898908114,0.035736647
137926.0,3,0.039347502636844375,0.10044694757833886,0.027797775073920387,0.7418565753835173,0.043752875,0.01679791185571298,0.010140171
137934.0,3,0.9999999674577789,0.9727298010872896,0.14417581198536733,0.9948122217382986,0.23008686,0.7852519457090839,0.2794389
137936.0,3,0.01791572183466994,0.9083734400911219,0.030367606128891785,0.5963654762135979,0.049267165,0.052639333977714926,0.036563404
137937.0,3,0.054756142853047286,0.04631601962273217,0.009947239713519495,0.6736190627076769,0.016731763,0.04572296705154215,0.005739028
137939.0,3,0.012802722182508445,0.0610743848418118,0.2739203550506183,0.24441744513603514,0.009407163,0.017812504580557297,0.0049069026
137942.0,3,0.06086140021897883,0.58964896019241,0.0976600194747428,0.40096396385633953,0.07515255,0.6278976834519843,0.047441665
137943.0,3,0.01519085288726459,0.5897860260370148,0.026225924180787792,0.8085487261128853,0.0062247515,0.11659386641015329,0.10347708
137945.0,3,0.07289688608272048,0.9913655728211402,0.03031050339990673,0.2779487350155415,0.033297185,0.7020633614393909,0.02497979
137947.0,3,0.20053942476701525,0.9057561622268487,0.0819768309550016,0.817770740430636,0.059906155,0.7655200572451993,0.5457705
137948.0,3,0.17844651036645562,0.503105478944759,0.021355499831829355,0.1890300579955523,0.03294202,0.41682641396779796,0.16273862
137949.0,3,0.12507811207793598,0.21486390317456244,0.2072203424744684,0.24008976548152722,0.022013804,0.05313897548054872,0.017060615
137958.0,3,0.15945300847508123,0.6469664181451038,0.06433453194768761,0.5441896179915635,0.11434157,0.5050203341326833,0.004412446
137963.0,3,0.22318965611090805,0.621535948091598,0.32061926953956477,0.4623810281541061,0.68385637,0.15187372840837732,0.005969803
137965.0,3,0.04101340391469693,0.7667013381900082,0.08672242368756662,0.4724255387569304,0.037066236,0.3859533008555787,0.037653215
137970.0,3,0.016321137104678637,0.11452292548578612,0.024525007424510227,0.47080291254757367,0.0023663377,0.25046993030288683,0.064647086
137972.0,3,0.1829863500929057,0.5850835857902185,0.058041001432956256,0.2535307229090901,0.06260622,0.19433464331022354,0.047503766
137976.0,3,0.32382984893446454,0.902984975084265,0.15287222430102543,0.7043187806900542,0.09734518,0.6223166332207598,0.3421173
137979.0,3,0.03675516496110535,0.6630887640586449,0.06596962405435314,0.7972250270245739,0.02701128,0.5620209899463329,0.238143
137982.0,3,0.10370150873691389,0.8023728967985913,0.13126069371372626,0.868208775507665,0.15506095,0.8278397858874093,0.09015305
137984.0,3,0.21491511694716497,0.6680015620295489,0.11737382710634645,0.4435054711481633,0.155559,0.589769217102005,0.0030552319
137985.0,3,0.14118811017149333,0.8838869765900436,0.22936815841636318,0.24697641763691022,0.25162843,0.39498599774075,0.07015197
137991.0,3,0.09368334752344656,0.6669758649552762,0.19243262511342427,0.9312218871820547,0.07042053,0.6633461375447609,0.073878095
137996.0,3,0.0331722486124547,0.2203321127254447,0.012105303728635395,0.43313768272194425,0.011465715,0.14155980267252652,0.011420864
137999.0,3,0.02097697892005074,0.7924863820781944,0.029592484995154957,0.6272884364542628,0.027943367,0.30223210124295175,0.16166633
138000.0,3,0.13768794983081942,0.38650717416194125,0.057195880377565296,0.3931431178197036,0.018136363,0.4370058317057619,0.048771508
138007.0,3,0.0211803771096771,0.06085147556223078,0.015811920808620435,0.27033430086287347,0.0035520666,0.031060345457491315,0.002645252
138011.0,3,0.2728064980936963,0.9489559832330395,0.1312410014262331,0.9971961362967364,0.25762448,0.823596853834133,0.4140369
138012.0,3,0.010199277141434744,0.06314178937681193,0.019519899961701188,0.3723121766234354,0.009997728,0.03638165531416123,0.03267808
138020.0,3,0.999589877551943,0.59763310310068,0.092238706871929,0.3403964797025076,0.28827026,0.512156387945927,0.022922598
138021.0,3,0.02687740800818042,0.1888157430385333,0.009060669341504561,0.7813301468014696,0.004379331,0.023404625192074705,0.0055402354
138022.0,3,0.6613503884891904,0.7270774114306964,0.5738201376284473,0.43476345146966955,0.38370866,0.3716504593182136,0.034852162
138032.0,3,0.006340520771330796,0.10791450794501103,0.011189508605825007,0.21526181012660422,0.0049100397,0.05733442155081644,0.0027552512
138034.0,3,0.10925440810974296,0.6890440595475207,0.008828604474351761,0.7309797530878926,0.005295916,0.40923208626337215,0.34080628
138036.0,3,0.34751313437306747,0.9483287154821509,0.048835722458898896,0.6341599160577501,0.051158544,0.7279885612028995,0.074885584
138038.0,3,0.33506036144407453,0.6780745340117988,0.1081229515952007,0.6882387298555801,0.12021148,0.20564604507816855,0.067242496
138044.0,3,0.045963401806184814,0.0924690951529793,0.01921740127077863,0.6375967985473577,0.008034487,0.059470149535492164,0.01731282
138046.0,3,0.06018850549309362,0.8106550507112081,0.037411086528885494,0.766914377912681,0.034742516,0.03483677370211346,0.005302898
138048.0,3,0.06621047574950122,0.11682686127851225,0.0736366913976499,0.3005807402438046,0.025843272,0.03432215341389963,0.03971385
138049.0,3,0.03814193644363798,0.7205109252009443,0.02823849059805812,0.4219822385785508,0.017464727,0.27423838996775446,0.10316005
138050.0,3,0.5739294295576183,0.9784461474325419,0.37843051323184573,0.9959933994534627,0.2451389,0.8753562943448672,0.06534755
138057.0,3,0.9953260629814857,0.658870414726763,0.07763258007026459,0.6494396456427678,0.09456969,0.8602332023507885,0.3660915
138059.0,3,0.6429710711748525,0.9250556025562323,0.10256502760113853,0.9967476807928374,0.24130452,0.630828710234054,0.09807696
138061.0,3,0.253348779086273,0.9492095013552847,0.06112163092896973,0.7822791527947894,0.07633036,0.17282100119553254,0.044238918
138062.0,3,0.9998654856800586,0.6513190486476131,0.07767026984474863,0.9684324109281565,0.24460594,0.9140539393899464,0.31272504
138070.0,3,0.22327468255458455,0.6266410244768786,0.23024689680495708,0.5457150392850602,0.6140793,0.41302142537447434,0.055293202
138072.0,3,0.8234709319455895,0.6438898205643744,0.9366560652200923,0.15674855940598612,0.79153156,0.37302956994665654,0.1308408
138073.0,3,0.04289652968133173,0.7744834710341194,0.062467233558028114,0.501382349418982,0.07661098,0.07812445326037268,0.10291736
138078.0,3,0.18012237416881255,0.41220570328552175,0.20913453171817564,0.4118261510752531,0.34528607,0.05065961728271238,0.014899398
138080.0,3,0.01642163664705501,0.4485054365618132,0.04142419657001954,0.33212970330529534,0.00854827,0.36361536841476566,0.3867436
138081.0,3,0.02770975961613507,0.3056066968273326,0.31798198007765266,0.5659477593100375,0.043579794,0.23554056736531487,0.15609267
138086.0,3,0.06177362713120232,0.15459816614826455,0.04145200969068053,0.5055619134582567,0.026836298,0.01998956105475955,0.005329007
138087.0,3,0.13561690124284376,0.9521202005516103,0.13176698300398,0.38107320946275264,0.12744641,0.09387124183895262,0.04427535
138090.0,3,0.024832318736973454,0.17537594702163378,0.13433370654509041,0.5079826475143308,0.032893088,0.2211570020414117,0.10531435
138092.0,3,0.39990874718717256,0.5944139271641499,0.2176756273841056,0.4163623919508874,0.052108306,0.7170123459305814,0.05906702
138097.0,3,0.5390985820171034,0.7825095152403316,0.21492207975687844,0.17351968522469216,0.39534825,0.39702877601693765,0.07889797
138101.0,3,0.9999242255981539,0.7591192142410464,0.09815466372742779,0.9964701385868001,0.291985,0.8377059831255111,0.2887371
138102.0,3,0.003120979238163318,0.04021929964159981,0.008347352026385655,0.29408532010992244,0.0042361105,0.02251813375809643,0.019454082
138103.0,3,0.5628877218345264,0.9446130758375754,0.031810740234147795,0.9962464415963909,0.16253379,0.8240290003819133,0.4787233
138104.0,3,0.04946125433485303,0.3995723716385396,0.03013622191173631,0.9400050982625072,0.007982971,0.11010647182314597,0.05619015
138106.0,3,0.04894532710159495,0.16953027498700224,0.008133785946177693,0.5116021854305121,0.009453175,0.052904635763668606,0.052441064
138108.0,3,0.016843940528110467,0.20704470236522163,0.011019776551568241,0.34331204336719184,0.0036738634,0.08963955746107441,0.011283068
138114.0,3,0.02910242657891227,0.40283651624489175,0.02906974623461788,0.724461550811975,0.017161172,0.038944642245427305,0.010089548
138117.0,3,0.2163943250270374,0.7433142159667455,0.06467142155276322,0.32564696901231965,0.13659847,0.8728258441098592,0.17337944
138118.0,3,0.006986636020410646,0.06982922210282154,0.010865707962289787,0.18639766175171807,0.0057287365,0.026538014686517845,0.0029981008
138120.0,3,0.04114097622365941,0.9903600933444103,0.06309728822329631,0.7055580802373494,0.051510133,0.48791351664460725,0.0074891285
138124.0,3,0.019765799021102346,0.04630870721940011,0.014712488323172254,0.4075521356302755,0.0054033087,0.05763937408877553,0.006749393
138128.0,3,0.9973735165771429,0.5201351712386466,0.03489826349693375,0.43133054295730405,0.06841197,0.4031950929289621,0.041932162
138136.0,3,0.06587890799392411,0.12470545630365917,0.06355831068027491,0.41032409564849925,0.10320683,0.014708675492156716,0.01720073
138137.0,3,0.0160563151211958,0.08668411084922426,0.029858967731282788,0.29185726840772935,0.006179701,0.054579070295849894,0.043442093
138141.0,3,0.15113173440891745,0.7919417489750107,0.08538153847246209,0.3321495068055815,0.34645942,0.7354156625958989,0.004728793
138144.0,3,0.9474725790517929,0.9429328988728161,0.05484490720807376,0.995944725823036,0.13540442,0.8869475309518091,0.37879297
138147.0,3,0.025832949051390525,0.022024195986093974,0.014222991076399306,0.39569850869220463,0.0029083814,0.06362026802489067,0.0047679264
138148.0,3,0.3248927692700295,0.3968989227948036,0.666367990719821,0.4142046891775933,0.09269668,0.17411730004926157,0.056584984
138150.0,3,0.015013952276504322,0.07592926442279274,0.007286773708507596,0.38509446996992786,0.02463632,0.07598561747044438,0.027072236
138154.0,3,0.0070281283261587335,0.6744508527222869,0.08528485174714193,0.9697951688730014,0.065381795,0.06117263114058722,0.1156073
138156.0,3,0.024636188858359366,0.04626533158609852,0.017561945976754714,0.3972943093182636,0.0027409547,0.026784254947003535,0.011910622
138162.0,3,0.8451997207462658,0.9428110083811098,0.027033488628808753,0.25989556347338455,0.053421065,0.8601576323035586,0.47753376
138163.0,3,0.002955185281889775,0.0370636136925282,0.025298727942967707,0.3742260644039352,0.0045078066,0.024588410541197557,0.0114531135
138164.0,3,0.09089916518996673,0.6274108979596058,0.06294145067764055,0.3348224267679055,0.098336615,0.7623365721130734,0.011707158
138177.0,3,0.1590754725134384,0.8652802379837661,0.24344958041457954,0.9259098502514878,0.16109526,0.2372554554874686,0.03187509
138181.0,3,0.052653894753780794,0.8922592998313851,0.07730844266778976,0.7946450584135085,0.02658851,0.24485989805698796,0.1834342
138184.0,3,0.34895825899816335,0.9951554702465382,0.1769561056595971,0.403293656266094,0.15032867,0.5519663208425574,0.018148553
138188.0,3,0.2898479064525441,0.9344508314324751,0.36911435556724964,0.9965275262165899,0.1767274,0.7192862003158537,0.08374419
138190.0,3,0.6021318508023213,0.902761851405907,0.4508460452331912,0.2887123971877221,0.5678718,0.605147257849813,0.1086821
138191.0,3,0.026516976994127445,0.8414745502978684,0.038712228771258676,0.7340318196348935,0.019417483,0.05206946035069006,0.13245323
138193.0,3,0.482167695687659,0.9795599451715599,0.26013724685927414,0.9945084822651895,0.12264751,0.6852303934695426,0.18418868
138194.0,3,0.0038001759746089,0.007876644079190283,0.005176795550683256,0.14598142271135425,0.001531248,0.011429623623966852,0.008739781
138196.0,3,0.14115356663929474,0.9191756067679785,0.16260337843363518,0.7015901538435999,0.08994574,0.015995197321499826,0.015325606
138204.0,3,0.00837104583106804,0.12497952352235295,0.013218891664264607,0.3535577393920395,0.0035308462,0.09242729449079684,0.039089814
138209.0,3,0.0038739520794312953,0.041581646762883374,0.007585322845429751,0.1632384612722255,0.004506245,0.04665495651077689,0.04779311
138219.0,3,0.7202791278202777,0.7507433621649606,0.05363433617440568,0.9960601636485097,0.04394715,0.6285234735228007,0.12121986
138225.0,3,0.12369955730132647,0.8751423738347754,0.1029663964552271,0.43132979490707485,0.11184986,0.3711356039067937,0.0054302053
138228.0,3,0.8189667003755655,0.9491157503983301,0.3989072732698457,0.9955735101262203,0.22101974,0.6458133027994137,0.1105794
138232.0,3,0.173473008740961,0.8625630486645135,0.11252340550481486,0.4986069335755478,0.11861833,0.0328499688107879,0.010434608
138236.0,3,0.006325880847651831,0.02413436038925087,0.009163487357120697,0.3786683874728867,0.01447035,0.023070795111856564,0.0044158516
138238.0,3,0.05739073838394604,0.3626834526028876,0.07230523488892775,0.5164306808912003,0.13003029,0.6085790480580933,0.009661193
138240.0,3,0.7974053417354985,0.9442202031485702,0.15500236342692525,0.9964876712126346,0.20993917,0.8950289629833399,0.24763845
138241.0,3,0.03494021346208885,0.09856783069394963,0.03227902164055089,0.5652506920243434,0.008836569,0.0835277336575944,0.0039785365
138247.0,3,0.2388745631370096,0.80661650834013,0.009826898408728413,0.9055694204248054,0.019760316,0.4001553191504647,0.7345909
138253.0,3,0.009088865441379977,0.053371538532724916,0.015213895775672599,0.18721408335302725,0.004998586,0.029040466357906504,0.016941188
138254.0,3,0.7623612656219941,0.7948602834603974,0.19537815594990535,0.9940833921386508,0.43023327,0.58136504338068,0.040237997
138255.0,3,0.2273739230367435,0.5420013012140831,0.05930558820052783,0.30699096269883563,0.085157625,0.40683525948916166,0.10154874
138258.0,3,0.07657790107368627,0.46239695708453005,0.03133754853259305,0.6634687308480852,0.067942806,0.5619490946388304,0.2001479
138263.0,3,0.01160487159597213,0.08323897151433383,0.010060897807674635,0.9418644934946161,0.006221829,0.11446355887032501,0.04503584
138268.0,3,0.9827979398216713,0.8905382396510548,0.10714651071877762,0.16224785828499208,0.29284403,0.5756607193859773,0.086115465
138271.0,3,0.001611208193682315,0.02651373260291991,0.0037397668527779197,0.15642893242880013,0.006546595,0.01458235076919804,0.015803454
138272.0,3,0.9966150739035982,0.5884415429394476,0.02873314662671867,0.36623710350763816,0.032437935,0.8540092384073943,0.42197737
138285.0,3,0.010850010871436494,0.17099643604479872,0.025626170181071647,0.296518752133231,0.01482258,0.05723652817336152,0.0058513777
138290.0,3,0.014486391569469728,0.12735824053678688,0.005892655293302302,0.20314605103366398,0.0049685664,0.031188987938774382,0.02821872
138291.0,3,0.03214922234036135,0.3271925869031496,0.12761554445553047,0.4212063723066855,0.02553531,0.10915519736813664,0.2772254
138292.0,3,0.014297137967173483,0.05547989365665697,0.020679172118208824,0.4216735635140625,0.007149454,0.02527178370817906,0.0046110055
138294.0,3,0.1188430725371545,0.46251196663301763,0.04319874479097195,0.3775642540564387,0.06019855,0.55648263066086,0.011005679
138296.0,3,0.9119909588310481,0.911562725679101,0.14062556808633928,0.30013480994057856,0.5104687,0.8523137128409473,0.08830351
138297.0,3,0.021601481175381375,0.18129140731898438,0.05549828172717305,0.3947886838182319,0.011779464,0.043755259516482035,0.007757155
138315.0,3,0.003896313071260862,0.264097775996115,0.02573002280654183,0.1833080943164164,0.0033449363,0.05543617473570771,0.05168542
138320.0,3,0.9999860309783458,0.976279994171973,0.20007761535605195,0.316838730322984,0.45066586,0.9132918653639961,0.08132119
138323.0,3,0.015065152096366434,0.6587219740268411,0.02381530508007121,0.3709626283606529,0.008719818,0.4016025348469298,0.0109444335
138324.0,3,0.12440427161149666,0.8834600479605774,0.09959556696997442,0.6588717997474218,0.016776616,0.1097840743016709,0.002807542
138328.0,3,0.9991685760534211,0.8807875538440053,0.032453069017532594,0.4684768332778098,0.10653572,0.5900364003245235,0.43239605
138339.0,3,0.07915242824075636,0.20342960521392936,0.016232871046952722,0.9419762436634329,0.00694132,0.6679395014728897,0.17077656
138341.0,3,0.06317865504002337,0.28939078229721704,0.031153913563263122,0.5939010761304588,0.014244002,0.27969709495646006,0.040923595
138342.0,3,0.02661658564604581,0.048842268106163295,0.004294071752068241,0.16555278171599744,0.010274438,0.0651411355845625,0.02078182
138350.0,3,0.006694420439111661,0.00968469730291164,0.004994855702583433,0.19155578267503065,0.00281022,0.01933509648298431,0.0065036286
138353.0,3,0.382039370948842,0.7613885240024137,0.42892329995706563,0.3690262682443447,0.5495424,0.11719188608149934,0.015655467
138359.0,3,0.02998564543142322,0.07491689643625446,0.010740726658664268,0.9897376948985339,0.01163255,0.3951058560824371,0.23299411
138368.0,3,0.5853008526372727,0.7497437744669613,0.46717066446874966,0.5619323016801415,0.15498115,0.3630616116119135,0.052969176
138374.0,3,0.9997801378687308,0.9419841938146017,0.03176050291189856,0.6983143453315628,0.09014849,0.8114528836007909,0.22271673
138375.0,3,0.9765697094540184,0.6596452867895917,0.033049694834704366,0.32878533857420705,0.04737236,0.5770090738334266,0.24658272
138378.0,3,0.04191274266230392,0.42383014523092755,0.017424768602541968,0.6961648086483883,0.06049145,0.3132032659427593,0.25064105
138380.0,3,0.0683392269259036,0.5579493133531263,0.054699533901661074,0.46781010815460683,0.021015821,0.37805233730641713,0.0065526576
138383.0,3,0.04103394377795359,0.3520468220537295,0.030198374380467036,0.9118340236643042,0.035304576,0.3924039303254855,0.21063775
138390.0,3,0.22009815770300126,0.7876776837259065,0.12456562285918027,0.9354937630566754,0.061076373,0.4754808577721426,0.12718515
138392.0,3,0.9066598718065779,0.6380885509971262,0.12204074676282485,0.25015119744473774,0.30626673,0.45251434496050313,0.11661595
138395.0,3,0.01141595901285757,0.051046790984503064,0.018498615816023287,0.6352499295096183,0.002542274,0.06058056215310879,0.024419706
138398.0,3,0.09694411157201173,0.08168967853152356,0.02288569493299855,0.4705659989482859,0.007095155,0.026455075825974977,0.012682683
138399.0,3,0.3514867561801863,0.8444347530345264,0.1087871454139432,0.5850116269916295,0.16682293,0.3877131197385425,0.06789465
138401.0,3,0.058781300823612305,0.3188925840723294,0.0381259230975362,0.3973220493682645,0.121994905,0.3530979395713006,0.12779994
138402.0,3,0.014751487517690232,0.037189168639697866,0.009095307124336672,0.1622738653608341,0.0055137095,0.09629307490076211,0.029130312
138408.0,3,0.03599451134024058,0.31988285024580404,0.04198577813182208,0.42896210221587777,0.021027979,0.35130216016227056,0.112574615
138409.0,3,0.03669877065557834,0.14774008412826156,0.005837960583679722,0.44219445817157454,0.0029515477,0.07001995310308436,0.01248579
138414.0,3,0.013898252036549664,0.12701499887447795,0.014436803271640168,0.21482911193161827,0.0042421226,0.023058348726961293,0.005915643
138416.0,3,0.023737807065189624,0.3427029168080077,0.012835719262805393,0.3019707731652647,0.018552816,0.1564723332735855,0.43707967
138418.0,3,0.018378882747871403,0.08031566314065004,0.007345962429871084,0.40922377353599937,0.0032552613,0.19036686692272362,0.08850812
138421.0,3,0.05280824488292185,0.5037896899570949,0.015588174273061773,0.9730906275148887,0.032161344,0.3153735159276423,0.18817283
138422.0,3,0.9302417438005067,0.952706612029163,0.13201799618264698,0.9292663031844943,0.24561511,0.8631731681236012,0.23577167
138423.0,3,0.9928516065615036,0.572608987620172,0.7027902781014486,0.3178615986981233,0.36503416,0.6191319373563234,0.03609062
138424.0,3,0.5830788297238997,0.9644657515281019,0.04734999383815106,0.48926580108844137,0.30523914,0.29923156534430495,0.09744067
138435.0,3,0.08254173825281881,0.16112785478962283,0.018444092819679223,0.3776384797431996,0.018156417,0.12123131129394074,0.017577138
138439.0,3,0.1305564466710995,0.8133726392281506,0.11417328204218848,0.5147217239164599,0.0673753,0.14955336542552922,0.021100776
138443.0,3,0.767857343846538,0.9776819011042138,0.018153191409413797,0.9962775780113056,0.1133209,0.8791418919856357,0.1409169
138444.0,3,0.8140891189541521,0.9232595318842559,0.12377907285601059,0.30994804400200465,0.2599072,0.3482690033259455,0.118687764
138447.0,3,0.16043660305447002,0.9626062035377277,0.05786789276634767,0.6424448705890102,0.17894374,0.7134531262392126,0.09829686
138449.0,3,0.0374101722319385,0.3343749678636407,0.018412772555805066,0.6014567319258035,0.011378867,0.4049461823288507,0.030269723
138458.0,3,0.028589281198836358,0.033482799385407956,0.014147376408970408,0.3036126832444133,0.014359966,0.016368187034993865,0.02220945
138463.0,3,0.8374988926830572,0.8473281746565989,0.05051339769394928,0.9831872404568478,0.17400953,0.8405067100920199,0.21600999
138467.0,3,0.06018948611504822,0.8374826607555119,0.048986323123705953,0.7769757214957399,0.025120288,0.2826707195111321,0.12461734
138469.0,3,0.10434994562835978,0.5061241577619627,0.03530511401209555,0.8030534057012105,0.023933476,0.49019763789882065,0.38441885
138474.0,3,0.05877519705590853,0.95882376617883,0.1284359779474257,0.49156199848971455,0.060161255,0.06120947009317584,0.124319345
138480.0,3,0.5234847625283193,0.912555891109564,0.09292668950201147,0.4336044189949305,0.107904546,0.776375217122342,0.45309687
138485.0,3,0.015697491056740648,0.08374990412537575,0.03321493259139551,0.4573054278406973,0.020351425,0.2103716156240719,0.1530475
138497.0,3,0.018780270165101073,0.04249654622116684,0.008422175467058757,0.14084529828722817,0.019176716,0.039596541920333156,0.053548023
138498.0,3,0.014662575002168127,0.05641220870352698,0.008521558783743478,0.30982857927588175,0.004697541,0.025917139986252478,0.008678062
138501.0,3,0.05836839490630179,0.0751086486973082,0.013577532952563854,0.6227897316662941,0.009388931,0.11934765649816688,0.028619297
138502.0,3,0.009111260634426386,0.47941600756403485,0.023700637292507376,0.6163097656700454,0.013128566,0.16058127612978104,0.013941583
138505.0,3,0.7415847940041513,0.46856707912300494,0.018656658452413964,0.3603904422151561,0.04975986,0.32645898915262567,0.14650488
138515.0,3,0.19339286257365126,0.9781014168872473,0.04743448977385866,0.5377967276471187,0.0549555,0.7572437351156682,0.54608727
138524.0,3,0.15650750866929378,0.8430997426158165,0.10089243503030558,0.4246003543033662,0.060686707,0.5026288524508269,0.012385226
138527.0,3,0.00819068130565699,0.02926352550116302,0.008644044676798633,0.14551721795496575,0.0030938042,0.019467804600301553,0.01061402
138532.0,3,0.03934305418762601,0.2777224871906194,0.10350861110759259,0.49444184536504976,0.050635908,0.4206698563658944,0.05331709
138533.0,3,0.0067116628651078414,0.47158819945029923,0.10046033569004949,0.45000132766090756,0.053495303,0.13355163280350563,0.04770353
138535.0,3,0.026958119331538865,0.07508358816936088,0.015403252909076667,0.3643825401477497,0.0025625632,0.2693958274312874,0.12003128
138541.0,3,0.9909899574999533,0.98479804307563,0.012728214099084156,0.9967547956237528,0.101543084,0.8919624274341631,0.44226927
138542.0,3,0.08151747777751608,0.9489578830831736,0.04878041128735274,0.6592472588123437,0.054331686,0.2081626586404706,0.022000102
138548.0,3,0.02726099588825785,0.10817314607625539,0.012301013489653139,0.25016780330634475,0.0028192487,0.047069664640848594,0.016123777
138550.0,3,0.0242339489034346,0.02674269845973668,0.015433545752727054,0.4018844929752829,0.005539497,0.08330499724420536,0.008493334
138551.0,3,0.9230621166901559,0.8831200603492095,0.029854226445309502,0.9967067883679682,0.032047406,0.7702398256539001,0.7866322
138555.0,3,0.0031910879986986507,0.028455937587943594,0.016287240029017894,0.1962430164953502,0.0066193137,0.015372943972549446,0.0074256556
138563.0,3,0.7337842331938997,0.9228440254432684,0.21002699987278456,0.17521640245789102,0.23521663,0.6345542001770298,0.19000645
138567.0,3,0.024701981672976648,0.21616740070953752,0.07741949965701764,0.48012613358170364,0.027436413,0.03365809901617195,0.017525118
138576.0,3,0.008731692373929354,0.0831913901800987,0.007911324838624528,0.5973242957885627,0.008142069,0.1492571632733541,0.08510464
138584.0,3,0.15379956289070207,0.12120215952900679,0.06532301112195012,0.3759579496276637,0.16190842,0.0474927320742085,0.010082821
138588.0,3,0.13324869900092678,0.44912025300903735,0.0892918646998748,0.283494252256229,0.3947782,0.17400801407966904,0.054949574
138596.0,3,0.09207669809561501,0.8072799118816852,0.02987513460958671,0.9519343226501642,0.016469039,0.27531167602962797,0.15717891
138599.0,3,0.9662002584818848,0.8043686935272971,0.13759924010217275,0.5328429114771044,0.589056,0.466186691547217,0.109554455
138601.0,3,0.0566524172879124,0.8778651843560163,0.17686303512594798,0.5518547955574824,0.048901785,0.10336925404373806,0.0051614274
138606.0,3,0.2546294004283798,0.25357138149114883,0.03018754910365199,0.34068803461378566,0.017498454,0.312493363341884,0.22619863
138609.0,3,0.15562930765009408,0.9316521783201486,0.048722837584333684,0.978959686471732,0.08052194,0.575957859390124,0.066466786
138613.0,3,0.06942747556263275,0.5503281528865799,0.09614135310947594,0.9905496860533096,0.12599519,0.5521550344327669,0.2196814
138618.0,3,0.030684573723551205,0.7153311045136845,0.04664223862370772,0.5994059295605554,0.043005507,0.203062802652755,0.04346095
138625.0,3,0.009252186181794209,0.18051813595162267,0.019801891707742752,0.3111924259320435,0.002353899,0.02724850463708118,0.004970153
138636.0,3,0.015041135410712463,0.2450914312728134,0.020265450804954042,0.6495406931025702,0.007940413,0.15552911879125872,0.013508103
138639.0,3,0.1928308733333839,0.9241135105463595,0.03425735970055963,0.7963529328590122,0.07795061,0.9096797110901703,0.6202236
138641.0,3,0.18889954018626992,0.7069211454353305,0.07840013122797126,0.9523696442990485,0.022599284,0.21486465442064923,0.17248774
138647.0,3,0.013352516928782405,0.2777504207082124,0.09758575676734015,0.3982987733914156,0.023558604,0.23773368140518544,0.05069263
138666.0,3,0.9999980589886198,0.9202132446635227,0.018215714417876772,0.9966061129333706,0.02656583,0.9040899039973431,0.7805582
138671.0,3,0.02370913162644664,0.913272499007062,0.11836824300003462,0.8835819842219647,0.016304191,0.34273760691361843,0.25128472
138673.0,3,0.16087074137278506,0.9450753010649843,0.16720349284354655,0.7556313525141666,0.16173345,0.17159909065860313,0.014095671
138674.0,3,0.05070963373523743,0.2817310874963474,0.17760127684779117,0.4811305400864137,0.025335232,0.22805607571526199,0.040308364
138675.0,3,0.9505183370093053,0.9846089368613177,0.21995233869192177,0.11185396154745826,0.43273342,0.32507130898369907,0.019871749
138681.0,3,0.24821263331571025,0.6147020566049541,0.156103455741063,0.9427039402203793,0.20314474,0.13542015465004104,0.030891577
138683.0,3,0.039212628339207196,0.4700579076047587,0.0181362663136984,0.988197397428309,0.040744893,0.1574657080381903,0.048064623
138690.0,3,0.062082177512295576,0.2963639067438635,0.024266269895305607,0.5602467257213654,0.03665863,0.4467461995211285,0.01243548
138694.0,3,0.048425750658125,0.9696252347389751,0.030502420599422,0.801712958105078,0.1322452,0.09955846075556347,0.043345153
138698.0,3,0.14022147076746386,0.8813967330720816,0.2079339710323692,0.9187161732315481,0.16949445,0.9320979534774684,0.3517367
138701.0,3,0.8491139064904378,0.9558633865430161,0.09864998163198414,0.2511868700801004,0.2686299,0.8415826144086497,0.13544388
138703.0,3,0.0938104217540726,0.09968608616523848,0.031993412653740366,0.5768546891519662,0.018691186,0.3116301060729148,0.15859435
138708.0,3,0.12147016193519612,0.9581883934559661,0.05354362210538651,0.9432750398960297,0.09599691,0.6017567762337722,0.06076321
138711.0,3,0.05158345318172945,0.18725648471380835,0.0034764291583533322,0.3298352379853624,0.011443664,0.16580343219727378,0.23137005
138714.0,3,0.11605115684415766,0.9240020784893521,0.11759412226882193,0.7191015151436234,0.15834555,0.2859268360972656,0.06448799
138716.0,3,0.11197911632061802,0.8863355144527764,0.07875877492780609,0.603907387597954,0.1889982,0.07280319292056915,0.06475019
138718.0,3,0.059881158896925475,0.6485606959738458,0.04860443593831835,0.27344732114797704,0.02059596,0.31276136320084075,0.24486206
138719.0,3,0.01460573331970223,0.32659956893102027,0.029536241015744407,0.6951123807646669,0.006496248,0.18549535477645804,0.16223349
138720.0,3,0.12314678048228472,0.9103543937542893,0.04825830876543604,0.9487609066816607,0.034531385,0.12240978210286915,0.025848484
138725.0,3,0.010493644824646455,0.038052362317929314,0.004983051996125878,0.38346281813425537,0.004384478,0.04405699653300502,0.026129864
138727.0,3,0.12501983439250208,0.36827896395709203,0.16256612247678623,0.5107034543617974,0.102046035,0.08039743545525202,0.0097919125
138728.0,3,0.14884427086429738,0.16699442772632495,0.11980859051884432,0.4639703178078514,0.05398431,0.5352236677354237,0.20091721
138730.0,3,0.007918209692051153,0.0395785283912989,0.0036873254550098458,0.1452635708168514,0.0018102041,0.01986327768538009,0.015759595
138732.0,3,0.28413317008618305,0.54998322501278,0.1125312703994183,0.2249433248574654,0.13786773,0.2768331263173969,0.29342774
138734.0,3,0.33164722029435556,0.9900804901452077,0.7090438072725849,0.4582189627347434,0.1427693,0.22121939159433568,0.025889814
138738.0,3,0.07879967492124555,0.1767689487838495,0.12803069459412347,0.36643234308516465,0.11943654,0.02358147350187664,0.007636032
138739.0,3,0.027767067478900547,0.2377613332791932,0.11075745593131942,0.739033586539936,0.05990157,0.24630901275116,0.11101324
138740.0,3,0.004708563366624513,0.04895945025055438,0.008020899296827215,0.9750977628513126,0.0070694056,0.15265809656354026,0.05135366
138743.0,3,0.2815308888663748,0.6193824230704121,0.034359630263797535,0.9967663039690126,0.056363516,0.6605902791821412,0.18085137
138744.0,3,0.012394862324755404,0.0539093436995499,0.009694578580833679,0.36092545032489504,0.001342351,0.018779105982844442,0.010079195
138745.0,3,0.02755780054512163,0.16010013341846432,0.00670528083288343,0.4675930389703379,0.004203407,0.04797882322311267,0.029088197
138748.0,3,0.5530380264182885,0.9617125201090486,0.16976919972159837,0.6580334094476069,0.18204029,0.5438582733125851,0.07953624
138749.0,3,0.036112527501218745,0.07919298492081374,0.01459300064331802,0.3531592738244707,0.009551249,0.014889520875761867,0.013730396
138755.0,3,0.9402129339072752,0.9750363780377714,0.9710968424948397,0.9932866406052302,0.48592135,0.9069121345276151,0.10266148
138756.0,3,0.4496467102745898,0.9814854493526284,0.04570013807408748,0.9965501072118661,0.13561554,0.47826696208379804,0.14051773
138760.0,3,0.020179965337174133,0.47564803115983467,0.027272987472160785,0.34596892459424994,0.016682012,0.050031156881673054,0.0038322143
138761.0,3,0.01580997158148085,0.04955436067696116,0.014444504349322953,0.37462413031089165,0.0037246924,0.04898813428632869,0.0108560035
138763.0,3,0.0033304454647470746,0.13384578783328324,0.006641388470157399,0.373950989151116,0.004595589,0.20330121243705515,0.10368945
138765.0,3,0.026242507167336983,0.4830649969532273,0.08419639113549109,0.9521671457908479,0.12167958,0.26076247260918545,0.30135912
138768.0,3,0.9999484579830749,0.8614760333706635,0.11426050642138463,0.2001381267045597,0.13902207,0.7919540036024798,0.21449398
138774.0,3,0.17717683774627987,0.6206169487956059,0.09789975120267798,0.29984296110823627,0.10764648,0.35033690662282757,0.29086956
138785.0,3,0.09302964058699877,0.3389760777468958,0.10718548819143169,0.40976001600753986,0.14986823,0.4286493737415177,0.07750838
138791.0,3,0.08526863138042859,0.18757154285296532,0.003998772520591846,0.9233886195611442,0.032700468,0.5983053494116336,0.27821308
138794.0,3,0.011945984165828857,0.8269133812650538,0.06095036714933439,0.8038296488638473,0.07423248,0.6973768312611341,0.31130505
138795.0,3,0.10076088783958682,0.48860185374932286,0.0912630518762979,0.5312527478605769,0.06521624,0.3856121564442823,0.002863604
138800.0,3,0.9217809878453928,0.9927552495734314,0.10700181737031175,0.9954895045609327,0.12068727,0.8941459701236938,0.7247004
138802.0,3,0.1124512753689848,0.7261152299491211,0.03739905822984228,0.996579778814428,0.15072805,0.8668842764076817,0.3058172
138804.0,3,0.5081981085929573,0.9450079854944461,0.44944400967708314,0.3321373081600118,0.12996131,0.12649882034081023,0.05372117
138809.0,3,0.13113344033461524,0.611774167357026,0.08017792624676386,0.9823350235035415,0.04988946,0.241535956390778,0.111466
138810.0,3,0.9926744826767341,0.8142626682683377,0.03639303583618044,0.9968183416323498,0.44764692,0.8261927719652443,0.62910736
138811.0,3,0.022883610705961524,0.1049821433287745,0.017229427135031575,0.31188540294637435,0.004975884,0.1424505778225738,0.05957584
138812.0,3,0.17009561396197476,0.9752618449405969,0.058468306905111664,0.6814778167220706,0.028605344,0.271019348060215,0.042938687
138816.0,3,0.16321488280229815,0.20618779539746712,0.05371312414820279,0.985353427652827,0.022322496,0.5265231719141454,0.5350869
138818.0,3,0.09693739550819981,0.8123915725729601,0.039462112478632926,0.3258726654593904,0.04221719,0.5080627966353979,0.055470515
138819.0,3,0.745323404803928,0.7560865267962069,0.09278335745863354,0.9959772369887061,0.13547346,0.8426130167491432,0.118470445
138824.0,3,0.8838501505784819,0.9099205351317918,0.5046847713484429,0.9963955782960732,0.55852026,0.585681490310481,0.2785052
138828.0,3,0.2573966887763484,0.12437380397476094,0.01743498869914058,0.3588374580887539,0.017233577,0.41592444894744307,0.111534
138829.0,3,0.36045460391209155,0.6241447631801345,0.14136506975043459,0.4220649450212223,0.12941329,0.6427878574311908,0.007083002
138838.0,3,0.21499054139138665,0.8411794499940229,0.13532806193667224,0.4523269557488287,0.13426672,0.6349561022505901,0.005005055
138839.0,3,0.310940523469979,0.6216140150519806,0.42493757510861024,0.41238352544632356,0.16921797,0.3690582016313792,0.011583437
138841.0,3,0.013493659710365521,0.4787157395950914,0.06276419463536653,0.9116420960250643,0.0129213305,0.3444483728756365,0.18922415
138845.0,3,0.053537983492816854,0.17417617428644921,0.007453977392353766,0.5556025779406634,0.013139808,0.4396539348715723,0.123965524
138846.0,3,0.026774282763116698,0.030194605375093178,0.011092878870452953,0.24731496962430885,0.004668186,0.03082974164408004,0.012368765
138852.0,3,0.05519577882460318,0.8719687621799846,0.01769109409610328,0.9957044332945294,0.04278311,0.5281709942029342,0.38476092
138853.0,3,0.15375005712593667,0.8885275721844041,0.18440227722294028,0.9948090573234347,0.1014077,0.594225118017618,0.09792223
138855.0,3,0.02814679842428014,0.5313997745763618,0.03924936741422467,0.6746699296681749,0.043200545,0.0449473327254136,0.026746763
138856.0,3,0.08956614544183424,0.9784960778016408,0.06075030458503145,0.45907578630792517,0.19507211,0.02819823208513989,0.010363907
138858.0,3,0.026004349456628887,0.3403384733621948,0.024988895185206174,0.652701268930767,0.01323113,0.0886831298429018,0.18238753
138859.0,3,0.023197785798106923,0.21854176548751142,0.013959786552220504,0.7127740422311063,0.004446427,0.10762539539641808,0.01726435
138865.0,3,0.01065620341150485,0.15542486371385258,0.01467587070262317,0.3714335508371895,0.005446838,0.11344099359101026,0.0059028845
138868.0,3,0.11228147429459716,0.6626571807470865,0.024840172514461294,0.9830723046472485,0.007344582,0.6602804743229894,0.6181486
138871.0,3,0.060394992116682256,0.9139757546354814,0.055117576566238155,0.9959446705539029,0.017877683,0.6353822040698293,0.3764142
138873.0,3,0.003873605138436293,0.22112760654508537,0.026395233519557054,0.9565986605493406,0.026905239,0.1309136175470231,0.22553077
138879.0,3,0.1991286358318674,0.7499288614902437,0.19242839637440848,0.5272760368715147,0.050763614,0.5881451987327289,0.08524978
138880.0,3,0.15890421666727944,0.5190757136145581,0.04036308333609614,0.6366473769805622,0.016155723,0.02763841476581496,0.013602634
138883.0,3,0.2717790068437803,0.20378779869366612,0.023269060261404052,0.5791689127407965,0.017835703,0.6485783429452209,0.10848304
138888.0,3,0.1785455207546326,0.9311240085617978,0.40156021416974425,0.9964170997930557,0.21431918,0.49477932940078556,0.20198826
138891.0,3,0.03437793253782975,0.2991638658446562,0.027733387149986837,0.46359345197602153,0.02874664,0.24897474482358567,0.004816687
138894.0,3,0.1673978198435883,0.6970749197633965,0.30762919996446964,0.3332493051392385,0.42645532,0.1900971009492347,0.03986827
138896.0,3,0.09646977756485858,0.8040683988021423,0.48280952098177987,0.8964984952077435,0.32859084,0.04574423429968227,0.019420052
138901.0,3,0.16341944714569726,0.8972061535083454,0.10441821804259771,0.5032100621802763,0.080331944,0.21121092957101353,0.008047849
138902.0,3,0.257415537945861,0.4872275267328217,0.08814057494985797,0.3582625420328868,0.05051807,0.3348798021109873,0.041047342
138903.0,3,0.1761902421161771,0.9326217144514739,0.09150190815946285,0.43145208978533284,0.063261285,0.5805588780174151,0.012875125
138912.0,3,0.10358996214739617,0.5901428723455757,0.07044328416698273,0.5977182796387935,0.105324164,0.4022958160395921,0.018101433
138915.0,3,0.01785137053900965,0.6790695680650755,0.021075171558902827,0.6087503870078038,0.025485301,0.08950880544566692,0.29925147
138921.0,3,0.19696470395027002,0.8692448053540688,0.040235381923795346,0.9824052482333238,0.08683528,0.2928901389811797,0.03453261
138928.0,3,0.011950524614733582,0.19759450203646114,0.14144829849917123,0.3925491703999958,0.09515624,0.04105111005777629,0.028473215
138929.0,3,0.11251501892023644,0.8443512669613059,0.14717838383077161,0.356717936407699,0.10326101,0.0666254300463434,0.012708473
138930.0,3,0.01693186468864627,0.6348945196263438,0.010093488351015234,0.9961873774836698,0.02864573,0.5421897189512881,0.2567913
138935.0,3,0.155642124293601,0.9246521805678026,0.03360034010851471,0.376058332966179,0.21082938,0.7784117261116649,0.0597727
138947.0,3,0.013752216670067001,0.4071934276710731,0.01004028066638887,0.7167176857621244,0.0047474434,0.18418346425803636,0.26626685
138950.0,3,0.028747877936961968,0.586185661128822,0.059529217990897304,0.8508551705832942,0.02343567,0.6968238509600765,0.23455998
138951.0,3,0.19214743696232928,0.3938000440120214,0.09425086614564655,0.39545711454862426,0.11808012,0.08776649419525061,0.0037298647
138953.0,3,0.03136074824211137,0.9649463965248996,0.03972001709373027,0.8196748865184922,0.03440103,0.12421170481446404,0.04833155
138956.0,3,0.01635151724470685,0.3919899306710877,0.01845933683460512,0.38864320264614916,0.014493204,0.04820226526695582,0.013404038
138960.0,3,0.23767338860880513,0.5324642137085795,0.06660905826703377,0.3110836124956751,0.063646756,0.06878599951543267,0.08560217
138962.0,3,0.9787229661595097,0.9466807371241588,0.1356490913854266,0.9204489944121379,0.21749108,0.2727898397211784,0.038659878
138964.0,3,0.0088991289513168,0.039127030778166476,0.004578946915189417,0.5387376099430631,0.0047082785,0.035427768647001395,0.0074650794
138965.0,3,0.020092093208836818,0.3145281485888635,0.020713027492385534,0.6165446083680367,0.0127101485,0.29571070273940897,0.1475966
138967.0,3,0.06004680052450573,0.7314252042792916,0.13981735426653136,0.9359094511050757,0.1538876,0.23126185285407513,0.0980365
138971.0,3,0.11163120856263645,0.5006405620830651,0.012079776638024493,0.5866266697949595,0.019658757,0.3908774776627885,0.11412943
138972.0,3,0.5183918837220634,0.7305723528479159,0.13071111319866546,0.496493094095805,0.14653929,0.8368688917841631,0.45802516
138973.0,3,0.06224623276879115,0.6065798501364306,0.005637627441850958,0.9724985811454947,0.015599872,0.25843952875362447,0.18021186
138978.0,3,0.13871447052011257,0.7989253228283367,0.20543592571054692,0.5645990411339131,0.13909388,0.5474043389659589,0.02164479
138983.0,3,0.007775390258822724,0.012550419879187752,0.012899282046741822,0.24260116959237638,0.0019408477,0.047630482678608616,0.0105377985
138998.0,3,0.2726765179735864,0.9602863015626824,0.06346664078358469,0.9949155560084552,0.22914712,0.592693816478613,0.14829198
138999.0,3,0.6913237545369009,0.8887026819010685,0.15460379719281533,0.45139153897176276,0.057975,0.8374593053057766,0.12781516
139001.0,3,0.11708821677385516,0.27122918990428657,0.022008387085227243,0.5063237383295774,0.041431822,0.17672428905051424,0.026846897
139008.0,3,0.994785141053417,0.6043201076183522,0.11152287240070695,0.49354081246525955,0.54296035,0.7140097937370044,0.1553422
139011.0,3,0.028898831334433214,0.030638427710169072,0.010575057807539838,0.16214175926703814,0.012226651,0.07558267390657218,0.015910856
139013.0,3,0.02181449073396673,0.07300579098875312,0.0073935659584896925,0.9368805291418006,0.008030676,0.3053802657330367,0.20774871
139026.0,3,0.1673001327057079,0.949955577489187,0.12992866790115926,0.4295665372354192,0.11220265,0.5205122845992569,0.13437231
139029.0,3,0.19421439687449682,0.6102122763209433,0.052966238705961705,0.5397067487726749,0.3178648,0.3779760873489803,0.0054846713
139038.0,3,0.30478413575551333,0.6452071053587151,0.022764855852170623,0.8601514060951518,0.013938352,0.7998750767686692,0.4797156
139042.0,3,0.010237512300569435,0.2938675920915395,0.010458153165218361,0.4967962944731967,0.017740263,0.015530912829027074,0.009030191
139046.0,3,0.0734606384698542,0.9696131504915942,0.044197158804049126,0.8930051009832816,0.069260865,0.044600288877897715,0.010219356
139047.0,3,0.004145867873372998,0.10754488874421922,0.012830369112368734,0.49302246227479957,0.0050501176,0.12889439065870634,0.016451903
139048.0,3,0.09723052233074202,0.9792567213432497,0.03148731969832154,0.3921047243078909,0.06901856,0.14913641633445965,0.50865865
139050.0,3,0.4563267809485352,0.9201977321547542,0.16819274915163107,0.9542791941213262,0.36329046,0.703874888148061,0.057259303
139061.0,3,0.04986483212134953,0.12524774516406628,0.05949538889680581,0.44251925527442815,0.01820567,0.5593949572773077,0.02558931
139062.0,3,0.08861010295409658,0.9402946666262271,0.04636956225912702,0.47594562099497933,0.0107011,0.2698512106265193,0.20577122
139067.0,3,0.19533994694323942,0.6706193728994794,0.2009430960412928,0.32404080698826104,0.102609545,0.056838105488865365,0.0061464524
139073.0,3,0.9487681377526355,0.8574919046201837,0.5883709238146245,0.16299081152985292,0.74849087,0.9289737333141621,0.37556747
139079.0,3,0.024513084140390738,0.1654923619544969,0.019473879518726426,0.4259834635516045,0.013099012,0.07350544290040997,0.01564555
139082.0,3,0.04693735534222684,0.4645112450977912,0.031680041653122146,0.5381554915926884,0.014674559,0.47596140284104305,0.02141015
139085.0,3,0.6253337657917782,0.5180698813164355,0.054084758778167874,0.3009173097887676,0.1324682,0.13365863418677837,0.05749338
139088.0,3,0.11375800252534873,0.5924057740272181,0.05551243230345331,0.9891552336971742,0.13757858,0.8587666927947641,0.1951577
139089.0,3,0.9838150848859315,0.5402086811853726,0.05062196180029022,0.9673021682162053,0.057397205,0.7847740935924402,0.492458
139096.0,3,0.0827840282521432,0.17932343052873778,0.03438021029344699,0.46229479311513183,0.014789201,0.09387400414078256,0.03403315
139102.0,3,0.6504312201546618,0.9662853768824985,0.7998454106638561,0.7563872239859863,0.67051435,0.8433842064669026,0.24930854
139115.0,3,0.488537488543384,0.9928580478596855,0.14589767525333522,0.21046675111104343,0.22947949,0.5884619008781405,0.010152019
139117.0,3,0.9959829008538436,0.4836547394779527,0.07797266451687378,0.3111694077051466,0.45469958,0.7744792878948112,0.13529916
139118.0,3,0.13254228153604056,0.36831340884477387,0.03113889323538389,0.918807212830412,0.056694474,0.1819767294953472,0.027406996
139119.0,3,0.009203800017325835,0.49877041077564804,0.010845265401260433,0.23936842284775373,0.0059910794,0.0639888871113693,0.054764215
139124.0,3,0.02130517075002056,0.08592572335471878,0.020236369391418346,0.29637011527185503,0.009817685,0.038999658948747414,0.050914813
139125.0,3,0.027780294295170368,0.27918575686138597,0.021196111121886577,0.3889643258547144,0.011150226,0.23346488515274438,0.66870195
139126.0,3,0.07919980051512239,0.753990520681053,0.057695669256807254,0.5324916428220602,0.017139567,0.2938202302574824,0.011877976
139128.0,3,0.9999318843687703,0.7874233576981355,0.00866339230400109,0.9976386591433336,0.03064588,0.8742725197209302,0.6600395
139129.0,3,0.04903516129816369,0.6407164442359515,0.11223340667897924,0.4614796087058224,0.060319114,0.2823771789701277,0.18317564
139130.0,3,0.278095450574759,0.7963776863935761,0.0617775282602928,0.7223071195331662,0.053104836,0.4622257770001332,0.06572357
139133.0,3,0.2396236724136419,0.8923636788435272,0.15330289560287402,0.9138345526711307,0.1442404,0.399707726021544,0.1060769
139138.0,3,0.09264919411706915,0.5073490712062991,0.07675571548623004,0.4287157829615394,0.040754456,0.15367534821387027,0.0077977832
139139.0,3,0.0983026457276998,0.538744620035516,0.07051571318149663,0.699081815316211,0.0096537545,0.4132427690792067,0.3189856
139145.0,3,0.04336173076498673,0.06197200116537636,0.012054480595749595,0.3382940816221894,0.00474305,0.025863541849111816,0.009191679
139148.0,3,0.1239229136873458,0.9402527365503188,0.03443649090994967,0.9967680668700988,0.026589274,0.7956967020450733,0.23249437
139149.0,3,0.6470950699682098,0.6021138846637907,0.040824256742083946,0.381041462249626,0.0797836,0.7449597097639793,0.4753214
139150.0,3,0.10265157379387403,0.5313589871100524,0.04945941120374676,0.7678236019867444,0.060905054,0.037806898169947506,0.11547741
139153.0,3,0.11196694436668535,0.4061812922808728,0.014807849712765574,0.9724223087649911,0.0074129826,0.42468417313495876,0.2697556
139156.0,3,0.0017985229261606674,0.025317207735902854,0.00896020695910904,0.21183183868800412,0.004082079,0.019465464144406763,0.012473519
139157.0,3,0.008865753147413157,0.06301154119332437,0.0069561012372386525,0.6074323419030228,0.0021370659,0.022481087431490614,0.02089613
139161.0,3,0.0631112775729617,0.9677564489419244,0.07145429379265296,0.9963651266374342,0.12079196,0.5763945231618105,0.03272907
139162.0,3,0.23283048701907738,0.9324990647673416,0.2572826136091949,0.5260541266664999,0.1842986,0.22731497269828882,0.009076319
139163.0,3,0.23774925193650256,0.7215818439472966,0.08727761199743563,0.2790168410824812,0.048867863,0.4390649717665101,0.010980752
139172.0,3,0.07299103210749491,0.866501989641411,0.04402943519923894,0.9847341244352286,0.10358768,0.4805212236979325,0.029914225
139173.0,3,0.09367169954406686,0.8048978223563445,0.06826810390720614,0.4914723988024136,0.2538837,0.7592752453045403,0.018260648
139174.0,3,0.021352127233055473,0.6954965773750338,0.01203264164709689,0.37346090749546734,0.008300699,0.23664216254390807,0.17111015
139180.0,3,0.19179456111392262,0.7885281412697828,0.09896404034544999,0.47424679884265203,0.038946014,0.036143459884649766,0.009636514
139181.0,3,0.002462768095450079,0.024071272847631317,0.007809685111181785,0.227489002628929,0.0029360207,0.032721382063740076,0.02331299
139182.0,3,0.08603435193172357,0.2263718253646003,0.05285088453884633,0.5669827952816873,0.06265247,0.43103666796495965,0.09867907
139184.0,3,0.28329297039280643,0.9895380548640667,0.10707007881272189,0.6511799972976309,0.13623539,0.7203586394286999,0.2675202
139186.0,3,0.9972940958605782,0.9660288363146299,0.05381359288421977,0.5006984604482833,0.16791925,0.8773017332938026,0.37103802
139193.0,3,0.9123182709476381,0.925905546023744,0.3792743334501993,0.2625589087016663,0.6019321,0.9273322730658312,0.1053666
139195.0,3,0.48369322623829114,0.8391548510247648,0.057439192660766136,0.5075426939835468,0.17276467,0.3405146917867877,0.018031392
139198.0,3,0.27225873807541506,0.845582562375034,0.20560491412570622,0.3556688636764851,0.3241627,0.6209008600730517,0.08781183
139200.0,3,0.9687554714204281,0.6609992676793158,0.2015781865323836,0.2920406669688751,0.17431499,0.18694890678053758,0.013915649
139205.0,3,0.06766198640312805,0.7212705506066813,0.1032797109355079,0.5699876572553993,0.15201958,0.13822109916791642,0.0029971187
139211.0,3,0.048522132318521524,0.03525979970873812,0.0051101014270469244,0.2517161012520206,0.009655054,0.02064079557399196,0.008395354
139212.0,3,0.3277225822795768,0.8418660485902576,0.019495241926440348,0.9964726689357613,0.10344002,0.4618869653494014,0.01389868
139216.0,3,0.009296897374855154,0.3619126461180426,0.014626228364964605,0.2853458169156683,0.0055513857,0.10260556750030832,0.008968905
139224.0,3,0.04040402160981951,0.4567404845141589,0.023358581661779843,0.3747858617769815,0.0062534083,0.10721776568702497,0.01363207
139225.0,3,0.03403697975516751,0.5754550243963439,0.08922473101690565,0.7802428473616474,0.029185493,0.1828723448982756,0.050244413
139229.0,3,0.00455442034989806,0.045093889496379186,0.018289238159033584,0.5344301406370436,0.0065039773,0.030022560735163968,0.01398492
139231.0,3,0.025840630295293567,0.18570926133419907,0.021004870446066765,0.3332719475051085,0.02062293,0.36237315595704533,0.0127313
139232.0,3,0.030681676053250555,0.3867957265186653,0.021668224941652152,0.7945035273728414,0.004992497,0.15160005427407736,0.17419802
139234.0,3,0.4255064212997444,0.9612288852904108,0.07220929089810756,0.996935656339686,0.09123749,0.8210150073396908,0.5149631
139236.0,3,0.922407670761358,0.5545264847340123,0.027220516557427413,0.945348096001611,0.059652142,0.8381218583428198,0.55196935
139237.0,3,0.010956016862648351,0.2713853625114736,0.013166196499375133,0.4398253282897572,0.01311961,0.12485377956724074,0.06754079
139244.0,3,0.11357469350078568,0.8110255689539843,0.039382109794726804,0.9827506284276946,0.0646756,0.2659545373131234,0.164073
139246.0,3,0.7277099181377222,0.7479365629597292,0.0629307114000692,0.4596904108987339,0.16887794,0.6936504865942592,0.07343226
139249.0,3,0.25797526362867973,0.690483930171293,0.13048455625848196,0.490866403170772,0.078534566,0.0339987376727221,0.016041404
139252.0,3,0.02133680745231926,0.22677929306943603,0.10493965167308728,0.7924200048856612,0.019961458,0.03875316302785814,0.011119003
139259.0,3,0.5709115135134134,0.8230159738517893,0.24214291449158873,0.6211967289163113,0.10336901,0.35792691562865714,0.061694767
139260.0,3,0.07173574324146201,0.25675049198863614,0.022675705412525407,0.7005479124395432,0.029311877,0.13208829398236216,0.36186898
139261.0,3,0.1373126448065395,0.6389831382619909,0.3198028960121111,0.36266794987911016,0.1458635,0.1538635386034597,0.022621498
139265.0,3,0.8034714183391355,0.5466610341940278,0.02787191515853729,0.9964992240751136,0.021867596,0.9014592325639575,0.22532591
139266.0,3,0.012310302258342518,0.1722449453411477,0.06814629421513593,0.6386671236697127,0.023606822,0.12694589812479182,0.011421284
139268.0,3,0.4226089246297646,0.7293040701424246,0.13467018658301624,0.25566219055041844,0.051290978,0.7269408197905034,0.29754075
139269.0,3,0.03413312114060028,0.8421159606971768,0.04840269134042878,0.5779853813190412,0.13320044,0.06964414627003192,0.085789256
139270.0,3,0.06690790222821272,0.1491256522366891,0.025731906878352234,0.5960170239934074,0.025316158,0.16489006661811678,0.016479732
139285.0,3,0.3461734530132281,0.6219112181934198,0.16089359559754102,0.9733747839245593,0.041533835,0.3034784746293136,0.12988178
139287.0,3,0.01335055728194508,0.021023264679315323,0.005425798531818025,0.34163597225127723,0.0020804757,0.020046299580953233,0.006990089
139290.0,3,0.0002560961210843815,0.9725382723252969,0.22921103514172889,0.9958672280817786,0.20389669,0.8291152547201561,0.17665555
139301.0,3,0.34937121783445335,0.9767187698827472,0.07335919585653487,0.898458330815258,0.116378605,0.34680898965090773,0.11564455
139302.0,3,0.9293106222483011,0.9614823835943109,0.09027667109645852,0.9962591737445928,0.1830207,0.4178271464179567,0.34752312
139303.0,3,0.09997367451742517,0.2776423623314757,0.029058171283311517,0.9973535894686306,0.0043019606,0.7634960019361017,0.1269381
139304.0,3,0.1479633196368169,0.971427078869245,0.06343747568555665,0.4396020996196233,0.046177775,0.6081540571186863,0.5608533
139308.0,3,0.019542206645773864,0.0660015921080815,0.10325499550656814,0.27672376030021745,0.034370247,0.039823164303492205,0.023910249
139309.0,3,0.10998795011344277,0.9024013010269953,0.07997762211475345,0.530159095494725,0.1253214,0.6716138658135595,0.13154572
139312.0,3,0.3490217065715178,0.6601411102490836,0.12941717616981732,0.6042208712412999,0.057428017,0.426998896458264,0.10713982
139315.0,3,0.11608777016054724,0.8418048940089392,0.22726526501362918,0.41237422316180916,0.07591812,0.11764619301508573,0.026874179
139321.0,3,0.003881683176842112,0.02997174615290463,0.014143617521294527,0.23470074304075314,0.0020132738,0.03472690966805158,0.00903638
139322.0,3,0.16408087512695627,0.9753352256030525,0.029278686276529315,0.995193412092333,0.014927286,0.5030147723830282,0.1233418
139325.0,3,0.1273161370756948,0.911823571889784,0.08578392732003685,0.5642538083273771,0.06478346,0.31232779383255616,0.0066790404
139326.0,3,0.021797909353600504,0.07387816729692184,0.011850432016440454,0.303322295103837,0.010646146,0.11298870644404889,0.47820103
139329.0,3,0.7958671152770557,0.5552703340895866,0.07685790771473341,0.9787739804200785,0.10577263,0.9058512854849091,0.81372964
139331.0,3,0.029894221057454606,0.04295040636355826,0.01665074913503516,0.13534791776526187,0.004306888,0.01021875805632176,0.008168042
139332.0,3,0.018567679628929547,0.04189380164983784,0.013860463888274197,0.19144125824555905,0.021145465,0.012383974695407756,0.005618992
139333.0,3,0.9976581615113229,0.669049779895855,0.09282133573997228,0.9865876758406361,0.100987494,0.8294698893131442,0.45702058
139336.0,3,0.15911301430737093,0.40266753399893246,0.2713481828394428,0.4055101370759738,0.26668945,0.6416280347497503,0.06716059
139337.0,3,0.07633571846077052,0.6223860396590392,0.05792714071229055,0.751798762170015,0.11490922,0.681165564497757,0.21315406
139339.0,3,0.03273848738388019,0.5379052078641657,0.01658612625374413,0.35721423531680524,0.0077308766,0.34552156274379153,0.012218672
139342.0,3,0.3726009332574905,0.7033066768698549,0.051936569639867765,0.9719542936165814,0.4148291,0.7219935529089329,0.025177198
139344.0,3,0.030767538981754338,0.15141313542339152,0.03683928726094217,0.551707151150582,0.017783321,0.21314791976522146,0.0023627034
139346.0,3,0.0033939853419768413,0.7150425097613782,0.15459503139657066,0.49065376243508546,0.13804986,0.13536810833526222,0.07846687
139351.0,3,0.23273777105107474,0.5028716128826932,0.0164901616601646,0.9968627926849111,0.029142741,0.3727629708690626,0.17251526
139352.0,3,0.00807719393911974,0.04070514733621231,0.0037184174476251634,0.21555516382982715,0.0063126865,0.015625384858707157,0.013681329
139353.0,3,0.652110828441308,0.9779472322473914,0.04597693859679099,0.8979809951671777,0.07684156,0.803630048200256,0.18176715
139356.0,3,0.04168851414617603,0.11156106572466468,0.028518155145130678,0.43523784379353375,0.0044411947,0.07960070372988091,0.01288645
139362.0,3,0.05702225373265478,0.26218950451195544,0.08365822266046467,0.46315288076694244,0.1329977,0.16111598438665758,0.034892634
139366.0,3,0.21723041532667897,0.8951901863725785,0.03548171067216362,0.9823619943033289,0.04078876,0.8008876010472507,0.6207355
139368.0,3,0.29027984215240327,0.6452089835258437,0.1822274794027457,0.7376958887901715,0.24875215,0.1459842415292617,0.022519417
139370.0,3,0.031722809212458944,0.471165387355558,0.10789150950393031,0.503765489534169,0.15071844,0.04986270987119647,0.005302438
139373.0,3,0.8816636128945645,0.711797660585842,0.15035122915786372,0.2825954567072932,0.6466739,0.8007591118104255,0.070976436
139376.0,3,0.019544625850440013,0.16997628045662838,0.017202311592404266,0.9106894961167707,0.018468544,0.09307935254932513,0.032160718
139383.0,3,0.023258378611594636,0.9445638163783434,0.18932505999218838,0.5986191690830991,0.09799969,0.01460511890996193,0.02896974
139388.0,3,0.03880240783112944,0.023331520694168217,0.015089378842925272,0.400660616156665,0.002626314,0.06505831798006251,0.016363328
139389.0,3,0.3359461501655364,0.536209306635986,0.06291951878026018,0.9968210320517907,0.116102785,0.6347126071123818,0.18679161
139398.0,3,0.2120756924265086,0.9039064678228509,0.08806290540764103,0.9958819981565694,0.024272766,0.855161157850861,0.34837565
139407.0,3,0.6747869380740812,0.9674238560184522,0.20181760794972833,0.9958414013581339,0.0465718,0.7582001937548334,0.07096617
139414.0,3,0.0893632941792528,0.5874515107571613,0.025031492805392058,0.4233498307910664,0.046583127,0.6924363732598484,0.03493171
139420.0,3,0.008460279258084402,0.11043709754107214,0.017421270713534637,0.30710234266528214,0.0048785442,0.09161199004846639,0.037552662
139421.0,3,0.11891292245459176,0.14682189934377615,0.08895281364642445,0.6788347391295361,0.03533668,0.32010192994179293,0.007914638
139423.0,3,0.14122682197666364,0.9293061508467042,0.1278491554607516,0.5795976316064934,0.08708902,0.06795099580772128,0.13511662
139425.0,3,0.8827416443695623,0.9771625750324129,0.1296047423564187,0.6802188259242449,0.08794256,0.8417955937938751,0.5335182
139428.0,3,0.662751208097278,0.8577839180532786,0.9325848573145531,0.5774041327908749,0.5028069,0.38384882250573643,0.048844784
139437.0,3,0.2656684224349572,0.4444764180016878,0.012587484251921474,0.29826687910826405,0.034308627,0.7987641858021148,0.740723
139438.0,3,0.07736686303843106,0.13539076920806262,0.029426052537936998,0.35994707665646153,0.013355349,0.15405436686224905,0.10917066
139441.0,3,0.14048602182792722,0.3480122535306799,0.07306082079188025,0.43493977043763876,0.24906604,0.3187869512559995,0.06160895
139446.0,3,0.09982170611318109,0.44912171045498156,0.4708644546835083,0.5187118993034301,0.55463266,0.046168085310291825,0.0067782076
139447.0,3,0.007908417848381689,0.1779655596121515,0.0318121473498978,0.2605326823710006,0.01519208,0.038514615287483726,0.013642185
139448.0,3,0.8762226617691942,0.9888141856365087,0.0897497795208021,0.2765023280717844,0.13739805,0.7733812778157212,0.03211418
139462.0,3,0.4988804726999231,0.8287040153172349,0.2620793897837224,0.9944576378158982,0.14108314,0.8460895307217546,0.3104198
139466.0,3,0.6183945447371443,0.9386650947117879,0.20005745451150397,0.31557223940942714,0.20547956,0.20749648674046184,0.117843375
139467.0,3,0.04025735149041065,0.11997554458906007,0.020116005977360386,0.49562847126221243,0.010541255,0.24110887410066884,0.04407324
139470.0,3,0.33363167854068937,0.8186597790236834,0.02877336682827599,0.9684335375919945,0.039394613,0.4276985179577135,0.22130767
139473.0,3,0.06909395542878465,0.23849300130368467,0.03056058748687271,0.6563642791092331,0.018273212,0.21767381285274753,0.01878444
139479.0,3,0.8499293698034561,0.8836391085162301,0.0717194104057609,0.9960336379421199,0.030461228,0.49111655927722286,0.5630876
139483.0,3,0.22264546322140213,0.8485865507371654,0.019715620017341937,0.9963564310059588,0.010266993,0.6106471973263844,0.64075464
139485.0,3,0.03811963870939362,0.6653161266464922,0.053812810090281445,0.5962991680336482,0.10525914,0.03258238451440519,0.039413083
139489.0,3,0.056209495383902804,0.35372015650657607,0.08933881845959707,0.6070093224513862,0.012284749,0.03359591278478143,0.019933091
139491.0,3,0.1251397298354428,0.3826098908836698,0.015141008679571539,0.49431261212219696,0.013813034,0.04936448400282953,0.04107034
139493.0,3,0.35191503529992896,0.7741265849756813,0.5827268131326505,0.4362411325033523,0.23678102,0.4676747899206989,0.056007687
139494.0,3,0.06748184769767757,0.9235897801903271,0.07026346537496318,0.9369106001167602,0.07301654,0.13126159902586906,0.098417506
139495.0,3,0.08603398618858644,0.35878406675392394,0.01826027969922916,0.9849808160756428,0.015344412,0.2036926292772654,0.037607607
139498.0,3,0.9990648239028455,0.8148471802100995,0.10416228202993282,0.9299066491413785,0.19191894,0.8417810700290081,0.21799715
139504.0,3,0.05142125249053138,0.22011080746143413,0.03852206154790372,0.4019800667516481,0.02917528,0.05958921023586099,0.01652545
139509.0,3,0.006913410180912225,0.12718591642490606,0.015451879437594272,0.23444624449846432,0.0034740253,0.14544283308832012,0.28650662
139510.0,3,0.024043616743024448,0.2434951726959569,0.013121276858671057,0.30824201831751025,0.014675179,0.4567590144730844,0.06471547
139514.0,3,0.26056359400523144,0.8459866787751406,0.17783515541155687,0.7318364515267862,0.04707651,0.062425299803219175,0.00624309
139515.0,3,0.04801587564761219,0.9633192610848622,0.022123574232144838,0.5852845405784746,0.21928929,0.17173297258178283,0.10897759
139520.0,3,0.4602130578078011,0.8120250089496587,0.24136760962661882,0.9974597374519909,0.4209664,0.8332151633338976,0.4751624
139522.0,3,0.06749084451563546,0.9875852305544295,0.22977023942657626,0.4610591871842502,0.14223836,0.3783293392284134,0.15289411
139524.0,3,0.058069103871689946,0.40914747321103445,0.05605024034654988,0.3652976282192959,0.09398068,0.05400140303630314,0.006272152
139530.0,3,0.11031795094216337,0.555768921306222,0.036608364672111475,0.9384784840135818,0.08572294,0.24929865076077268,0.08745245
139532.0,3,0.16745444939065052,0.29857736633391246,0.04977884885225131,0.5844691077492482,0.26119316,0.048191399907256974,0.028776368
139533.0,3,0.11055967601696468,0.7349068458121024,0.03113932268422475,0.9161810560672939,0.020930452,0.45786943222381665,0.053485226
139539.0,3,0.19428179550898658,0.8878958630564762,0.06656520393831214,0.9962539338692344,0.098171845,0.2721771537246417,0.059591442
139548.0,3,0.44628392222352464,0.39356443418964765,0.06520795957164208,0.42366213512463125,0.21792537,0.20056761867006492,0.03201899
139551.0,3,0.4096037429964505,0.9027270797736947,0.2709165634652594,0.22823859875500283,0.14112166,0.6721793101719852,0.26724246
139553.0,3,0.02614607183375085,0.8520033061015312,0.029475973489552693,0.6712881768141582,0.051886622,0.023482729774041016,0.030807901
139559.0,3,0.06657825803611259,0.6979499671916387,0.0200676739714985,0.9883069598889519,0.08988954,0.8515526290581099,0.4408566
139561.0,3,0.04749895650250388,0.08940025597156291,0.02640363911979392,0.3493414599245918,0.002820717,0.0737273063665089,0.018508984
139562.0,3,0.9978619116345757,0.9713759589833618,0.04126549928796662,0.994717639143825,0.1304222,0.8930547349820246,0.74277276
139568.0,3,0.02540426717761834,0.06694814254678647,0.020649743669048794,0.3370084876422618,0.0032036724,0.016510942892002025,0.02140061
139569.0,3,0.2817965984190383,0.6067594393024447,0.06877105875234779,0.9782854930469105,0.013836841,0.8015887991073289,0.513842
139571.0,3,0.027116416391985813,0.34942616710787383,0.02452967372976097,0.9894152242857651,0.016686268,0.2742153073550876,0.036798507
139579.0,3,0.44918400125230795,0.6122969549498091,0.14062583578010318,0.3470146213977153,0.2197376,0.190181531540831,0.016986115
139580.0,3,0.0485409837534964,0.8162653282028733,0.0407486704820001,0.4666276248800596,0.07399184,0.5620433920615199,0.016066395
139584.0,3,0.2946901968785697,0.909171594107654,0.049350925060488035,0.9974420141010538,0.36812288,0.636822421414877,0.29560012
139585.0,3,0.028394074106164888,0.08366648767693466,0.016557806977564607,0.37864909032948835,0.0041328357,0.10197881812116696,0.02624438
139589.0,3,0.4037246210403025,0.9942454530726951,0.1360796733229927,0.9948939362651024,0.1729283,0.6896714646175502,0.19459194
139593.0,3,0.03674454647670202,0.22587637514272527,0.07759501747705091,0.5217868325648418,0.012805008,0.12992533349163474,0.019910695
139596.0,3,0.24928971009212328,0.9021081026567849,0.06921361711707964,0.5660587116479372,0.074921116,0.6081490772636439,0.07724113
139603.0,3,0.1238313404375202,0.454895901469138,0.03937461544656657,0.6302086627629515,0.021243386,0.24755276843500007,0.17089908
139605.0,3,0.10097021243454832,0.9609068784287726,0.1448789102510657,0.666962934341371,0.12016281,0.19169213493310386,0.020014526
139607.0,3,0.8359863294195343,0.917876698614287,0.08422629936626326,0.9960206964814191,0.25653616,0.8546172777598195,0.10732223
139608.0,3,0.01405682930504081,0.8673065063485782,0.04898787188115918,0.9957489102267894,0.014130841,0.3053145191929505,0.032377675
139609.0,3,0.026463752348874593,0.10448970812952076,0.02144766804040726,0.4405129847717872,0.0036544518,0.2419633317535033,0.012398216
139613.0,3,0.09569117295007448,0.7880629177297624,0.09588201634590209,0.9953906698711166,0.029758869,0.2245888611079552,0.06532352
139614.0,3,0.9999885522321795,0.9355908592570344,0.016118063386956396,0.997219628871454,0.08680021,0.9217142707035856,0.81902355
139619.0,3,0.0394715032793134,0.017871723884321962,0.01150692341330152,0.1809744581905584,0.0024503027,0.015720539676875075,0.058712237
139621.0,3,0.022112402340294705,0.04276387521057731,0.007681317463682244,0.33042929427193524,0.0038563304,0.015310717077479693,0.0072702384
139623.0,3,0.015164717397324641,0.9228986488002449,0.07428491699483943,0.32330528023926525,0.12067181,0.49091634556689173,0.0905897
139628.0,3,0.9868101171547717,0.8778748375689418,0.07840268324043823,0.9844443814261435,0.061260156,0.5692850574757006,0.25404298
139636.0,3,0.01497361209478907,0.26750499619871915,0.04535140613470808,0.5086045329608088,0.0037344212,0.2247852191413661,0.32359385
139655.0,3,0.023760188114812716,0.047165642911697066,0.010282046937678703,0.3220637125603633,0.006855114,0.03290061590713832,0.042983122
139657.0,3,0.06570229568219009,0.5203980696910054,0.01757487898135137,0.2143439767743842,0.025149867,0.7855619355764658,0.086461395
139663.0,3,0.07850998661870477,0.4100608069143309,0.07552755623819267,0.491825469086001,0.075803,0.29802313605129965,0.048605267
139665.0,3,0.05515629784727273,0.9278393243682322,0.0555433919523135,0.49506032980406284,0.060987465,0.21333245671237228,0.025499092
139667.0,3,0.007024366252003719,0.022498532898739536,0.031188369863587927,0.5033776315987059,0.0038067685,0.01861305536651961,0.005544961
139674.0,3,0.09351398142375518,0.4005675198873234,0.06624504536765605,0.3866610694638412,0.06705536,0.5297528633245705,0.08966866
139677.0,3,0.09304367391044782,0.2474067956794862,0.012637045218695155,0.47012664005782634,0.009634043,0.20149300353035848,0.034233477
139686.0,3,0.05447419940431652,0.12026048873164727,0.02557057528485461,0.1836872282044836,0.00668017,0.016740722778381015,0.029162586
139690.0,3,0.9996233051724837,0.6763203116194959,0.1925333527955966,0.9628564994522518,0.5433554,0.8906122367801056,0.13602284
139692.0,3,0.07743584509751435,0.5418534023568843,0.06067445310814424,0.45421550338491373,0.09528892,0.34400364554712803,0.096647896
139693.0,3,0.015490716747875843,0.10780306945212861,0.01347317670472945,0.5962417984545733,0.0075602853,0.20581817644859993,0.027624404
139695.0,3,0.9428321053956186,0.7273630306549634,0.5491824407038988,0.18110508997611102,0.7102484,0.9339203806171665,0.14181541
139698.0,3,0.018366422028513216,0.10301640328490463,0.008737551412068882,0.3671210388849547,0.0077288505,0.10417537759414092,0.06451751
139702.0,3,0.010231647796771621,0.04837880581577623,0.04985933690507486,0.2878212353124566,0.009039087,0.02189767280744851,0.016494641
139705.0,3,0.04241798422235634,0.8770905074548222,0.024858087844726918,0.7381676941324169,0.029342242,0.6028778704782619,0.5349056
139706.0,3,0.14567720271401258,0.6291455917832851,0.05599474572070023,0.538199348741482,0.06467659,0.4645498354434678,0.23071496
139707.0,3,0.011732770085262391,0.12066515650274313,0.06724099265030715,0.4943494288168981,0.0036122114,0.07942357011185694,0.0089622745
139728.0,3,0.013673584284515398,0.5602228417831222,0.011289573317737155,0.9855897437297608,0.013517344,0.7513606998395718,0.2749243
139729.0,3,0.0058342132701113296,0.04304993748771821,0.010098965597639847,0.18012582659537554,0.006661345,0.022912700077772255,0.0027085133
139730.0,3,0.6658197091666915,0.7880848736787279,0.1725752582185631,0.996650071226518,0.44768593,0.9210365889642846,0.5523744
139737.0,3,0.1670355102308642,0.9686861233300759,0.06311145445600996,0.565984316072169,0.062334545,0.801470803948164,0.15235648
139738.0,3,0.23041016126007757,0.4826125690038131,0.015394218111012544,0.963526031244245,0.042616926,0.5720794588278363,0.31226012
139745.0,3,0.028978758385732387,0.9274244002250044,0.048973007976696854,0.949649787376702,0.066601954,0.4261805196120273,0.063202284
139758.0,3,0.017915473032892787,0.22646715897090494,0.059667450839895844,0.4208098149474039,0.05987411,0.018966147759998317,0.00894139
139764.0,3,0.05850469191803118,0.7745724100697448,0.06570415797348426,0.9415098872942107,0.060666807,0.7857444571590521,0.4896179
139776.0,3,0.037336606602970085,0.0715212892098763,0.07915895112346341,0.6470905602982695,0.008273981,0.0624017688166839,0.012370425
139777.0,3,0.060770527333957325,0.26517176051662233,0.013849845542407015,0.2782145417872961,0.006276805,0.27718401882603444,0.3517878
139780.0,3,0.5370122071903327,0.5540474013210805,0.055175535613966896,0.3484438702428475,0.14242566,0.7956499573752756,0.16213067
139781.0,3,0.5299388237344438,0.5863527547776076,0.13512512881692487,0.2633420774770892,0.40896434,0.746154231608755,0.03427127
139786.0,3,0.004203726166269319,0.010734247023541907,0.0063730626327694485,0.269254657684146,0.002260131,0.04253176706844439,0.007508527
139787.0,3,0.9812189431785651,0.892243117280378,0.23303581377479154,0.9952833887184273,0.13891561,0.8188757347886554,0.28901967
139790.0,3,0.8713370289634839,0.9812601943700697,0.4403137210448151,0.20770980234858638,0.35147947,0.7908332224860841,0.21010156
139793.0,3,0.797098647970249,0.6739558086406727,0.7084502561810969,0.2837379019814518,0.15122646,0.5405561178937558,0.1808392
139796.0,3,0.017204418194991754,0.1765001242368029,0.02702384932975059,0.9184850858361956,0.005691169,0.18133055262054593,0.03827961
139798.0,3,0.9118042325132624,0.985102934555274,0.2310428823591296,0.7053188862735821,0.3375943,0.9194895038545885,0.13508403
139801.0,3,0.9574645866883993,0.6003978079141133,0.27885088972034533,0.45058344553874385,0.157176,0.5248928241600519,0.05405724
139814.0,3,0.04588001285550033,0.9412698567177645,0.019720974920021745,0.6375708052498499,0.0259434,0.581550301513067,0.035057094
139815.0,3,0.3095687537141094,0.5948045065597657,0.043788414492486584,0.6709851043763903,0.05570126,0.7655877225930121,0.69302356
139816.0,3,0.18152606172176147,0.933742895013076,0.01603446026189232,0.9968988641141301,0.011457693,0.7412606296882672,0.4052942
139819.0,3,0.0455983425215342,0.8625716881345116,0.04461343511185559,0.9205287242617021,0.12613836,0.2699418164796108,0.05515396
139825.0,3,0.11898734566224864,0.14470110926511914,0.013872113162148819,0.9780049063423555,0.007846967,0.16265481795395098,0.29361895
139829.0,3,0.2282870893096479,0.40773136913443453,0.17518258756741262,0.29857744999571006,0.063148975,0.6967939221033685,0.067714125
139830.0,3,0.14879668969092436,0.44650199384087685,0.2514602820686008,0.4312616819926837,0.07863497,0.1741073119597248,0.08113933
139833.0,3,0.6895936625446139,0.6100106054497408,0.12867746260817378,0.9835743137750831,0.030373484,0.8912739262961249,0.65204716
139840.0,3,0.06747499980379115,0.9514603711522667,0.07688555378465091,0.9966122083122981,0.021616004,0.7402617067715893,0.6090931
139847.0,3,0.11122608979272958,0.3878612310920116,0.024777994953524732,0.7858173842122363,0.024815058,0.06132209250620166,0.017579436
139851.0,3,0.11377353912080243,0.2055604371928089,0.027380472945717427,0.38607396959742946,0.13564555,0.07915745406060502,0.03230181
139854.0,3,0.11623173761728209,0.9563530882893556,0.0537359951881598,0.5247377846534651,0.07224069,0.44010238221225073,0.097784206
139857.0,3,0.15667882978864317,0.8960337383381155,0.03730012528763903,0.3159412632085442,0.01532642,0.024823274577196512,0.009366609
139859.0,3,0.007146643859877544,0.043000059644560655,0.007880982370195766,0.21278642305940815,0.0025041932,0.16926358423109114,0.034518264
139861.0,3,0.5305229834858494,0.44417984124847293,0.06604675187422149,0.4877100110347657,0.052000307,0.03293623817592766,0.015764328
139863.0,3,0.28204558238252103,0.957872187922433,0.09865591976381008,0.32214837478464353,0.17442183,0.6880485650729423,0.0062226164
139871.0,3,0.011281605261030619,0.06060361681351237,0.009133331712017918,0.29902341047659403,0.0027457373,0.10352332526395308,0.008506166
139889.0,3,0.04369842469399361,0.23015523613170316,0.011255804915770001,0.9837728774394846,0.006427783,0.26859302838868526,0.07133726
139895.0,3,0.44720624354026906,0.7833850081934234,0.20880811402606375,0.9940691203120414,0.11642079,0.3640180961316563,0.13667603
139899.0,3,0.09490383765423094,0.8821459155081093,0.021083878484511022,0.38027090669286906,0.030884909,0.45994765972738766,0.011537173
139900.0,3,0.12131899141663616,0.5044310382468247,0.3264710941787903,0.3729040829693383,0.13146085,0.05270993319635336,0.011098438
139903.0,3,0.9992120715475297,0.8446738661845178,0.028486705422465033,0.9673525823531149,0.1355695,0.3553266366576988,0.018445915
139907.0,3,0.048303894498826876,0.34916646590081535,0.04161441273937683,0.49874036758168216,0.021094086,0.02413175453685011,0.022010708
139910.0,3,0.8118161119276383,0.9796333373979835,0.15872750190679383,0.9966892944662101,0.5565008,0.4606011580426563,0.1585916
139915.0,3,0.08863214240042849,0.7847148980736647,0.08066556750862884,0.3926833352226074,0.082247056,0.7095394636580588,0.004305001
139916.0,3,0.036142988414755536,0.3593995085405131,0.021890880924034763,0.49111216953998404,0.015342251,0.41815948633782685,0.44062236
139919.0,3,0.9873018563089951,0.4351115206224428,0.043810623750908606,0.3499982303384299,0.048694514,0.7204952874259362,0.1678681
139920.0,3,0.10326635143951501,0.6990381578788124,0.16037018728728017,0.5029271908891062,0.045495037,0.6015020574507808,0.35498452
139921.0,3,0.028938453706175923,0.05390102167153305,0.009426279355058869,0.44740337702435196,0.0017310962,0.10636809921893421,0.030822434
139922.0,3,0.02068565295010927,0.06934261893380972,0.0037139362669022257,0.29995312325325546,0.0028949662,0.019911668160193286,0.01011157
139935.0,3,0.042833443281890995,0.6285850755618473,0.23079957596166725,0.38446102919936453,0.12606354,0.15373344101751465,0.03297549
139936.0,3,0.08761031419452477,0.32202809531493193,0.07787709956676017,0.5959083202768203,0.028535308,0.08168551033130012,0.0077224826
139939.0,3,0.021278338057973172,0.384230689218283,0.01214999029417012,0.8057620761171799,0.012439674,0.05373113678978805,0.03841316
139942.0,3,0.020149568780947494,0.1796424881095885,0.005929606326760275,0.939702991403759,0.007895386,0.26964957548873925,0.20032692
139944.0,3,0.033365658225623394,0.9286827756295405,0.061126797944224744,0.9972171374496721,0.036904432,0.5428088435538819,0.07076713
139946.0,3,0.6378175528557763,0.6202634586482279,0.04212114383298986,0.3106049284976861,0.11098461,0.7884969409484939,0.5259645
139949.0,3,0.283230427954222,0.9889870698372224,0.08002982019126505,0.338981548525996,0.11674648,0.6881626689711582,0.03557102
139950.0,3,0.12614245296601997,0.9620244162683484,0.15248369409043655,0.9962635646012119,0.25597805,0.44781159548448674,0.017968263
139954.0,3,0.08073680234661093,0.9605668526928548,0.05830991740550972,0.29735575597822744,0.17460653,0.5243066477070754,0.02280976
139964.0,3,0.24125584188230753,0.9823813081198675,0.27554738732505357,0.405157076774144,0.18852608,0.6828213976944132,0.04309174
139965.0,3,0.10368256512989564,0.6422721594713382,0.25067229291154836,0.26007958993638103,0.064486094,0.08486256750896042,0.029587943
139967.0,3,0.06444059255631347,0.9333304426018142,0.015628791488997523,0.9968446926473647,0.008039889,0.450714092049379,0.7386632
139968.0,3,0.0048953492128814185,0.023193681620637726,0.01983487460017072,0.2788880830025979,0.008536663,0.02509889013717274,0.0071143117
139972.0,3,0.14213237340124313,0.9148753533267459,0.16949648625073527,0.9961500876815563,0.0808476,0.53029068701476,0.29089266
139978.0,3,0.09697252364536721,0.8302518180518975,0.0917688826833161,0.6734675291237154,0.24688604,0.22378028820786366,0.11184216
139980.0,3,0.025214862700643662,0.29526306727724155,0.021428214323911732,0.32624560649663675,0.020067807,0.2147564677170258,0.00875124
139982.0,3,0.11302278753572291,0.7934377018938751,0.03774447638562541,0.9956916174925055,0.013264211,0.37203153645370635,0.12121138
139983.0,3,0.17677209483243342,0.8072390445586267,0.04642560229193604,0.9543161740378238,0.07208793,0.6927334878773873,0.32426095
139987.0,3,0.023417026605902877,0.12986034545953098,0.010103122096846814,0.34046991433911356,0.004452808,0.08999127608434423,0.07118113
139996.0,3,0.2056278448600871,0.3230362202466983,0.049949008899262536,0.3526293595207816,0.10225716,0.7170648937789734,0.14468129
139997.0,3,0.032434669064844164,0.11455645836414259,0.012110118846397639,0.5124683970555647,0.010561068,0.3420696943274939,0.14570916
140000.0,3,0.003948624784675826,0.06440834131715889,0.0051631057026285,0.7120500679576086,0.015581943,0.14699467328360488,0.11630708
140001.0,3,0.016059314439103196,0.09148348916040197,0.011656326951498219,0.32800276830750824,0.0074987044,0.12257007431177305,0.009738721
140004.0,3,0.9689482471772662,0.9748256175079278,0.08865314438778435,0.3899760435314234,0.07335098,0.7940826769776372,0.35411292
140006.0,3,0.050423403000859124,0.33451578328124576,0.014176787072638754,0.7502011191520778,0.007942738,0.06242599912889033,0.07373945
140011.0,3,0.08323839864938501,0.9642337622955035,0.04954858465729659,0.44568963580019344,0.0415804,0.4125866527027779,0.37036124
140013.0,3,0.011360060606300149,0.43795577167870237,0.013726442978364319,0.26364326901378254,0.008494697,0.20796787094795705,0.027389906
140014.0,3,0.031822360933603265,0.1265855302750894,0.01423128572083928,0.263369277926373,0.012583895,0.059738577244590134,0.040003307
140016.0,3,0.007820303912364395,0.1079622723354632,0.020731045541158698,0.3269469546520618,0.0030579565,0.06994314014649516,0.041914895
140020.0,3,0.06483917650138192,0.31289793806183425,0.0644190375053158,0.5441542805163088,0.018524293,0.038733244930573014,0.014093371
140024.0,3,0.14412441956414215,0.6899824070008349,0.12867281550255386,0.4571084694955291,0.056885667,0.5907376349275218,0.008775794
140025.0,3,0.02304699982033793,0.30698707539565717,0.07057936396330396,0.44116226605974257,0.010121755,0.364563336378294,0.34287217
140026.0,3,0.0869993624426043,0.6000009134971906,0.08224642069442013,0.5095101301151209,0.08589431,0.34399087897948544,0.006379468
140034.0,3,0.2806629896482006,0.5754770312673169,0.025948060878723686,0.23680612222711298,0.045501955,0.7510538169025027,0.4152977
140037.0,3,0.7076819476455394,0.5433491964490839,0.06132934321686672,0.9887914277603221,0.064338006,0.21838953045031437,0.23073426
140040.0,3,0.20686253059485138,0.5824390719326104,0.11709460424571591,0.3998893200611379,0.041082293,0.11283581085812716,0.04462237
140041.0,3,0.32376901618918486,0.6859087531350195,0.15941924633131668,0.19623054405234872,0.14239125,0.6399801735164538,0.1619528
140049.0,3,0.4564526549562419,0.9597222639977717,0.06527577232869892,0.4603312781898722,0.14570878,0.5840713066002655,0.067625314
140053.0,3,0.9270858617617748,0.8235611861120138,0.09389559940868682,0.19129231585776063,0.32587257,0.7624266665077627,0.04369493
140055.0,3,0.019095633045524328,0.12348273107664862,0.02270686464956604,0.22265673434583283,0.0068702945,0.03831327187607783,0.0047706626
140059.0,3,0.06713059579116178,0.1069056577983131,0.02219740822384443,0.6188756146654535,0.007984708,0.38319728219782334,0.09775608
140070.0,3,0.16372624970911673,0.8717259289504145,0.022562473989055386,0.5814613724674057,0.031414993,0.22969944890541247,0.082330756
140074.0,3,0.686824597580088,0.8337623255035992,0.3017152495444299,0.26636840646017873,0.09461945,0.5944690829851289,0.035088554
140075.0,3,0.11737774305169447,0.9899710210724197,0.04908876354150611,0.6307877274392384,0.03249791,0.7746969323363824,0.8129437
140081.0,3,0.005544053298547369,0.04921548874514653,0.009262655759672342,0.2729793011021908,0.004645013,0.035967348071507074,0.013057788
140088.0,3,0.12136704066221218,0.9100504071105643,0.2854136615858203,0.6061587159998292,0.085211344,0.06587867613779573,0.0041210926
140092.0,3,0.10946916671135659,0.9414363293381787,0.041850248468059785,0.5593988859975438,0.017701352,0.1886159709591022,0.023222003
140095.0,3,0.007075240207666386,0.4542896713911132,0.047420149916515685,0.5413020428188826,0.0508191,0.6306314445100347,0.009824311
140096.0,3,0.191905707339776,0.8849470720133517,0.10227480620800825,0.8400635558597468,0.060963728,0.15448206872697345,0.02865568
140101.0,3,0.011589843508401162,0.380212031337414,0.012319985010170356,0.3706927249896582,0.004805194,0.0352943106973931,0.013950186
140104.0,3,0.020008503223752184,0.13667767476742815,0.04137631751116645,0.48644172930168483,0.0044229007,0.065001834141646,0.0090052625
140112.0,3,0.013714966781593521,0.01439547178250523,0.006516641107942222,0.2172944844640613,0.0021796,0.017947974886103155,0.0033328922
140118.0,3,0.5228700873440449,0.8520516340616121,0.14904787110473144,0.9970025072285509,0.11068895,0.8831745633268046,0.5640403
140121.0,3,0.0012246116603889185,0.029357983353327125,0.005619642585998248,0.23329253947247613,0.0028341464,0.021605270583486904,0.02074028
140122.0,3,0.08097740822815473,0.32227784290675876,0.041554028790085136,0.35903786713987146,0.0120486645,0.5204760540466404,0.0613888
140127.0,3,0.27557678306987665,0.843377835998058,0.247295510478402,0.6550662280136199,0.110115446,0.673277793346031,0.04690771
140129.0,3,0.029999321720202428,0.08467958747288902,0.03825088335612027,0.46887338133523354,0.013238841,0.03480965816568033,0.0025027334
140132.0,3,0.08433941765945245,0.03143140189881948,0.006537720448610309,0.25125406321211236,0.01258236,0.027855348450557222,0.006829923
140135.0,3,0.5933624247103108,0.9393530060948081,0.7937585957863803,0.2777364055665566,0.44477573,0.780600726105484,0.08345637
140139.0,3,0.26408230604404775,0.9343134601578714,0.06270327923848,0.4408744450398861,0.18321395,0.4559642964809937,0.036460858
140143.0,3,0.9999999999982361,0.8545451173382789,0.04509950476798704,0.9591852035900337,0.10913868,0.5118890989915484,0.0681005
140145.0,3,0.05674042898772867,0.2944728207131455,0.0829366386726981,0.479609248717493,0.03206437,0.26326872302844506,0.0069127884
140148.0,3,0.039759951213061084,0.06604005104709898,0.027613684737560484,0.6198177752702227,0.0046532634,0.06052411850704307,0.010635759
140152.0,3,0.4644887750203443,0.6711171115938794,0.04895029747821936,0.3079151304440479,0.23790227,0.22290766242337354,0.14955057
140155.0,3,0.0035949936174284316,0.05704755303442885,0.0033706585941450313,0.9658876934928058,0.0038524016,0.030887665768726976,0.011837989
140156.0,3,0.9883834992571437,0.8733320252220619,0.03957901502939424,0.9422253117422276,0.21332002,0.7891143626533089,0.46577802
140161.0,3,0.2555687173438889,0.9399457563059475,0.06808443575607935,0.9959343861068662,0.07001535,0.4271809301634866,0.0333092
140163.0,3,0.14195082021210464,0.5226771187687752,0.2041837231446115,0.7496894287252386,0.048901837,0.1340098055260914,0.0052646114
140169.0,3,0.026843390490812094,0.07919977894011557,0.01917523980465903,0.2114112135476441,0.0056906184,0.07468239749286502,0.1367658
140172.0,3,0.2506475421413378,0.9355306703325481,0.15081913603938354,0.46424727170991487,0.22886992,0.4897189254062502,0.019273708
140173.0,3,0.07281475711104525,0.8510303162727985,0.017481056479373216,0.9801836183869409,0.039493553,0.5856996476704056,0.09916913
140174.0,3,0.9990287393807115,0.9751273329899416,0.18757965643744978,0.6572380791569331,0.22779734,0.808553269930583,0.42020366
140181.0,3,0.9042535958498348,0.9825996263776101,0.05019700611028198,0.4459224757671148,0.16607134,0.8998841742377175,0.7975782
140185.0,3,0.0031062993292775617,0.14018151641659524,0.040199718918294505,0.5397317607625212,0.0040896717,0.04886538926236085,0.011385826
140187.0,3,0.050300307650161434,0.2195088146476424,0.019139679700321783,0.48245986403221375,0.004421179,0.2473614187111172,0.03097223
140189.0,3,0.06461610098513731,0.7596095906077002,0.38176150657577806,0.5061496587359708,0.5590423,0.06465110629035098,0.022648439
140192.0,3,0.9999769758208075,0.9491377804509928,0.5033777944939205,0.4407101034756082,0.38899973,0.8382540304331884,0.042972196
140193.0,3,0.03926579468111651,0.5302451054657655,0.057434901038896535,0.5353115537923726,0.097315915,0.26928259828126416,0.10861418
140199.0,3,0.9860171234183894,0.8626383814758235,0.07519311454229406,0.39338041373384025,0.1279298,0.8828874759803869,0.44930294
140200.0,3,0.08962355444391451,0.3352895815028786,0.07265256119871213,0.14775524161368048,0.0199099,0.013422438733062578,0.00432923
140212.0,3,0.8453079397792793,0.6945384299517687,0.06407948751907257,0.9667279509913496,0.06791417,0.6056900250507731,0.033586573
140215.0,3,0.02671634573048317,0.024579750692150307,0.009878116268908861,0.2255313522091882,0.0075453944,0.019086614422920797,0.03370994
140217.0,3,0.44446731228342795,0.8691607456740994,0.06742052199668837,0.7806308521370284,0.17038399,0.2916237630814284,0.20294233
140219.0,3,0.16313751155332767,0.5028821679723863,0.030170246449114927,0.5408873735043066,0.03080329,0.754974648745935,0.32750446
140223.0,3,0.04305037965321119,0.12644619844738725,0.023275980305974255,0.40937893732127323,0.01711441,0.15629093504609823,0.012702419
140226.0,3,0.017928481304601833,0.1521989072636094,0.013480986563780687,0.5893451794717023,0.015711,0.11325729173939286,0.14741018
140237.0,3,0.054104302852293285,0.22119309934104645,0.01127793133615845,0.912018660840954,0.0033408771,0.3874712232828724,0.08323869
140239.0,3,0.023361290482489597,0.05412906585724925,0.0035385335265639395,0.9747448138604384,0.004424108,0.1956062976680636,0.062917985
140243.0,3,0.04130862724731091,0.18340370144627458,0.005891901909180694,0.9024648800023074,0.010224794,0.12435767744808564,0.023863748
140244.0,3,0.0034827798868169346,0.019382870195712054,0.003717083130307074,0.1235977907162841,0.0037308785,0.03497719834315917,0.0077781775
140245.0,3,0.25119973344162494,0.5466720490613018,0.20104802905236874,0.264732315345862,0.25914842,0.05624175024421882,0.033839475
140246.0,3,0.10445816446949538,0.9833091745943353,0.2633150536426484,0.6653667569575541,0.041099485,0.5719776578230982,0.052295666
140248.0,3,0.01589737538927464,0.4089136037280327,0.01370805328479183,0.17783210191028803,0.013877533,0.2826109917916091,0.015935775
140262.0,3,0.005736209091411825,0.08813320800181716,0.007308704272587695,0.762988495691421,0.0023537502,0.07863684899934523,0.014589357
140266.0,3,0.08846266088710786,0.17396346796513204,0.06414105689123664,0.46240067432273113,0.056448776,0.33995797232342734,0.24455905
140269.0,3,0.06997576635773883,0.975937732127824,0.1686324156610199,0.9798621421527979,0.11719361,0.5810448963109096,0.22832377
140276.0,3,0.36829428441007855,0.5732798221277707,0.06908847657047254,0.5160404704343609,0.036663588,0.6456478336701901,0.40468457
140280.0,3,0.010999593557331138,0.059551940813824956,0.007490150975840775,0.2968804809222894,0.021418814,0.014405250242065243,0.005751585
140282.0,3,0.6137319769739273,0.6761721669126932,0.09218484277647145,0.9814932557471698,0.02357166,0.8233368096416565,0.108799085
140283.0,3,0.010941832000657003,0.03592648801294839,0.007300155218216118,0.3510983624966699,0.009878708,0.01981482927594295,0.003612795
140285.0,3,0.053655952995079435,0.022399977020044443,0.01709690594764762,0.6541831774988283,0.0062626186,0.12717175842291265,0.049198296
140286.0,3,0.10958616268235875,0.46023899466032697,0.05005653486706058,0.36068738166731834,0.054173164,0.16875781098727877,0.044427212
140291.0,3,0.02631789910291769,0.03701776881015588,0.03205457262831613,0.23706472780700058,0.01437268,0.06457206387796456,0.015427419
140299.0,3,0.03195846372579811,0.22088199826738017,0.015329018189658572,0.3491980282404363,0.0057330127,0.23363796836833595,0.15259716
140302.0,3,0.9949255759989989,0.9743258680421305,0.2161587337051635,0.20577295955645356,0.33891618,0.7018762916320945,0.03577626
140303.0,3,0.17997833851542877,0.9460384676811395,0.16726919954167702,0.5016406653621062,0.10097509,0.2919896351905048,0.021733714
140304.0,3,0.040909347246523634,0.13019528597677443,0.01777806475864814,0.9863795875353065,0.008136803,0.4946717137688665,0.20018113
140311.0,3,0.016445819365540158,0.056189628972758296,0.011607767982497687,0.815576711645387,0.010647281,0.17431724267113557,0.107046686
140313.0,3,0.30220352820750535,0.6248752932284687,0.008451565077659689,0.9815821949548758,0.0070904875,0.205211928086293,0.3957043
140315.0,3,0.015254747972132063,0.06881151695609758,0.019050272845569455,0.3100281239974249,0.0037392017,0.023985283655365206,0.13460736
140316.0,3,0.058365837118939716,0.1022249908689673,0.009415859462552119,0.3767239131735944,0.015205062,0.23860014003030397,0.03442409
140322.0,3,0.015612289469231754,0.3486858673777117,0.022213738640120335,0.40173423603483305,0.011404552,0.1497036522578742,0.12351626
140332.0,3,0.36775226272369593,0.9891581252839545,0.24408024941319315,0.5477833538027099,0.116852246,0.4680389692850503,0.25557178
140336.0,3,0.031859381311532015,0.2895599974693758,0.02847444857423256,0.7217114246680906,0.010526056,0.15103886922512255,0.005878485
140341.0,3,0.06794208544623594,0.9434980894352801,0.15495106276363407,0.6293777361878483,0.08491363,0.6855972086844864,0.2840691
140346.0,3,0.09206725836279323,0.1315493662220692,0.02099784686491707,0.9211536060417157,0.0042762486,0.32218848913709724,0.02854733
140347.0,3,0.059185422109748996,0.40321132352933786,0.011132857122729217,0.9970471468173941,0.020109126,0.37935000060591384,0.15234058
140354.0,3,0.11684752391024229,0.718480015656154,0.02434091713366279,0.8070083335921419,0.024428198,0.44092618810584094,0.48073712
140357.0,3,0.3621170503193922,0.42584280877194786,0.2224923270975462,0.44299749775521574,0.057353962,0.7310631667774226,0.1251948
140358.0,3,0.018723840659866202,0.18297391986819886,0.014265564618482739,0.31782389370757447,0.00629181,0.1606727141283958,0.006845612
140371.0,3,0.003480204851930971,0.033144513516774,0.007145556265355318,0.3052285301409543,0.003320038,0.07429478940590087,0.011290081
140379.0,3,0.03665349151475867,0.11061266410926586,0.019766642290225917,0.6896822485823526,0.0057815756,0.253260790593548,0.0643821
140382.0,3,0.0650097901355508,0.9311854323223939,0.030983967353800237,0.8008079368111009,0.117546245,0.5464038451251988,0.08911379
140384.0,3,0.09124388895454254,0.6960788613375793,0.10392024120219565,0.3410889593550198,0.10308662,0.4991162793879466,0.033737417
140385.0,3,0.4793367351255545,0.8149821704071392,0.4546339253317326,0.8766897636556479,0.24586725,0.7836679334414675,0.18631868
140386.0,3,0.050870825612777316,0.04920242642954632,0.0292204770315224,0.651681957340827,0.0061627156,0.2129942164749696,0.16024636
140387.0,3,0.10374478615847851,0.6842112885697037,0.05823133696041787,0.6120171280807232,0.09197492,0.7082160859847547,0.13399076
140398.0,3,0.026599691305248474,0.030529018484135684,0.00956117821839202,0.25231430065229477,0.009525976,0.022911953007857033,0.005027932
140400.0,3,0.038583539650054816,0.04677947962251486,0.01600741740825799,0.44057395536017485,0.008972594,0.04896768649019263,0.0065099574
140418.0,3,0.5132376042382969,0.601492178200503,0.13035007511201868,0.2186786860945712,0.05965622,0.6571910174516584,0.03677715
140421.0,3,0.5111837669987599,0.8636659359027151,0.47440978247031185,0.20591179958779285,0.43130472,0.6491102737520527,0.18272719
140422.0,3,0.0017777401393599245,0.02590629727702102,0.010144407067645952,0.2128709554612365,0.002040543,0.011320550839697113,0.020539349
140423.0,3,0.1699414952028189,0.8454965918422206,0.075787478803124,0.973902618219216,0.013169639,0.35175685696870646,0.11269224
140424.0,3,0.10754640106276087,0.21703019057000453,0.04327773621513743,0.5957351710527731,0.10201823,0.05399366236080805,0.024630254
140425.0,3,0.7274944904295052,0.9794476004097569,0.11093336231971611,0.5722624388317857,0.23187877,0.533750082052555,0.07883643
140430.0,3,0.0425176142239819,0.16784111447733638,0.02678401057987819,0.6854077204055993,0.009510741,0.11508111728657547,0.039664652
140437.0,3,0.13134659188053482,0.16091107208523273,0.17550669653411186,0.2591351925219413,0.084058106,0.04003853430707375,0.019758387
140444.0,3,0.02963701133595217,0.7827985176264919,0.15480988597887696,0.9960349368081979,0.013262813,0.4953454066199707,0.2732422
140456.0,3,0.883014128709537,0.8154012236828997,0.29854392786406875,0.17143971619655948,0.17836817,0.8499328758236152,0.16613495
140459.0,3,0.2930810450024509,0.6092666999878326,0.03708381861690499,0.701065134059686,0.073679164,0.039776089756976545,0.022871563
140471.0,3,0.055717890599781834,0.21467433755278237,0.010018981942398166,0.5558683301266454,0.081049845,0.03776796563434024,0.008034145
140472.0,3,0.397346763389203,0.9827671507106793,0.052054137363398964,0.994949910330934,0.09269386,0.7376901477026535,0.2553056
140473.0,3,0.02337769998877167,0.9504697474456748,0.034199156694568855,0.5116349414945678,0.021902964,0.36571309782363937,0.046021603
140474.0,3,0.12470141220843456,0.9782878793636942,0.10257623268315244,0.5575268535305086,0.16705203,0.2668492383071207,0.09825422
140478.0,3,0.03809254732122133,0.8937318230804313,0.06141082331584371,0.7212768830415551,0.031561576,0.2896114958725096,0.014173153
140480.0,3,0.747474884142316,0.5951269690591124,0.11154882231627028,0.12878376061055266,0.036463466,0.8209629355375796,0.32330245
140483.0,3,0.9217463253860392,0.8650972699090603,0.2520210127026469,0.9945262762578589,0.15361811,0.468860760310052,0.12151335
140485.0,3,0.2081516390496688,0.9901304417273056,0.18093667088846518,0.5288182224725367,0.08413244,0.17688516974696397,0.026093481
140493.0,3,0.4570338526974792,0.9828916763702392,0.0669985270269361,0.3128382278403644,0.10032994,0.6649781736407698,0.073005386
140494.0,3,0.013874678796163536,0.03400948757164425,0.02408824675124242,0.3729926675700641,0.0042626206,0.03988388479903223,0.09851129
140495.0,3,0.06136229481064207,0.1603227561960884,0.026000484729416858,0.5159631284136454,0.010215846,0.3956344625554734,0.056670178
140498.0,3,0.4348756993620078,0.92043689278862,0.03958210798467473,0.9972016015481471,0.052121542,0.9077284286215295,0.51763064
140499.0,3,0.15555789313145074,0.9933101559609094,0.08476725698217304,0.9967837251128386,0.3065275,0.8127178721431074,0.042470522
140505.0,3,0.21875773270679755,0.4809906416441042,0.035435378082368095,0.9786465564260206,0.016494524,0.226481069336597,0.012019972
140506.0,3,0.010699156613381956,0.7344215207025167,0.8233018831361265,0.6721420135503813,0.65720046,0.4839096795133088,0.11914346
140508.0,3,0.00827166238493449,0.5698033787172229,0.022667519588054012,0.8046615852046396,0.008078589,0.17874729686362623,0.13102658
140509.0,3,0.1742051215810485,0.9315587421479242,0.2888822559522301,0.4275794662809394,0.19168271,0.5501627458496821,0.039242126
140511.0,3,0.546803612920428,0.9814304643707551,0.46279434041832496,0.30272698410461774,0.44239953,0.6930251752484095,0.061145492
140514.0,3,0.056192486824220025,0.09026196259796629,0.009855233758766629,0.140867106105573,0.068976186,0.027202066403697177,0.056828406
140517.0,3,0.7322906963366824,0.9222690359584915,0.0392962271644872,0.6585826860192906,0.44720048,0.8544111839857049,0.3042019
140521.0,3,0.00987496150829593,0.02687892928369714,0.0065824997301572145,0.2309367744942887,0.0025151633,0.09293059691566763,0.007879282
140530.0,3,0.03885655534349537,0.06304163031531991,0.009674472855804988,0.43461399010475693,0.009447359,0.15648181940111033,0.065607674
140531.0,3,0.040280216409008175,0.8819420683541566,0.054643153346324226,0.6705357073203011,0.08148756,0.6891851158151444,0.25699782
140532.0,3,0.0068832586007698034,0.18897612683261303,0.020011419863530687,0.38555912906434214,0.0040632393,0.11157584076966552,0.004868385
140533.0,3,0.012732721175910231,0.2079836564228078,0.009966344684287958,0.3135174933413893,0.0049366807,0.01204012860365079,0.018324254
140538.0,3,0.060893173479824696,0.989292075513772,0.0891486842214044,0.6067486835024675,0.20283934,0.6149088224648378,0.006557763
140539.0,3,0.034740984569675615,0.30377582426666244,0.012161606728569488,0.5351569212855346,0.0144310575,0.19978187527995547,0.27850282
140541.0,3,0.05889668510208103,0.473060775468227,0.035155646964734694,0.9009542384406524,0.04009288,0.1753833806809255,0.119558856
140543.0,3,0.10421884241983756,0.2587755892391269,0.0727329279513621,0.4799484069405341,0.035462927,0.3337638259776342,0.2485168
140547.0,3,0.10799787009231436,0.85490501477278,0.03911284259990944,0.8654587777287337,0.026090808,0.2789277023377738,0.052077368
140550.0,3,0.06079523270769068,0.956324408966672,0.0376771138969405,0.7290413179959012,0.077816166,0.09849571310362683,0.031701062
140552.0,3,0.1168873566726681,0.6048414394031718,0.08629857253254393,0.45449822357698505,0.12344192,0.217375580814942,0.043965325
140555.0,3,0.2630606146105253,0.6363934549477643,0.19309922723487877,0.9746369589411158,0.036833283,0.5389740698751945,0.13912742
140558.0,3,0.10265929396668157,0.8817134799032798,0.11285785437785835,0.9942144450653234,0.08351122,0.4002282869712836,0.27476853
140559.0,3,0.02144116330314286,0.1726298124295729,0.0068291505557854576,0.33185509545213837,0.008151035,0.056330194172579215,0.13264869
140561.0,3,0.041015693236855534,0.8844814031748226,0.08382168767086956,0.9960897383734074,0.028834658,0.38872478927232024,0.38406232
140562.0,3,0.07190888522034354,0.07992391281205369,0.043365298819347885,0.35877302451998705,0.019456998,0.034399216308372796,0.008236998
140563.0,3,0.09787696411263357,0.25020298018779835,0.014646973145978681,0.4032163154281966,0.060304683,0.6369782698702499,0.064112596
140564.0,3,0.9487159549987377,0.7319933475646806,0.02562164645002419,0.8647451763076502,0.15177515,0.8957002561562708,0.33021995
140566.0,3,0.060944105474118805,0.13921733825869279,0.006399785351079511,0.3752643207573333,0.013951662,0.05560368012315348,0.031643122
140571.0,3,0.03584305481004862,0.02743524335336015,0.005023116998817096,0.15685536016066942,0.0041221986,0.022942527991179944,0.003906322
140576.0,3,0.8050652061805377,0.9600687686177308,0.8737434049238029,0.4570146245451845,0.5556196,0.292181777420352,0.06430312
140578.0,3,0.19270349700747832,0.8212225327474192,0.053930352312874935,0.6223382337499911,0.032919444,0.03531814708834551,0.016174551
140579.0,3,0.02845267049624622,0.21001292528076204,0.012455061162058682,0.3422555310642335,0.0038597463,0.01355580350467554,0.0066744206
140580.0,3,0.08771422703507827,0.7922027426480577,0.047102190496293696,0.9847298681422328,0.06496185,0.5230009348610946,0.11876423
140582.0,3,0.0905792136282175,0.4450400232150953,0.07172442176240816,0.4311360849523369,0.0447476,0.40399897406131213,0.11379519
140589.0,3,0.058893852121057425,0.8504612545079007,0.042673767528269485,0.4446774911769742,0.06217148,0.3463635718808282,0.00826322
140590.0,3,0.9483327577616086,0.902657942462526,0.9952095434697082,0.1708638195712225,0.736402,0.8518870865885655,0.061410297
140596.0,3,0.9376259229607674,0.9726695720830445,0.14467510629693983,0.9924070543859504,0.10856358,0.6960966979144166,0.33512807
140607.0,3,0.5245559637565121,0.9734888782417371,0.0774149605491009,0.9948231986579668,0.4574395,0.5205205957662279,0.10778396
140609.0,3,0.012344920752928663,0.08556238220560101,0.011732665010628739,0.9193876013678935,0.0042841523,0.24302610997614466,0.09158319
140620.0,3,0.07614038658517386,0.9536313259178718,0.1809565386634548,0.5869265537861843,0.08787833,0.390455098390757,0.22172722
140621.0,3,0.9999974821715022,0.5864266094642604,0.03265282473820347,0.5042624362549232,0.08010086,0.5958509004748181,0.050824907
140626.0,3,0.1216828072790237,0.9567078727498544,0.11013326351826488,0.9938866496994432,0.047425367,0.375687499435518,0.098033056
140627.0,3,0.17619004027441781,0.9917814057617766,0.057536207100560136,0.883113819325846,0.13495512,0.08736398714179217,0.038464576
140629.0,3,0.11501737111291024,0.2508561427339655,0.11910733295853305,0.5960282360499557,0.07048785,0.047304317306809854,0.01395138
140630.0,3,0.13437083842905717,0.3630428025825869,0.21947530079804325,0.7757802450932526,0.018524375,0.03292434807908504,0.018217262
140631.0,3,0.006139861417364602,0.038274152406829166,0.011572427016701296,0.2878722998652624,0.004521799,0.04234374539610266,0.0081912605
140633.0,3,0.01022410632372181,0.04128808200963757,0.008404106018263071,0.40663296488914885,0.0052379547,0.028656285610317637,0.035507333
140635.0,3,0.01781980595119364,0.0429411747174153,0.01628219541337247,0.3269273079921697,0.020006888,0.02336515687968146,0.009215899
140636.0,3,0.038255188150464844,0.606116759829686,0.05488625883675653,0.869000971866712,0.049148303,0.25832749372656205,0.48168477
140641.0,3,0.03529732005383586,0.0633796594214995,0.01774116079417906,0.9273721517335216,0.008844558,0.2013431443070488,0.04146649
140644.0,3,0.050398391674261946,0.12619097175029098,0.024201504609727746,0.974653789648384,0.008673645,0.44969617112625204,0.13015127
140645.0,3,0.9995341025723298,0.9849251905033217,0.08135783208316197,0.9959871871250872,0.07457856,0.7738472139683854,0.53579146
140646.0,3,0.9984846476613192,0.9806836162125246,0.053070829299544486,0.9966540699626771,0.13895185,0.9211156607325408,0.29961327
140651.0,3,0.19792400608230515,0.7157083595067187,0.1339284880666343,0.4579631536771829,0.14934328,0.5570856442839089,0.0043318393
140658.0,3,0.2335039983101107,0.9442071981773651,0.14691539352460228,0.5173270708282429,0.044349935,0.13179959182811868,0.009711966
140661.0,3,0.11931490972810227,0.9947406571041724,0.10674850181646678,0.7041135139376706,0.06622643,0.6142217394587662,0.0068470775
140664.0,3,0.08383975367737388,0.9727996318959193,0.17456669440309489,0.13659562068747175,0.06844358,0.3189650807279004,0.029673865
140666.0,3,0.4517135061827341,0.9505294112628214,0.16547007769527652,0.6043660462666355,0.5169301,0.28241600955566426,0.010157554
140667.0,3,0.09638448427253568,0.3163103420804345,0.047709695349960085,0.3878483093742375,0.09647958,0.35423317584333897,0.021036899
140670.0,3,0.32675706051661924,0.872633830049818,0.12681412973697295,0.5450146077447887,0.28478032,0.48285706530960815,0.0070125093
140672.0,3,0.015259201875033369,0.07904404106622379,0.004622290488490301,0.4066706362247417,0.004093865,0.1803540871429319,0.010747003
140677.0,3,0.31791535514110336,0.7745558721909213,0.0693711189913972,0.9963264291798593,0.04719963,0.721079153639353,0.41010848
140680.0,3,0.3273729804437821,0.8820716271287001,0.2308185483424436,0.24028684571421158,0.14049701,0.04416212367389852,0.0062783784
140683.0,3,0.02268144402662766,0.6986708241111003,0.01664668340980807,0.6748597865755359,0.0117054535,0.1335086159497219,0.13573371
140684.0,3,0.025116008539630173,0.5897100001135126,0.1633091472555624,0.3758522682737743,0.027214913,0.3371877402234453,0.033694983
140694.0,3,0.11305837123801046,0.6658507082348268,0.05475490030036295,0.3770565933049189,0.049849,0.557269878246331,0.1080741
140697.0,3,0.08413217043265327,0.3448459304080834,0.047126966934819194,0.4956377880902184,0.03498223,0.0858604115568609,0.0075798417
140698.0,3,0.007385861223286741,0.009825354796070216,0.010000795198626546,0.16921804751711067,0.006069414,0.020474657169761566,0.005968482
140699.0,3,0.08786669368780835,0.6747462334402852,0.20133381139374698,0.37433088230827116,0.3842753,0.05270016515906364,0.035793997
140702.0,3,0.93907219423326,0.817211485530987,0.28532468446844567,0.9776146244725011,0.14816687,0.9018347965411648,0.25241685
140703.0,3,0.09106531160478129,0.1574060135446756,0.031185361304779644,0.35806325848980813,0.021255987,0.054767093309844805,0.005722257
140708.0,3,0.05036700690919998,0.8890074651939358,0.01786712984932771,0.9971384136881404,0.019247662,0.8251664523222473,0.83761144
140709.0,3,0.4656902769354039,0.6039875172724953,0.33345284822637944,0.32388057256627184,0.36816353,0.5078849943534177,0.057892025
140711.0,3,0.05368522804072671,0.18485828133396204,0.06563430266588076,0.3650727139361781,0.04384344,0.04599634570416905,0.006433374
140714.0,3,0.8356467728118381,0.8361949319416321,0.038206033945785464,0.6205960981712956,0.45078322,0.3029038474558884,0.06132686
140720.0,3,0.5886371182777125,0.9675060709346325,0.07136189660371338,0.9969335241503123,0.0942496,0.8772631741777622,0.5506931
140724.0,3,0.11788549928062775,0.9040490890811714,0.05031193565934608,0.9787796963972594,0.012076594,0.7999732926155411,0.59699446
140730.0,3,0.14987680821100868,0.5061074273129281,0.1736841634768952,0.3979042427773109,0.110040635,0.03590259678526417,0.044023845
140735.0,3,0.01603414730336946,0.11506245084555512,0.031157657951830196,0.41357008754268704,0.009614995,0.41880737293083914,0.38482106
140742.0,3,0.1313677175942333,0.47293972943570894,0.40032155215233817,0.7686586412980038,0.13062516,0.6036816677806236,0.11599672
140753.0,3,0.017097287864007316,0.04549180726950908,0.022225248511415545,0.2342728524147346,0.007886849,0.0219147392778628,0.014600041
140754.0,3,0.35025940199685623,0.9278820074433217,0.06856655655557742,0.9961025655562536,0.15132895,0.7130279222840115,0.2594498
140756.0,3,0.13952853932798764,0.7294478552012441,0.02877056220106087,0.9712997023111025,0.017502243,0.6715809919049579,0.71199584
140757.0,3,0.04234249633307412,0.4336029809629519,0.06349523651774579,0.4307459256845642,0.027710313,0.36048748660184915,0.1475131
140758.0,3,0.048002843815254985,0.12957129039535048,0.01222626624659164,0.39628431755990473,0.02448414,0.11218086234879443,0.044083256
140766.0,3,0.06858287965150793,0.9088135229186644,0.054475038864844456,0.417294618990254,0.08087528,0.4058021581358561,0.31276047
140775.0,3,0.0780671799467571,0.5014592716719217,0.022874674088072405,0.3125655993074595,0.013424661,0.739835788509684,0.48372355
140777.0,3,0.5822377710581118,0.9065645434921911,0.041521579949536924,0.9964619667253335,0.25430983,0.7195147273948872,0.36791018
140786.0,3,0.011755154443710602,0.9268756437102236,0.02274413324292671,0.462930099391968,0.0060720234,0.052101220659256105,0.026144197
140787.0,3,0.12037438888218178,0.8553943327090009,0.016105273216164777,0.9973402914714975,0.022107309,0.7621036186816514,0.41424602
140788.0,3,0.6578961432320165,0.45025680165254445,0.10001929000330997,0.29098289507696945,0.035164297,0.6138752997684092,0.16070089
140792.0,3,0.05678641327322443,0.16421581539526195,0.04170212280034467,0.2516082509960491,0.024786694,0.0712311123489541,0.112244695
140794.0,3,0.07014884154580381,0.31212560077838225,0.004731353284779043,0.9724954366870104,0.01333172,0.34991116257938076,0.24618393
140795.0,3,0.42972476315415137,0.8127078728836027,0.46660959875240743,0.9738867788930601,0.65341526,0.7077245107711657,0.15391496
140801.0,3,0.20180248354992092,0.7936153932460548,0.03270486866429516,0.5953660845413785,0.046371713,0.1417409456765151,0.19255592
140803.0,3,0.021879319749208256,0.8459201429017308,0.020157247029665423,0.5397973113315614,0.030413426,0.03889516047012704,0.01554672
140805.0,3,0.06983676550940082,0.2595261554817137,0.037606629649810985,0.41015542579793146,0.023712503,0.040347979759461264,0.0062109623
140808.0,3,0.01074534632977319,0.14325677608694234,0.015660773313499663,0.4289083224572827,0.0047031175,0.024805724196955158,0.0039297123
140817.0,3,0.054926903941527584,0.1475851972208699,0.12773204895560825,0.6932856083527988,0.017115628,0.13234308595027358,0.057348818
140818.0,3,0.12660491847159905,0.812818051868186,0.29945923243271344,0.6000098706940686,0.49858946,0.22683959368772205,0.024922727
140821.0,3,0.12034163549103942,0.14613312482520804,0.24588249403339785,0.3436383216923668,0.04324979,0.039152182526513944,0.0026750062
140824.0,3,0.004299922394725515,0.017400139530026098,0.010293190620244341,0.09450728935090066,0.0019391313,0.011570383841104093,0.013526599
140827.0,3,0.04039509960177748,0.08605468095963034,0.007403127884689906,0.5664669904945149,0.0210534,0.06305694644333935,0.023447262
140829.0,3,0.011939086284343158,0.09558550614811032,0.010243402999540845,0.316036183929769,0.0023100313,0.17857016695552097,0.019674666
140830.0,3,0.022311917329672738,0.39781911520272606,0.014481546630310718,0.3746584189894483,0.015217113,0.5036995230415623,0.041578814
140831.0,3,0.032815161168890876,0.3344554164046601,0.028418106749724562,0.8405550413631269,0.0066189375,0.4473107912233101,0.370447
140832.0,3,0.16273726214757678,0.9282966238566779,0.02498995180108105,0.9965874894843709,0.09080501,0.6671817972049249,0.18488503
140833.0,3,0.1538822177750999,0.7742295537839814,0.0669893329524287,0.5733208284491322,0.065621,0.6356638424157771,0.07840716
140834.0,3,0.08126608246826704,0.8475541769774507,0.13268070723843667,0.5982700555584302,0.03918962,0.465381698116677,0.13672024
140838.0,3,0.2593740163258416,0.6530104642751752,0.1271159824568935,0.457237831417526,0.15398479,0.5251623367687287,0.0119859865
140851.0,3,0.010023357948592314,0.06114797654915693,0.01670128867723564,0.2323348870894951,0.0038408742,0.11101420928289395,0.06101557
140854.0,3,0.05807833060217648,0.08484910328078707,0.026195153107312776,0.42193081385147957,0.021147039,0.026385746890623268,0.015481705
140855.0,3,0.05320032788680659,0.08757090937006813,0.019899088632002144,0.8829368046353928,0.0077355094,0.19957840517977593,0.1335233
140856.0,3,0.15291694354160984,0.961670022303264,0.364737391504626,0.9959812912522508,0.15682976,0.6205160831459167,0.025556376
140858.0,3,0.1725419363491788,0.3569875566821119,0.1114391807596357,0.4390355509022684,0.03266994,0.22147506592020672,0.007992242
140862.0,3,0.03362294422967338,0.0222583801730081,0.00650264013955925,0.1893691722323019,0.006622391,0.022308709734050174,0.005247185
140864.0,3,0.15218993093353403,0.8962697490800771,0.0479467997387874,0.5897281667722187,0.102000035,0.42594572571526135,0.096208654
140865.0,3,0.024451624199569963,0.41739360848642976,0.026241110092504773,0.4806852344521786,0.006474965,0.12336905966231232,0.009389068
140867.0,3,0.4644555552076197,0.7067377851911967,0.013962633322936823,0.9967486214294122,0.01968744,0.7303914867171557,0.14757523
140871.0,3,0.04164191411343873,0.06437740965474066,0.021759202212399686,0.40876695238579125,0.0043076016,0.018866879572164513,0.010815979
140873.0,3,0.1231089401358948,0.3020904044665193,0.09290298230674755,0.3561492618548233,0.04935541,0.33729577516852943,0.08435965
140878.0,3,0.08321195832441965,0.1429606482607593,0.07992800070857799,0.32743640119900924,0.017440196,0.03631135338979334,0.012068018
140879.0,3,0.05071098465116211,0.3817703157050489,0.09109039246950718,0.5585727741407476,0.042346932,0.6825528683911478,0.16333969
140887.0,3,0.13912868655218583,0.7485964084797397,0.25959985315168366,0.9822847165238612,0.27542716,0.7780864592567858,0.11679993
140893.0,3,0.02904293722219546,0.13818320816256302,0.003020980953134363,0.35481902271961735,0.0054786797,0.1570854374579745,0.009622467
140894.0,3,0.049930291581042355,0.49117247273579134,0.019172211412526754,0.6524740044299255,0.019568808,0.6115024565471203,0.3858481
140895.0,3,0.032560738435582284,0.19191848165308376,0.045390325383135595,0.7353165774458575,0.030743632,0.14885206084862784,0.04363173
140897.0,3,0.24044881542786067,0.7222167166402732,0.24318812315422336,0.48951458234590167,0.06350571,0.43817853790651046,0.008963431
140904.0,3,0.9516000625034808,0.7756415875661933,0.00895333668183497,0.3934309991405175,0.04474776,0.786551403919048,0.024068026
140905.0,3,0.19361108285266376,0.6368643062814843,0.05568488041790748,0.9613772922209403,0.0656901,0.4771229388148725,0.029340124
140907.0,3,0.27643639856440133,0.7213954866391544,0.3778250868234913,0.15659562770178914,0.3503307,0.26855521653309306,0.08002666
140912.0,3,0.00850109744476403,0.6778633303774879,0.01483631916528098,0.9797013379189119,0.02263391,0.37025034678732416,0.26227075
140913.0,3,0.1426359671868958,0.21075401987747863,0.02487213025763096,0.4946466971816765,0.029610928,0.10072299744282172,0.08734978
140915.0,3,0.11896352797537166,0.48755824539777987,0.08065870232310184,0.4202433649934793,0.07065067,0.10219169667441019,0.026958428
140919.0,3,0.05156456004122376,0.23687966076543784,0.07131448130980803,0.20862934104533862,0.02667194,0.05261189903093023,0.005477331
140924.0,3,0.0486192602165461,0.7644735089278198,0.055224654664061644,0.9942171978111063,0.02053729,0.28129769460995924,0.08355113
140931.0,3,0.11278159519399619,0.9518588832469116,0.3653044640220584,0.3394507170773081,0.10690461,0.4731430565723531,0.21607383
140933.0,3,0.11527256615384726,0.8299407325347793,0.09314655633439876,0.5298647091053179,0.12832916,0.6625230772957781,0.0055470015
140935.0,3,0.22773059882012767,0.9334059594892326,0.013681714391015263,0.974608336986099,0.1261858,0.6516523657838986,0.22880694
140942.0,3,0.03740075726528873,0.3552707885751032,0.01858931583060977,0.5801727655511734,0.06878297,0.137323009456774,0.058703788
140945.0,3,0.17250024932190203,0.3072514201420605,0.17654875943608292,0.47351864669401234,0.061537594,0.38940238724748605,0.04271891
140946.0,3,0.07548828446108864,0.7578247793275998,0.0542185475205421,0.3603973442871367,0.011086314,0.23628373070597405,0.44437414
140947.0,3,0.055879065318283246,0.2641835527253334,0.04954660884842291,0.7874744575673952,0.016505342,0.19025705279414698,0.020374063
140950.0,3,0.016101843208993133,0.10125614145024318,0.007396183243627275,0.29207825259332526,0.007159873,0.4717699257414136,0.04685224
140953.0,3,0.008544770532207507,0.034608230326042586,0.01475109072311999,0.28791306839424036,0.0045314915,0.02575906804470238,0.012219075
140956.0,3,0.02168826048365645,0.0639611764512177,0.023563259471995907,0.4803194944729852,0.0047400994,0.031189681611158173,0.015354128
140961.0,3,0.17023094722117568,0.6248951177288404,0.19526126405546493,0.9758673577936179,0.03285443,0.4600109731098331,0.065581635
140968.0,3,0.07522036574560592,0.22712109052031068,0.01228045438808574,0.986195503086366,0.04222997,0.7026207365132637,0.66589814
140975.0,3,0.09872272557087909,0.6961099382283921,0.2130561919186917,0.9734028703941895,0.088612564,0.15905921658362365,0.13806698
140980.0,3,0.4185918434225119,0.954278130524306,0.04229660851407813,0.5235560201397346,0.15395819,0.17806983111124788,0.19878325
140985.0,3,0.16365723761595194,0.5654711121749019,0.15470803183070161,0.4942728189180042,0.07099444,0.24151526089692585,0.0071749217
140986.0,3,0.019313629305705668,0.13114729900895214,0.037481228233998305,0.6106076394788411,0.0055441014,0.042417542268513075,0.012383598
140987.0,3,0.9555179750242315,0.8166075126022355,0.12444083813238613,0.9709331819463541,0.25809735,0.8378919512541744,0.25941166
140989.0,3,0.12421722043149228,0.43723235220611095,0.011819561996106695,0.3509412349123079,0.016339714,0.04133516134296386,0.0191189
140990.0,3,0.049817597357086,0.24474533175561108,0.05623413266567713,0.48921556324234683,0.06538896,0.08117584906142461,0.0012839179
140995.0,3,0.015097662076810561,0.13926333102288244,0.013279621736675518,0.36435651175183764,0.006599746,0.2641889472422748,0.18369302
140997.0,3,0.07597455035944845,0.4302645295524957,0.027296621710151313,0.991513435826141,0.0570483,0.7988496207873568,0.4189289
141003.0,3,0.05039374153841666,0.1796108368192998,0.02635089318875951,0.988710600691452,0.009152072,0.6403300856455699,0.16891131
141008.0,3,0.15461059323222445,0.7741308361370631,0.27723691101535136,0.22321478056883798,0.24888559,0.11342240264852034,0.0080068335
141012.0,3,0.022655006757484396,0.05501519136623282,0.018552396788141943,0.3206452508699528,0.0035679822,0.018636300843628516,0.006115876
141014.0,3,0.0521999746773547,0.1433747182551211,0.0948967243339504,0.3260760965252743,0.023587188,0.0373998897467182,0.023863597
141015.0,3,0.4519807056748032,0.8713316481206778,0.07820197142837577,0.2371740428201885,0.5940218,0.09454256999069155,0.009812555
141028.0,3,0.6805025467238016,0.8892000685259328,0.03532537237345441,0.42301932923039814,0.056711026,0.6408418043934582,0.16474468
141032.0,3,0.017733884060586444,0.050139643762157564,0.03348461511943167,0.20647355122716052,0.004880985,0.03898906314169138,0.01756657
141033.0,3,0.10745625632283606,0.6410943454679776,0.16505473350231914,0.8782173039991109,0.056840546,0.5148641483334544,0.12651466
141040.0,3,0.5358005118535072,0.8554618813101474,0.035906948710921996,0.4443865269227932,0.013027165,0.6665281164756554,0.72067577
141041.0,3,0.030974192916307444,0.6588866809654751,0.06506669881232237,0.9964342451928353,0.023120077,0.8520285994745161,0.4391842
141046.0,3,0.021654673584489484,0.06990757861162429,0.02036887418719787,0.3289678322511714,0.008870889,0.10348921890307551,0.0044962405
141047.0,3,0.23995050803628995,0.7171688314433496,0.09106235551168053,0.33774348568456,0.15701771,0.6408870604078505,0.136201
141050.0,3,0.2542582796823988,0.9783995726147736,0.025418924953161132,0.5541406016025552,0.029940693,0.4397374236449264,0.50459707
141058.0,3,0.009094219383582009,0.11345800634387232,0.028987966820828975,0.28821332150683027,0.0051004863,0.08185115242965658,0.033799518
141059.0,3,0.03943260695074185,0.3951461378550432,0.03608672306929166,0.4637636881130933,0.024129793,0.4668771067125201,0.010828419
141060.0,3,0.07346028043542373,0.5547042624542207,0.09154498103874742,0.5290873592495656,0.020194417,0.09763516414386496,0.017162789
141061.0,3,0.04446023456034146,0.20035900702048437,0.006791661629167752,0.6894682772332349,0.0056687766,0.022614301345140236,0.0040805633
141062.0,3,0.049296721070955916,0.8734372560976428,0.06465337439455335,0.6408745546821445,0.021875424,0.2683920771905147,0.008034195
141065.0,3,0.08820247168368751,0.5097970354600798,0.019905995582776687,0.9892917489425112,0.040498774,0.5621687183569667,0.48313767
141066.0,3,0.3292674328582332,0.7535232769569742,0.05894583059551974,0.24482700386688583,0.2660624,0.6764056199561351,0.05575764
141068.0,3,0.763487825192192,0.9905417918627679,0.09854789119011846,0.4066268603888483,0.15276237,0.6001369628811191,0.027976455
141069.0,3,0.055450969905781376,0.036132333511125825,0.024687571695160147,0.424651132842048,0.0040002004,0.12228266242523587,0.015695551
141070.0,3,0.012865179722765827,0.24931067743691362,0.0105815318373152,0.39883084054532647,0.0037144069,0.08645657123944858,0.08162184
141071.0,3,0.026569059598752706,0.2701442032414017,0.020788153951081467,0.6520346253435556,0.013123167,0.19789952890563733,0.24735127
141077.0,3,0.5516635621451379,0.48083674363402407,0.21431379675695933,0.257059667287481,0.3208896,0.7813533941867685,0.08431696
141079.0,3,0.4628269062484581,0.597903648308537,0.14999401325507852,0.9775720430195147,0.290446,0.4297697355308166,0.012306911
141081.0,3,0.7795241428468668,0.6578502482969156,0.10051728377537136,0.165510563274926,0.1326816,0.4260914357962451,0.04079193
141084.0,3,0.12278441093011445,0.5085504040107484,0.08725537501007216,0.4237441137753888,0.19854973,0.08194673177747426,0.004841505
141085.0,3,0.9232306467948047,0.9275118537467294,0.2652340601374358,0.9961044124574435,0.712693,0.9073626175491653,0.2637151
141086.0,3,0.018507346851960694,0.1645561723814156,0.01949392113986823,0.4304940482561798,0.014482965,0.19419313155478982,0.00396349
141088.0,3,0.08594542517865686,0.7255325772147746,0.03774913250564563,0.996191748025242,0.047107127,0.6926187008280695,0.31008497
141089.0,3,0.7757898776618718,0.5055245540244044,0.032746451983283624,0.7518295033137407,0.013028048,0.2583377379335822,0.16482791
141095.0,3,0.024420681358334497,0.07548555865783926,0.015652314721133233,0.9696223691487964,0.0035210352,0.11651181518563158,0.018113697
141096.0,3,0.004236811963833272,0.015970197856388237,0.0071469646777593005,0.23842432952629358,0.001832499,0.02044999896808158,0.009528519
141100.0,3,0.29830508065580524,0.9230868507996021,0.05630893302440282,0.4026497130010159,0.05222622,0.750826685924753,0.2586204
141101.0,3,0.08860067804825023,0.9295749117888933,0.0360362989098925,0.6778563433692043,0.0537226,0.4774601014489298,0.115780264
141114.0,3,0.9234713762076784,0.5674143213377806,0.20487840683382605,0.9819087259985516,0.14841355,0.8329316932535779,0.29640684
141116.0,3,0.08208812205650629,0.41179412326129117,0.05017993933032292,0.982509207767599,0.088333674,0.3261592217409817,0.18670617
141122.0,3,0.04589586195811838,0.9819567974175714,0.04165009053338824,0.8974360992527706,0.011307803,0.401931408942404,0.306257
141127.0,3,0.9999844055000265,0.4644705791034081,0.08614690352338544,0.5222917618974915,0.039569367,0.34286470975126665,0.023247268
141129.0,3,0.2737486321161915,0.5853031087281216,0.0471875913433719,0.16332866799550316,0.050780207,0.11420144602699225,0.1779792
141130.0,3,0.060941788463718005,0.48217318138284965,0.052706976525759064,0.6767962384937942,0.032070525,0.3970384921288101,0.007507148
141134.0,3,0.08054572805594983,0.9540347979597753,0.17606150578057866,0.26732267374437846,0.3061832,0.08406213022460336,0.06372323
141135.0,3,0.2909610831247548,0.8691124764933053,0.1407354100321863,0.9964899861377184,0.03624765,0.47473575859413986,0.10134447
141139.0,3,0.039777096412970475,0.1912518350263653,0.02287510174777996,0.28203111830455896,0.004047268,0.3064335238857808,0.061130524
141144.0,3,0.44933286305047254,0.9516390920751922,0.13618918201257899,0.4866870563846436,0.15980846,0.6308367953148989,0.012866642
141145.0,3,0.06673843550085339,0.3127714467768031,0.060495032544630616,0.5061705633921981,0.0591894,0.2214949951960636,0.2006217
141146.0,3,0.03413699158947056,0.10796469899460318,0.007610485160005086,0.6204234048736866,0.004770366,0.09680149213160043,0.011388273
141148.0,3,0.10707624701935438,0.7804427839868818,0.0844564978610099,0.9961539319759373,0.020476993,0.510045925068999,0.32678217
141159.0,3,0.1504520474707306,0.9096386363086411,0.09098944068243808,0.50113464799443,0.31690195,0.050510257899913445,0.094783634
141161.0,3,0.01239933622803171,0.15973245771612127,0.015616086972343327,0.4747764445143045,0.011016324,0.03813872833615077,0.004988829
141167.0,3,0.024752229926430617,0.04406001490027575,0.008939441909083738,0.2406697598968754,0.009052706,0.013402982633229027,0.007117246
141168.0,3,0.003440052664410646,0.7928414220641835,0.025885147141647753,0.617493977103177,0.05591209,0.48145958303241615,0.36472723
141169.0,3,0.012520390801057433,0.10223134292753351,0.03815446247834143,0.3828521967754039,0.01637903,0.03497057689066072,0.012305462
141170.0,3,0.07085945453724349,0.6967431107083043,0.3498778272488246,0.2792359931918059,0.22381759,0.18794797984712613,0.15877701
141174.0,3,0.3079655297303807,0.5346519894265707,0.0846564117983247,0.37117605170276924,0.02274305,0.6012558947486226,0.4556018
141177.0,3,0.04216575642991544,0.9135810785647749,0.04921155139778157,0.6566439612867179,0.09539828,0.20642953838446773,0.11399632
141178.0,3,0.11485545638792222,0.39968195682569163,0.04461976556996248,0.7106593659358601,0.04163704,0.4669828888073209,0.26062644
141180.0,3,0.6337613135930436,0.9827162238569721,0.14482632003324003,0.6034041254852075,0.1551441,0.6845058693410659,0.22957578
141182.0,3,0.031179260151701724,0.07753513705541396,0.021613749684364678,0.5150274455477459,0.008657612,0.15882710262325392,0.0072799674
141184.0,3,0.9708888984569883,0.9834825969130833,0.3859901024002996,0.2828076114550609,0.52077556,0.7074048277393824,0.03518149
141186.0,3,0.5896558373689702,0.9516877178840751,0.44313730603173046,0.9959067913957927,0.47492093,0.838806928554728,0.18310392
141187.0,3,0.33597276464860076,0.8212538405556061,0.27413287227418665,0.9945071557033953,0.14177728,0.48221181194105817,0.04187061
141193.0,3,0.9774217113510584,0.6170721623824409,0.024224816992291082,0.9840785679031994,0.104881704,0.8351527342235959,0.3948601
141196.0,3,0.11246295741792493,0.5958455550277598,0.03630264935795617,0.9883555117524983,0.023852382,0.7803586027711062,0.30331367
141204.0,3,0.009783741986516643,0.07881325618652275,0.0138061632139753,0.21263767679495796,0.008613577,0.02372638861758358,0.0033649139
141210.0,3,0.3012956453719988,0.48525158111771216,0.09059105238412297,0.8136228135194038,0.3310814,0.3246672365260444,0.13408029
141213.0,3,0.03282011289868619,0.1659808332652053,0.043483261181879375,0.17420450024380832,0.0045453394,0.2423350402779238,0.076890945
141215.0,3,0.08881604196642984,0.4706219103202651,0.059029698910031084,0.5203612452744563,0.10456525,0.6724014715118364,0.01941442
141218.0,3,0.5724649154565811,0.6553772710920616,0.2232848662572411,0.4121752574137894,0.05166874,0.49456449344382913,0.109858856
141225.0,3,0.6044749865351925,0.9896769847220229,0.09119312344311886,0.36905458893984416,0.22079878,0.8816467282076716,0.28807464
141230.0,3,0.012825490942907703,0.14790963010719196,0.017379122792311564,0.4808461454024987,0.021831611,0.2101641284444375,0.19319041
141232.0,3,0.10335314211366932,0.7697603872690512,0.08057580313316512,0.6633676481965027,0.047211766,0.38819233145478715,0.13073356
141236.0,3,0.26373891742790034,0.5875011883657522,0.06260001481003782,0.7469515788463902,0.04831413,0.4229203140996541,0.027210405
141238.0,3,0.9999947181311143,0.6828755971502718,0.11197827108777934,0.9973504901250678,0.20006345,0.7678901563921977,0.4043848
141249.0,3,0.07849245477399637,0.7098276104360931,0.014567465368410654,0.9756865056488441,0.046172496,0.3805631443746118,0.43738014
141251.0,3,0.2540191574427903,0.7879744019346343,0.1287494896596271,0.508108164235619,0.24307148,0.21376674359913378,0.0049690376
141263.0,3,0.007575306176460542,0.01593134720448835,0.009685637423129717,0.18882111470690738,0.0033495335,0.014884796230874776,0.0062990705
141264.0,3,0.2496386248341563,0.13976479608220105,0.008959091211661182,0.5642567620407385,0.081314504,0.666042267503187,0.15878375
141267.0,3,0.09530620070453405,0.7069352986205671,0.03652485908065896,0.4273440177461471,0.0916904,0.3478482864823671,0.012358354
141269.0,3,0.07009953180579044,0.5868668251599227,0.01784322337768965,0.9788745419399935,0.007087768,0.5359948980864614,0.25216392
141270.0,3,0.07406525617964398,0.4096993781538059,0.09030990251109403,0.6353622588010921,0.034683246,0.1388519745058014,0.021474583
141271.0,3,0.45923916772958645,0.977646710233043,0.19094594604081433,0.9967625677960713,0.068677366,0.8604332667795345,0.15428211
141274.0,3,0.017576430902962608,0.07336025092524673,0.03938813462136786,0.40911074358548577,0.0036959809,0.1319477879952336,0.058193043
141275.0,3,0.05792389144768552,0.5615298873581688,0.07478487837885427,0.33604703472507286,0.0613321,0.09198157792310281,0.010663351
141277.0,3,0.6355672737379718,0.914581587976321,0.05721497966071866,0.9970289729866189,0.19308098,0.7328832450510404,0.33445543
141282.0,3,0.5592269261132093,0.9028965371555953,0.07691378646325125,0.961767611195822,0.023782896,0.8516094113910541,0.24099204
141285.0,3,0.09363757407262636,0.07434917282642856,0.06465808937032412,0.5604611075534436,0.007529742,0.10198396085273781,0.011689808
141289.0,3,0.19590031057816099,0.3983903356016061,0.703278914939441,0.29420229943813353,0.38078043,0.18581931374338373,0.018919555
141290.0,3,0.17395779767021002,0.8177046336440497,0.05361062473807306,0.6362066174483164,0.036174923,0.2573941179926957,0.0943462
141294.0,3,0.08106698634440708,0.9191013590337108,0.06688613400363126,0.5588041258205046,0.3855507,0.0848669282723897,0.026105855
141295.0,3,0.09008377908378215,0.10809118061012227,0.03507075094946054,0.40553663725093514,0.026270337,0.08246845638526999,0.031182276
141297.0,3,0.018314299744774006,0.09652578232994398,0.013556468243503891,0.31342811088218125,0.005681213,0.05559502590033545,0.027256737
141298.0,3,0.04512642419937444,0.1534429177929891,0.028018815804631576,0.12462613611103575,0.043477,0.01823755959129983,0.008673595
141301.0,3,0.965890933854793,0.979247098582886,0.3753539947046238,0.9962878613935736,0.17530887,0.9351532469130562,0.44112724
141302.0,3,0.6701288215010516,0.9860785407486625,0.13026858858213583,0.441927358412004,0.11666168,0.5833246722520166,0.06561757
141306.0,3,0.0426440269353763,0.8487545342872745,0.025577414794708715,0.9176466136223533,0.07927136,0.1917105128654872,0.16050895
141307.0,3,0.09373145747278785,0.5290350276072611,0.07901206700697178,0.6498461550568863,0.037974034,0.2807694091531522,0.18436329
141309.0,3,0.15496474566510676,0.2506777296048492,0.0334735352653445,0.40380449572453647,0.011627611,0.4055825301892859,0.46766928
141312.0,3,0.9916190052785159,0.9269718162737274,0.0353019387283233,0.9969360248993901,0.12749597,0.9241983819830497,0.26145837
141317.0,3,0.9685332495623283,0.7582934177186783,0.06258283309911251,0.9495399889222365,0.5072677,0.8642686487163498,0.44820374
141324.0,3,0.04071968563467069,0.39560125445455097,0.0117389341736038,0.9445730053813733,0.01440451,0.4058896107333814,0.12150956
141330.0,3,0.11003719451744713,0.6961263649201681,0.08635258848131659,0.26055732412362886,0.06324747,0.4415372778870888,0.18718374
141334.0,3,0.6926086828705326,0.892544163793022,0.34300676745869163,0.9949044996085235,0.5072645,0.673984141079626,0.23939589
141335.0,3,0.05983788175693435,0.8109261271671683,0.06667998399603474,0.7284795137623701,0.036580708,0.09901934165636443,0.026187118
141337.0,3,0.02556413018915265,0.20166723287589575,0.007996198084333923,0.9242325635558301,0.016265126,0.31657100930090254,0.13104983
141349.0,3,0.7475976940473603,0.9633334077493368,0.5878344003944932,0.9936952910479488,0.4729006,0.6456010924898902,0.047847003
141353.0,3,0.40408896399789945,0.5513340715516585,0.07709961712745858,0.9862776437830088,0.0096317595,0.8522899351659682,0.7558259
141354.0,3,0.01885309541459506,0.362702020378729,0.029138556064323872,0.6579557722469551,0.038664203,0.30249031691569567,0.038058184
141357.0,3,0.945136646946453,0.9155226671559402,0.03678743801757017,0.9943508280797647,0.4906762,0.37283343951252307,0.10046987
141358.0,3,0.06416776881880566,0.710472200104256,0.06836430447471051,0.7159660964291649,0.031393666,0.6741505838962272,0.013392025
141370.0,3,0.39458499025225674,0.7383711478546618,0.13360014368694617,0.519189621434133,0.25897175,0.41999254469896335,0.006256114
141372.0,3,0.18949654794729354,0.3040554319803331,0.031855400192964144,0.44183905905659115,0.035299193,0.3885448595455179,0.06409367
141375.0,3,0.010063298347940917,0.27952651111234006,0.041183119927439164,0.4488008014251285,0.012693088,0.1894584216765037,0.1266979
141378.0,3,0.019083451842843404,0.2894060456738465,0.012494030995699191,0.5131640316570973,0.0059124143,0.41995199580114423,0.08953506
141379.0,3,0.1241426237364152,0.16665223872292265,0.012272517015473817,0.36254235419794484,0.004436637,0.09548906702900102,0.09770709
141381.0,3,0.24310921970092916,0.9516825861595579,0.02198555947636176,0.6142629683747342,0.092658505,0.5941340792235277,0.38560063
141383.0,3,0.005829661819058676,0.05695008678515242,0.011710280334423492,0.08082440658302271,0.0042914934,0.06052925621275086,0.028432779
141385.0,3,0.005339050933281754,0.021323607084999734,0.007273413191762645,0.1299537683491493,0.0026698934,0.03977300885000388,0.006114007
141386.0,3,0.11790015553921838,0.7081398492025037,0.09813093905020104,0.9911314960327062,0.06442954,0.8287621935749606,0.43576112
141387.0,3,0.027883542595314528,0.10048925109288367,0.02101957944927564,0.9630264672730161,0.0064519714,0.060634317702802934,0.012460311
141393.0,3,0.006636462644524067,0.5104142327270268,0.07213319315203585,0.600223945565956,0.028574983,0.17137539995407144,0.088682175
141395.0,3,0.7666840500358668,0.5198807311588816,0.03934058451751751,0.9758448816385493,0.2865041,0.5122254976638904,0.13345554
141399.0,3,0.07035606822651531,0.18693703828779412,0.15341463177341313,0.6335024702562657,0.032188196,0.13355847763738804,0.031810403
141401.0,3,0.0672123196483016,0.3538795629349304,0.029233615475081163,0.643384753803681,0.023776958,0.23756499509951645,0.040746726
141403.0,3,0.1141153633276459,0.8579631181866567,0.14581263709296638,0.2785942707478021,0.032486636,0.39770477892032713,0.29385707
141405.0,3,0.0924721646084978,0.512203304945317,0.22611792630246758,0.5303929259787454,0.15761572,0.20310327526216332,0.032016166
141407.0,3,0.3173108513112877,0.6295255753657746,0.048331413366587694,0.4394910257514103,0.051098887,0.5948825225940627,0.054083556
141408.0,3,0.026341217766630266,0.22052876110031785,0.009586199432533755,0.5184314041545697,0.01904812,0.03606357213808292,0.03759124
141418.0,3,0.06275246841857392,0.8667653502469702,0.06329742849113466,0.36599904193083416,0.0342559,0.5653018852437618,0.029696686
141420.0,3,0.12461751344640194,0.7906009007684696,0.057753180107079465,0.1413298811289823,0.03675329,0.15585256920298135,0.1734326
141425.0,3,0.01876083485175966,0.18910654271187197,0.01989257702941077,0.34725486008256545,0.0038521108,0.17512049597349547,0.008887945
141426.0,3,0.009025542484597826,0.06665677146814294,0.012792227672618532,0.3144817404513087,0.0041911444,0.05080302510689754,0.032704774
141428.0,3,0.9998740818179407,0.974598982928723,0.009494458800159252,0.9962510614548735,0.055434227,0.8362807220834814,0.80349237
141431.0,3,0.4073373001303288,0.8247343519879057,0.24037176227282375,0.3883102663346637,0.40721217,0.7653747675878358,0.053356506
141435.0,3,0.038655665525461666,0.8033194776198765,0.029410500873065105,0.7117233589635874,0.013729233,0.7120141305212359,0.29982838
141442.0,3,0.0066363955097343925,0.04606775225964521,0.006566876293314241,0.29151459494860893,0.007190298,0.01789155604410644,0.010057314
141444.0,3,0.0012472174811521087,0.01499338590840947,0.013521979149878923,0.240013362436841,0.0026927667,0.04894060274533341,0.007037589
141446.0,3,0.13717045867042305,0.24478958728338868,0.05231800275152458,0.47044074028149596,0.010980877,0.4266844364090814,0.10835289
141448.0,3,0.109517839738235,0.8194178535747568,0.5899132056163955,0.5198657007108819,0.05107547,0.11522184599071832,0.023770837
141450.0,3,0.4874986897245014,0.990546638790459,0.4511848315263722,0.48745575639328326,0.04594407,0.4031826568871381,0.069850236
141454.0,3,0.025067496655693418,0.03864537258139256,0.006477260719092006,0.13173107515504537,0.0036226697,0.020849990596984256,0.005895147
141459.0,3,0.3647109626263826,0.6360189295489705,0.09688855702261996,0.760000485665196,0.24293602,0.10723079418607472,0.010543691
141467.0,3,0.09254511551838938,0.9531079276991882,0.06863236568271003,0.996057581127982,0.062185884,0.7197268643977219,0.1572166
141469.0,3,0.4128060642483413,0.9369681165592476,0.09363763425802313,0.9946339679866033,0.09847066,0.35306073957786666,0.34589943
141470.0,3,0.18079243211840512,0.5559206467115172,0.08066505984781298,0.4497158090911876,0.078797996,0.5238800140056948,0.0124942055
141478.0,3,0.032477385936091334,0.11744355127585242,0.015658068900951724,0.9702157282569575,0.00452064,0.06341641525564368,0.01871864
141479.0,3,0.9682605769955138,0.762104632166692,0.08092734550855131,0.9806913717751584,0.15591493,0.8725619490076028,0.668912
141482.0,3,0.038378456060014235,0.45285693928209414,0.004447912598820398,0.8664188898111991,0.012104291,0.07136781436555477,0.07011479
141483.0,3,0.10593014294481824,0.16720705063316407,0.19561562186252315,0.5908438902746119,0.024497727,0.021902527961316056,0.01155279
141485.0,3,0.17765832888438568,0.9540909514899988,0.14014662525422708,0.9951893443050298,0.19472082,0.553768003166938,0.11422868
141488.0,3,0.08663763772977262,0.6787527747519967,0.39515710482252264,0.3245114203286337,0.2309626,0.3027654832981872,0.04871481
141495.0,3,0.18186596787078338,0.9683263902217831,0.33373290035637526,0.2968546014915055,0.07660774,0.3457745985680485,0.059131343
141496.0,3,0.13680504108922273,0.8142521995854836,0.032360984530313774,0.8358118500800398,0.10967087,0.8631647191382906,0.17324603
141497.0,3,0.043948845757449395,0.11261139216064689,0.025128290968968,0.5628892427760254,0.011310709,0.4528956498215368,0.14501852
141502.0,3,0.24308794366900366,0.6986718061476573,0.6830103815489542,0.33109704130512463,0.38065904,0.07548020692632944,0.056808546
141503.0,3,0.36345296702438645,0.5233275788408667,0.03951240121781309,0.6407300687934963,0.16143148,0.685681510502763,0.22970204
141505.0,3,0.009988848762939567,0.015324021360564094,0.01987759074205231,0.20196595524528937,0.0025088536,0.03136126357639782,0.009596391
141507.0,3,0.9983084499760936,0.675605224433736,0.015711132286644336,0.9964349388437113,0.12785132,0.9170740497722907,0.40994444
141510.0,3,0.0392010080929388,0.4771452650385485,0.01720501936359809,0.9547711180789121,0.06309117,0.12306283779945344,0.20407373
141514.0,3,0.18739735498723004,0.9570955353750495,0.3189951002809612,0.6478630863413605,0.19688272,0.3554011426118187,0.098404534
141520.0,3,0.12464844570587384,0.6723367544852241,0.06350947336334828,0.5233171813037851,0.056793403,0.39889288312070337,0.01017058
141525.0,3,0.021247041311803175,0.05571647120362701,0.003653250995723252,0.3894687585559111,0.0016918225,0.09258330306050272,0.023610843
141526.0,3,0.08681737093570777,0.30630254493743897,0.009337813440544953,0.7497277829756767,0.015536337,0.18541184546828599,0.058715083
141529.0,3,0.9999777376169193,0.4168711241059347,0.029690830689649,0.9972870984257312,0.014259885,0.8145393300083104,0.36161268
141537.0,3,0.013339989857018682,0.020549500480668573,0.021334158401299506,0.46865986987388747,0.0065284777,0.029492134022374602,0.007943741
141538.0,3,0.9837575584708297,0.9397099040489135,0.20453716555684961,0.39645126094643107,0.210069,0.9389181922118155,0.2967028
141540.0,3,0.6425613795142296,0.8975533578738167,0.14751374898547504,0.9657875727365889,0.14765096,0.7170767882956759,0.02788449
141548.0,3,0.6935536071956497,0.2977260253094035,0.06232592310994272,0.367865620904226,0.03013341,0.09234570931508429,0.008908954
141549.0,3,0.030312762088028206,0.9290340527558584,0.039086151843919795,0.7755730891548753,0.03370165,0.24096696576602775,0.026507912
141550.0,3,0.08074612960920265,0.6163828390150337,0.013251115373843957,0.5811581809935631,0.005283303,0.6454783890179846,0.64386106
141564.0,3,0.5057661610701294,0.4096784308896726,0.149475857808501,0.16529018146539043,0.079487115,0.618022094624028,0.04200184
141567.0,3,0.9280562861974618,0.6332641115545449,0.09933608734196042,0.2815969526741058,0.28349936,0.9278479408309886,0.46254393
141568.0,3,0.07307450085302519,0.6554673929503232,0.08529279043067504,0.7154691136224797,0.13976683,0.20564339758648104,0.10521682
141570.0,3,0.17584505529751085,0.9271711632087313,0.07876035276950163,0.3853902341172964,0.13230935,0.22149911385966561,0.07454076
141573.0,3,0.08910095845396196,0.19487994190816887,0.012791211256059542,0.7469326045229709,0.046085045,0.2927465540243485,0.14025217
141576.0,3,0.5057596130219983,0.8104957719681156,0.0818362944001433,0.20310732145374435,0.100159325,0.4066224829944551,0.025210995
141577.0,3,0.819054302067441,0.5997089821628375,0.06658649245810569,0.1392679939032416,0.020326769,0.784864782903518,0.3570855
141578.0,3,0.35301462665935185,0.7429197839437877,0.04010334151273516,0.8322847222651625,0.36193016,0.09194278832352133,0.08621302
141581.0,3,0.12732034399092299,0.990961621145769,0.05024808168665721,0.35273907889905975,0.1381238,0.7073467743814382,0.012551468
141585.0,3,0.0212960044337434,0.3325640881575007,0.0494922257211822,0.8608242747317975,0.03593375,0.6450662044936575,0.4518047
141588.0,3,0.1580286116154425,0.7345450725888637,0.20007907317948498,0.9812979983521024,0.09935469,0.35888231401816395,0.21957044
141591.0,3,0.14237470884536652,0.35291117227596147,0.061541464606496614,0.987089908480248,0.13453577,0.237376425545231,0.19697882
141592.0,3,0.12679999450371493,0.1100464082552268,0.032644617048027784,0.47541851765276044,0.020001562,0.10187370831202557,0.021323575
141593.0,3,0.04867395347090649,0.330127146057636,0.054964445276184555,0.2756091469698436,0.03783178,0.15662603730234487,0.0044271126
141594.0,3,0.08543383723165765,0.22650638954299657,0.03863474910604191,0.41989356510909276,0.04490371,0.06819502393222374,0.045662057
141595.0,3,0.016855702974529853,0.13019397662695067,0.023674620316412345,0.502226971095913,0.007111513,0.02966153380224822,0.002361662
141597.0,3,0.29567349429559503,0.8634173790699122,0.2388683289485918,0.5111174252034345,0.100821376,0.06610881399938663,0.011229789
141602.0,3,0.026431353798329903,0.3863957209552472,0.00989167315878187,0.8583425273624393,0.003453694,0.04911675875033334,0.019051492
141608.0,3,0.17842399436807177,0.7529519946873285,0.9016463316826657,0.09691417050617769,0.49222815,0.49711978299027576,0.14228715
141626.0,3,0.07642869361358015,0.6952600375337584,0.036354709048159684,0.7715000188019684,0.018257096,0.6269128697629048,0.53590906
141628.0,3,0.10819734252220285,0.5209955553452188,0.025530305557150773,0.6364561936992973,0.03280228,0.31584028977679357,0.07502243
141629.0,3,0.04754233376810404,0.5538516618525136,0.031491297280414075,0.3467928875881101,0.0425147,0.5954153116711861,0.0073591867
141631.0,3,0.16952053776458362,0.4265201045185611,0.06670068639012525,0.446211716003106,0.17290816,0.2184482399404205,0.024621699
141636.0,3,0.21521814731257716,0.7634760167920915,0.17984032772128486,0.4680926939316247,0.15616603,0.11345249230676546,0.015070965
141640.0,3,0.1251281051133366,0.9394818463539315,0.009277956154938666,0.9969966053775375,0.015353948,0.582575617789433,0.65669
141642.0,3,0.6580195606116956,0.5664023112154085,0.0544982872481279,0.4770276682069806,0.23313127,0.7704584727060388,0.10183527
141644.0,3,0.7393892697773785,0.873654699109509,0.11466552940826946,0.9818907788763683,0.14021751,0.824271045267348,0.19041865
141645.0,3,0.10751142468569622,0.6753803065099164,0.03766049950983991,0.9777128934428854,0.14323243,0.8199695103353593,0.06348963
141648.0,3,0.020840173116062052,0.19813770584117607,0.03020522889979628,0.39662702216697276,0.0046181786,0.1296515140813836,0.048922826
141661.0,3,0.03284224278564765,0.1952442221392637,0.017226800106875134,0.3823424591039866,0.014224164,0.396230870371568,0.008677081
141665.0,3,0.23473532791021692,0.41304109168267195,0.1122075632392669,0.5688406922770388,0.060229383,0.0722647748311459,0.011619219
141669.0,3,0.007447305529007957,0.01988309587895328,0.017857892461748546,0.26072098349002926,0.0015514748,0.02160088522728182,0.007909058
141672.0,3,0.061102313142967116,0.09128172681490201,0.016197727477579523,0.3578370450583921,0.038961858,0.051031364717843475,0.0063451873
141673.0,3,0.04293274150610939,0.11830167001961538,0.0513645281556858,0.5863054651443178,0.008651999,0.0746355228157729,0.010162605
141678.0,3,0.10364778596154077,0.32862923538858707,0.011833069706389258,0.8729838344471688,0.12840044,0.327231487788085,0.18279482
141681.0,3,0.02362334677735783,0.06534001848297868,0.01398563564702257,0.3720621800212826,0.0026144697,0.05792832853085401,0.015867729
141684.0,3,0.07015038482018364,0.9672953067217691,0.0362155755992369,0.46313543242836513,0.07459395,0.5517418596408441,0.27121183
141687.0,3,0.3636799431420506,0.773332079133113,0.5028472400363151,0.3935426242867964,0.43031824,0.6046868993379516,0.1434104
141689.0,3,0.9269930575068918,0.9285581419638638,0.030020185305081017,0.9978201522219592,0.051614195,0.8483866565612896,0.75729495
141691.0,3,0.6818129663888115,0.946523199738792,0.06271076190993857,0.9974969329372845,0.09258467,0.8918715053101879,0.32471287
141694.0,3,0.4863314220175185,0.9563755477011638,0.30837056425053727,0.9969852771364536,0.2605966,0.6800267358522548,0.20265348
141696.0,3,0.4273436540713253,0.4642777021044965,0.024356220690840247,0.9758695937032219,0.24102452,0.7963068035706823,0.3695652
141701.0,3,0.9620093893341884,0.7217809657046477,0.16441344989240933,0.997866886423529,0.24730298,0.7693086441786429,0.2199376
141709.0,3,0.17769298478634465,0.40409966692013594,0.07827396559551918,0.4810390880302361,0.035466157,0.40619821278048246,0.243914
141710.0,3,0.9747777787243157,0.8981204030548534,0.41160704054259695,0.25416941277223754,0.5171511,0.8848068184321326,0.032126207
141713.0,3,0.12952423149401796,0.3394657127482223,0.01946793960452057,0.409766944051863,0.08621618,0.031084618673993047,0.022062764
141715.0,3,0.1323689909153472,0.9051105001037931,0.10297085307029195,0.40509115248834116,0.16321377,0.5712081516445014,0.023119938
141717.0,3,0.6215716828668535,0.4747592650502659,0.06829133415047046,0.18200641135436973,0.19150455,0.590140552131039,0.43250796
141721.0,3,0.135067919900809,0.31148926493618834,0.2970783815137549,0.36411504324436356,0.109782174,0.6089307347288757,0.022970654
141723.0,3,0.17614022108323169,0.7604612331488229,0.011281616687653848,0.9811527667013399,0.0394967,0.4771183692566099,0.08240691
141728.0,3,0.03694753240292233,0.14722588414568696,0.04405977058755744,0.6313112292505798,0.03643851,0.3318188514511714,0.07009167
141731.0,3,0.19438852779499127,0.9010558715773465,0.05035014578993098,0.923762294221434,0.114903525,0.7097728048013209,0.21100487
141732.0,3,0.264605415289938,0.5081939093229866,0.056838337759896815,0.482469539938415,0.062922314,0.6210031361803353,0.095910564
141734.0,3,0.0863905806531505,0.9350222549987578,0.10040569176836456,0.807480408943131,0.119108446,0.3418585195841508,0.038870916
141736.0,3,0.6525733985986701,0.8522736098722457,0.03543148157987194,0.9853506874540375,0.04828202,0.8631554239840343,0.4537527
141737.0,3,0.20041681573076292,0.6739018359044835,0.10782567556942738,0.16298182977413878,0.03395091,0.25111593597565873,0.09397717
141742.0,3,0.028494220051464732,0.020877594242459524,0.009782072812894125,0.24787811367622928,0.009711268,0.022413578128708405,0.012852109
141745.0,3,0.02617943513406837,0.1805402344658711,0.022827954316828884,0.6264619582803468,0.010851027,0.03181380532835237,0.010555115
141750.0,3,0.796311697805492,0.7827862126399632,0.06992201316605554,0.9743897411239287,0.12479197,0.8826330286331205,0.72681
141757.0,3,0.11740476202144719,0.5983199888820682,0.08009042470375136,0.5467018512033661,0.036404558,0.08487601642644738,0.013908793
141762.0,3,0.11820026814661631,0.9949087379551638,0.15419882510313168,0.2604431192044456,0.10847559,0.5617852956360725,0.028705316
141765.0,3,0.055227175624161594,0.3903662274419948,0.025058845598668406,0.6286431683364281,0.017594002,0.459779718468383,0.25493357
141769.0,3,0.05942955694053173,0.20801121794319702,0.01935934703437911,0.4049856324359244,0.013073917,0.16124662474675475,0.056815293
141770.0,3,0.01008045138542787,0.2326990388146329,0.0067640607847152786,0.3371807080366629,0.0041426267,0.06020382659729288,0.02148233
141773.0,3,0.29853344353900274,0.4109211122679645,0.049473664755002665,0.3818933698237575,0.06788574,0.4216599764564084,0.07207353
141774.0,3,0.1732471328291241,0.8725047945434621,0.05087920682482987,0.497150045115437,0.03383348,0.49752708664128975,0.35999897
141781.0,3,0.2321134612285922,0.9065297611340851,0.1205345134779162,0.6063833436760783,0.37357464,0.47097843562346603,0.061749402
141795.0,3,0.04370897074337817,0.16630918570234465,0.01782301704265512,0.9123988333752532,0.008803695,0.28134428749571005,0.022211121
141796.0,3,0.10788116354938714,0.23502567363708002,0.06709692186882094,0.34481498244348147,0.14369686,0.07803471207777489,0.04343788
141802.0,3,0.0322125734360069,0.7883270209857259,0.010593914568643725,0.873417341421024,0.007452943,0.381992139650892,0.16493331
141803.0,3,0.014802588258620604,0.14051892890545467,0.007011715551864148,0.9062514335442196,0.009315512,0.1507019816976459,0.04200025
141805.0,3,0.07379628138012123,0.9634812736927141,0.19700430726832602,0.351919665987835,0.040364947,0.18623765259581251,0.028423678
141812.0,3,0.08322750623291937,0.710719793954285,0.054797326894927514,0.670734094430971,0.026490597,0.22886757675988834,0.04629247
141815.0,3,0.3596845726696617,0.5455711034310253,0.2137714023974658,0.27386850071993835,0.07638896,0.36187435366981574,0.05918227
141824.0,3,0.038575797788689324,0.38251233377931293,0.0543411443048653,0.5102151918876828,0.058284122,0.6346363703241853,0.18998724
141827.0,3,0.14303599728969396,0.3998196644008297,0.015551689140771052,0.23527492137877032,0.008664342,0.10917922767623248,0.031450555
141834.0,3,0.10852368246661777,0.2862686378783064,0.03527768387240835,0.23805393288424115,0.006438993,0.15022205046512094,0.26150966
141843.0,3,0.30171309128102103,0.8922462832459928,0.09168430408441128,0.8637185881430292,0.3526456,0.5820618018813518,0.09138616
141844.0,3,0.11434732467732203,0.7896577553317674,0.0177166739285739,0.983832706041577,0.03220457,0.32351609341412507,0.08273452
141845.0,3,0.19189817160883335,0.15520595679070862,0.019580380247961018,0.4405508825842306,0.02921333,0.4941274164047598,0.43734083
141846.0,3,0.16171250366572335,0.5275701711672162,0.16763004010786903,0.5177883509935912,0.22877663,0.3331079578365858,0.012047076
141847.0,3,0.2813747232723938,0.20361169372984536,0.058018824522022054,0.2759568948667878,0.07029419,0.45410083838784576,0.12245025
141851.0,3,0.008295430060705712,0.05445115803620399,0.008626957628772957,0.06604390309590853,0.0034347821,0.009436833066690136,0.020880453
141860.0,3,0.04995296335544099,0.2594014059803858,0.045682727288156234,0.5435415521536104,0.056391772,0.3152311873449249,0.3622612
141861.0,3,0.0857251468576328,0.7964123787528229,0.09120730307071313,0.6071967238552581,0.08742431,0.3852255021281273,0.006497922
141866.0,3,0.4506114235874535,0.6879326674369072,0.10993376181928209,0.6041575797043319,0.31465992,0.7334295833570316,0.2155373
141869.0,3,0.0954403339330066,0.7686872368329974,0.02163166929216956,0.9963373685827668,0.01610113,0.467974856054561,0.09358697
141872.0,3,0.04485351008874144,0.17863855074136953,0.013623664084744143,0.9403813003207911,0.009134403,0.10487582979943037,0.021610623
141875.0,3,0.3802449254159412,0.7232911362463725,0.0758759065842059,0.9969487633398644,0.049170967,0.8440525520967183,0.63171834
141879.0,3,0.5543388867602638,0.836001740245706,0.5914221641708977,0.3478892486273313,0.49801266,0.6179255464367723,0.03080825
141882.0,3,0.8894080504332931,0.9176552300844953,0.037113264704365205,0.9958560685341911,0.16555652,0.8189705087950006,0.41084176
141884.0,3,0.07083344613359159,0.4544087139446972,0.01553841738182312,0.5527878752584869,0.013183521,0.15720011872008663,0.2404603
141885.0,3,0.9095849684332077,0.6180954422973851,0.08566412627549237,0.15161994693032738,0.099171646,0.8500329723840736,0.20610628
141886.0,3,0.14637365095616062,0.9735272870399931,0.11741192937559287,0.9968618605888885,0.14692783,0.8799301875191728,0.14077353
141894.0,3,0.18959962996553928,0.9369276631606314,0.4147063437509507,0.4240802930794998,0.18643838,0.6547719659024387,0.065005235
141901.0,3,0.006536552393255564,0.016315972310581496,0.010564134584038855,0.24074175543132628,0.005218786,0.01758718354400571,0.005585826
141903.0,3,0.1269749701399437,0.10265546401030683,0.040377840923886174,0.41983464265461584,0.024896495,0.0972085832771616,0.011541628
141912.0,3,0.9999999223496798,0.675131528275926,0.24006892339742575,0.271826215035424,0.42930833,0.9196513633273732,0.28383422
141914.0,3,0.0036108150399067392,0.04561697958495291,0.01389097530580872,0.13341157816147253,0.004388218,0.09123281811894186,0.029795907
141915.0,3,0.16222923918535076,0.7379217265802198,0.17388376720937415,0.4349040844454095,0.15520333,0.6941643368756591,0.07397868
141921.0,3,0.15980053790687934,0.9730681244310135,0.108332255295235,0.7632564414095064,0.15048482,0.4524675531048932,0.0558559
141922.0,3,0.14231785712731904,0.6080500975287138,0.05482051430507649,0.984615383521701,0.062337503,0.22739343368499948,0.045441654
141923.0,3,0.008386026227442216,0.6651053405301224,0.013049477033179144,0.8700581984378658,0.004567044,0.2577309104218089,0.20846474
141926.0,3,0.1215887912344857,0.6979163363683626,0.14620005785586515,0.3277797275880308,0.49586338,0.3550738193420413,0.0683471
141933.0,3,0.030703247336628346,0.19448553968153245,0.014219667391030526,0.9713447944507229,0.009939008,0.28982662347431754,0.47330478
141938.0,3,0.009118980720701568,0.08227889725494558,0.016258455348332618,0.2733437756686687,0.006107103,0.017256922118228896,0.010709898
141941.0,3,0.07775330071500418,0.725942881888665,0.06525225620994801,0.46230062659835613,0.04042401,0.100580344942121,0.0028366053
141944.0,3,0.20334416197705055,0.7827425662850781,0.06714390128284654,0.9863236179106074,0.1011306,0.3313248217204898,0.083066665
141949.0,3,0.3573024591100078,0.6654978094791835,0.05348407569224147,0.9828703452138522,0.2043352,0.8555978609296809,0.49196976
141951.0,3,0.06173045392369132,0.3447421448254136,0.05498770532066528,0.5849050811711605,0.03387151,0.263873424552587,0.12607664
141952.0,3,0.008781402185664335,0.06534550743783706,0.06590615249110199,0.6919504913503143,0.0104616145,0.025127389926599374,0.017023936
141957.0,3,0.6935315744378625,0.524183863252231,0.056764851320529046,0.37153596552221296,0.09139016,0.9130045228252753,0.47040403
141958.0,3,0.15642382314972395,0.9520978305322167,0.18188583946793452,0.6239244193451559,0.096086785,0.2812280895496641,0.00539579
141960.0,3,0.11325595763136545,0.2591762361505377,0.0209359693531911,0.47286585295513367,0.016942592,0.4208698042681847,0.3104449
141961.0,3,0.01459886244371114,0.17384799145420987,0.010267714390331814,0.9029235085854805,0.006647429,0.17369625950802434,0.16762072
141963.0,3,0.24350967743335633,0.912946299119959,0.12400102316510818,0.30080211841804144,0.084851824,0.489129926603819,0.04486254
141966.0,3,0.2400844015204256,0.7389004878868574,0.11728101536775513,0.9758817722327692,0.3219245,0.7115206233201743,0.21203624
141968.0,3,0.7817950818872791,0.8511597643108494,0.27731419632556586,0.9819351718543083,0.15129417,0.7254964666683967,0.037644826
141974.0,3,0.18088317705959217,0.9638442482848446,0.08287241379097915,0.9605270684024927,0.056018326,0.8881348497877345,0.40880522
141976.0,3,0.09355028825494732,0.9197276782872753,0.04472016308363402,0.6780448293685072,0.06879259,0.33339237786490356,0.13056536
141985.0,3,0.5641975293606553,0.6141076110448993,0.017504450389066985,0.45177340138167366,0.044736937,0.34176938625336545,0.03512518
141987.0,3,0.006892509674503329,0.019847484521273055,0.01170089706427328,0.36693305213067773,0.0034856463,0.01914251128035301,0.0074644266
141989.0,3,0.9984589827463516,0.9518620123794805,0.41681601295206017,0.9914595066277194,0.6243238,0.663849995683807,0.058216374
141992.0,3,0.02236238742558893,0.6098573603967121,0.01571462982524836,0.9911286532682758,0.020713689,0.4894535187643182,0.2340117
141994.0,3,0.2975546612085927,0.5155466701422904,0.0531415789503227,0.49458125684614224,0.15232638,0.15926761119731572,0.029615106
141999.0,3,0.0991425934385852,0.8357107917765295,0.0500379097552374,0.9824242170395454,0.081535436,0.7807384252464753,0.12603466
142007.0,3,0.2090711157391763,0.9433458695335444,0.0866983992429474,0.48884533240746686,0.20561016,0.5910015614373068,0.16340719
142015.0,3,0.06782366129717135,0.6369578851517936,0.07149973717722737,0.5419227386912002,0.07295745,0.6069731191543305,0.10270155
142016.0,3,0.30656172403416015,0.34843943217287987,0.058183735916211156,0.33132197242452804,0.021149127,0.36428389470400635,0.03039333
142019.0,3,0.47944902499298786,0.8636439406505947,0.10047515711943278,0.2741145959744385,0.07025383,0.5918950679380406,0.16187522
142020.0,3,0.9911316581710808,0.9486279184717983,0.13686799825937826,0.9963059299075434,0.21043415,0.8170577132639387,0.21358924
142021.0,3,0.6151867055361376,0.8942198506037029,0.08596906900449874,0.1997787707871986,0.48228806,0.553144382067592,0.114760034
142024.0,3,0.4678452791236644,0.9915554384192307,0.1893693498891972,0.4305427512096895,0.049497627,0.17823864649791335,0.015356326
142036.0,3,0.8101181129068791,0.7522196848183831,0.12883345007862576,0.9958147898357643,0.30427614,0.9110543969840266,0.46348804
142047.0,3,0.10359659638209555,0.20596715433495805,0.028388508575775257,0.9832570290292149,0.014409832,0.30601289653416774,0.043797005
142048.0,3,0.023183380804114116,0.017453442229145907,0.008612948474777258,0.1545365342113763,0.0053877276,0.018652085156048433,0.019933008
142051.0,3,0.07017505183638466,0.13342797848734186,0.11159675070419679,0.9884372307348445,0.040255386,0.47729893425145525,0.10531149
142055.0,3,0.3834451788167128,0.9311064879170149,0.08294253485784613,0.36755316373917424,0.073748924,0.8477722517511274,0.26452363
142056.0,3,0.024336689305814698,0.08668078104451087,0.006969352461657212,0.28542811589585243,0.004150396,0.011440728964752707,0.015096949
142058.0,3,0.05681082387189048,0.5917067441409475,0.05992175670067608,0.6107054050427116,0.0074187284,0.054263271557976875,0.021186106
142060.0,3,0.039845973751978306,0.25638529466424,0.02356899340429799,0.5010582083904139,0.018008294,0.3096601935071927,0.012242037
142062.0,3,0.05267337779020572,0.799434604489095,0.7665726805317061,0.9861646336628108,0.4377859,0.864218558067321,0.07259923
142063.0,3,0.01600769069066141,0.07277625599050619,0.006800044054153525,0.3470115003937271,0.005666272,0.2416481546215924,0.19242202
142066.0,3,0.46374985827911364,0.44549756332469465,0.059340983543299294,0.45259458815025816,0.08258748,0.6065032392236026,0.078956395
142067.0,3,0.3724246456136232,0.8955359178178052,0.5949258861676258,0.7239790611452758,0.23898658,0.4898069235484736,0.041705754
142068.0,3,0.011282400435403444,0.14520695563240324,0.0163519341349079,0.3843177300808434,0.0047193523,0.052031994031788514,0.042863533
142069.0,3,0.8931095719050962,0.7481735798474987,0.09625324229646798,0.31084174705466044,0.18001379,0.9025060439946035,0.07866588
142076.0,3,0.2446746623791556,0.816803035428125,0.11277617451944567,0.3345279230915451,0.036021236,0.08350655984491871,0.01456988
142078.0,3,0.9783830766855995,0.962579684142152,0.28314869266121445,0.3777041429129859,0.41083378,0.9282270481278087,0.059711896
142079.0,3,0.9982654815093331,0.9837848721168782,0.10951420024458364,0.9968777816214454,0.27031997,0.9308626127962649,0.4272098
142084.0,3,0.03164679787742847,0.5220044812871827,0.03672298599567003,0.5497580705728107,0.019136,0.042524190892612425,0.018473696
142085.0,3,0.4045211873723919,0.9526991607260634,0.08975519356190678,0.5629798413384771,0.102914624,0.16994047499373918,0.02714381
142095.0,3,0.6320086663539454,0.6178180756457307,0.3339133028886787,0.8291603562199875,0.17212453,0.16935586885605652,0.023432538
142103.0,3,0.11952522226422077,0.8657813277413492,0.3919165636010322,0.4959361225223219,0.6851456,0.2503066749873402,0.13746725
142105.0,3,0.35487751642536564,0.9284621985531953,0.8954360812624524,0.9969212618004877,0.46871662,0.8234958486856999,0.15643933
142106.0,3,0.04208512048071952,0.14265495794510963,0.033810366944050985,0.42488435423859366,0.0047547393,0.47877305190571773,0.07578028
142107.0,3,0.7741629346531373,0.977322183620025,0.06727426116194352,0.9966213836802674,0.17656176,0.8047215996824073,0.738391
142110.0,3,0.6637340941971446,0.9617584931785751,0.15624441445710796,0.9957689880847844,0.17910305,0.8869133954547229,0.2492545
142112.0,3,0.046950848775907064,0.14759692628877363,0.023095329500087594,0.739363229422731,0.0023789057,0.045145280474231594,0.008750888
142115.0,3,0.06514722586716933,0.8190039075088487,0.015716384350407384,0.26316975228663336,0.024369923,0.6515535235459738,0.2687326
142120.0,3,0.014616299854378387,0.4574631155074755,0.010084927713901086,0.3045767885001616,0.011563005,0.2287075226544356,0.034844227
142132.0,3,0.09089460735770884,0.17769532585697845,0.034835329004520174,0.4597463562217283,0.017814107,0.186479542304001,0.006787318
142133.0,3,0.5974218159226151,0.9370022131420486,0.1472785854948496,0.9960352160215376,0.17676337,0.8624729763510129,0.27738738
142145.0,3,0.0009208521270989194,0.28090862403426314,0.010555828843670057,0.3031834108757325,0.006885183,0.3010559295163045,0.043434788
142148.0,3,0.013694097713803945,0.2451808004445841,0.020335136259198923,0.5335328590266142,0.009651807,0.11476674718581727,0.08398087
142152.0,3,0.06764870782761982,0.9411322326971401,0.038534196508722966,0.9604187489625209,0.058900796,0.8445683616371444,0.26906642
142155.0,3,0.020379405667341016,0.19014197483608744,0.03374160257993703,0.6187359992643483,0.08545074,0.03079479353224633,0.026301188
142157.0,3,0.13566624175518613,0.8815419512768463,0.016551239048298742,0.9287068202690328,0.07281973,0.7614951603470484,0.21703245
142161.0,3,0.34487273626134674,0.9753235054554913,0.13232029271642123,0.5902339859216147,0.08172618,0.7328472030750214,0.111016035
142162.0,3,0.5991904063869519,0.8201962640133357,0.9240111125670056,0.3073040514963156,0.7272974,0.5884090290602746,0.06284138
142164.0,3,0.7512035152282013,0.99028926075301,0.07175697644925143,0.9945912139574148,0.07388461,0.11668379019628441,0.09086451
142171.0,3,0.024613921772593767,0.11277222750006519,0.019082012435253884,0.4201296685084019,0.0056087887,0.1990685506764616,0.16351369
142176.0,3,0.30080956480260906,0.9319773419924093,0.10314042296970133,0.9947149798367617,0.026475592,0.7353398507555123,0.20206559
142178.0,3,0.034257642523485336,0.28414892453428753,0.015344958736540773,0.8323887199049901,0.011445871,0.27389104366562717,0.028624646
142185.0,3,0.14034138925102752,0.6992224510354432,0.3163305961512121,0.9900523778844152,0.054812323,0.6570722371994233,0.052433293
142191.0,3,0.2761692895753601,0.892414584227673,0.15397498798503406,0.5102295013034028,0.28751603,0.06381954452647542,0.011191505
142193.0,3,0.118298948241573,0.9455152277838282,0.06480490559938133,0.557850534945334,0.11681132,0.14006952120456975,0.29064894
142197.0,3,0.26925052858564613,0.928027814658005,0.1307082669892104,0.3733820542292875,0.12884562,0.2316185716297214,0.0060578207
142198.0,3,0.3842139803637734,0.6409251044100304,0.09038220733582362,0.33467314028603035,0.12951367,0.797350412389655,0.1281016
142200.0,3,0.14867872707441968,0.5909715052379036,0.4433780487276613,0.24210653436108442,0.07282226,0.18425046020924077,0.026822299
142204.0,3,0.4085527415130622,0.8837302318701892,0.15373017890422383,0.7637751536444972,0.31308043,0.6238487082162658,0.26431978
142206.0,3,0.11455051985659398,0.3276234512208678,0.02272159411064793,0.4336049812679676,0.07311111,0.25779632381900097,0.21545102
142212.0,3,0.283331429091458,0.889713613284853,0.025696720091184587,0.8057278798030165,0.091985814,0.10739236982660876,0.011995596
142213.0,3,0.016888475847715002,0.06073206682208106,0.04242710883885689,0.5928546628900577,0.01766518,0.02000415457301713,0.007981306
142214.0,3,0.03108568178340452,0.16264030860967962,0.06399067157566324,0.5153475884932203,0.06256268,0.051881381909972615,0.04497421
142218.0,3,0.017566272125556455,0.3233714357441192,0.019187023688679316,0.5908750494030186,0.021596393,0.1968895759168462,0.11239836
142221.0,3,0.14394503570763145,0.8084351616108395,0.06189544299514534,0.5370104999202888,0.051261947,0.17458782643007448,0.133279
142227.0,3,0.6472730000017148,0.7687403939152152,0.07811380198358824,0.8985570287231415,0.080123655,0.7871524824744374,0.021581667
142228.0,3,0.3313960976326245,0.6573847097222697,0.0877195670408113,0.4567636177344498,0.15431921,0.6861734711760585,0.007903399
142232.0,3,0.08478768717320867,0.4478525696332337,0.0718529383866383,0.7806687418474957,0.31467798,0.29808358323411055,0.14474608
142236.0,3,0.05844103134166388,0.9389095447216972,0.08787861742726076,0.6360113358169074,0.05531815,0.35639871160163195,0.099453
142239.0,3,0.11010353386912583,0.481671735723512,0.06760782542985586,0.4396380821221736,0.03004557,0.3463771822670898,0.0029548318
142241.0,3,0.9666869992746212,0.8377664651297942,0.0331773941018507,0.9968953546469745,0.042086978,0.8703660691653993,0.5653394
142242.0,3,0.02774845512432712,0.11953588478858894,0.06985524361068411,0.38545050709750983,0.020165732,0.023249965159266,0.02388486
142243.0,3,0.9838937336104695,0.7575258343007996,0.14264611680157818,0.21290801012653593,0.36640993,0.5617166524272881,0.07314961
142245.0,3,0.165422370489151,0.42953173354164687,0.11846688095901613,0.7482526216434789,0.11534488,0.2668080736611488,0.019573882
142247.0,3,0.05973118994860822,0.06895960332257248,0.024428477479199948,0.43432853489594336,0.003291191,0.19669530318090475,0.026761016
142249.0,3,0.9992316790786436,0.4779263328186088,0.03299988124162711,0.9972962148809849,0.118060775,0.9264505279119443,0.3517899
142252.0,3,0.06571079347511877,0.25855354875545566,0.09793690399541478,0.3556126512898866,0.03454256,0.09519594376415937,0.028812882
142253.0,3,0.2138558707339064,0.8791445055998621,0.09566542231028512,0.6160632646216203,0.055533472,0.4155458766366426,0.014435127
142255.0,3,0.10327774749420765,0.51782980455809,0.0783919691213919,0.40608544014133663,0.14074752,0.14642430621140767,0.01732884
142259.0,3,0.1332108085893017,0.8755094380503289,0.07634935603038812,0.9806547273985151,0.39773166,0.8730305274182706,0.17469905
142263.0,3,0.015471589759597967,0.045015015682282125,0.02957174077954569,0.25781259331644,0.006508884,0.022368526306549792,0.0087860245
142264.0,3,0.034446274336182435,0.5724732830505259,0.02636531126102964,0.6275604174004258,0.019514548,0.24323831308227808,0.052577537
142266.0,3,0.10779421294095114,0.8928886475680985,0.09079075361414862,0.35103614548221107,0.11871808,0.7422281550411491,0.0085137505
142267.0,3,0.06536673770083541,0.4265834197275196,0.04693753594209048,0.4964685081856227,0.03673146,0.10591305117576248,0.10323969
142268.0,3,0.08433919931309392,0.5760628854022913,0.02061605129347432,0.7755486098769574,0.011447684,0.027804599217127583,0.043341976
142278.0,3,0.6245384407432958,0.9367821308559928,0.1179414229259284,0.9959128882535462,0.08232895,0.8555836737232514,0.4865467
142287.0,3,0.15675309783712404,0.7318425224856551,0.13078295378298777,0.427088202520626,0.21298984,0.06421709710584073,0.023282852
142288.0,3,0.026214250603657174,0.058890643569027935,0.029455204365777348,0.3001914811196639,0.006710553,0.01841764285437471,0.0034257143
142295.0,3,0.17935495362214163,0.9465576504029857,0.25354677785015445,0.9954151391304126,0.117682524,0.47351783107405104,0.05022981
142299.0,3,0.9836956114713225,0.6867767044573759,0.021033337249945546,0.9968077262525489,0.04009948,0.782241151479234,0.87219983
142300.0,3,0.16486086284530307,0.6697320585579213,0.018959855547133066,0.7531894679286577,0.024522431,0.2662930326851002,0.1201493
142301.0,3,0.5052587243465775,0.8311340625828084,0.1953629337091581,0.47951769610098344,0.58615434,0.4934110385399805,0.030776115
142303.0,3,0.9895803082854212,0.8496400544426111,0.04868866777159674,0.9960801622710885,0.42640135,0.8510437387219038,0.10500996
142305.0,3,0.8393171120632867,0.9219317022316106,0.21272941077822383,0.9964237287324725,0.039693695,0.7405544191901481,0.14394969
142308.0,3,0.055018319108345565,0.22049663333265587,0.032742630118426624,0.4217940012095552,0.027142778,0.13766363758946906,0.007877974
142309.0,3,0.07184586259921694,0.10658601612882533,0.028811698895718944,0.47696334173351584,0.0060958057,0.06517830684642369,0.07133589
